"SKU","Product_Name","Package_Weight_Kg","Package_Height_Cm","Package_Width_Cm","Package_Depth_Cm","Source_Reference"
"004.650.0001","0.5m CAT6A THIN U/UTP LSZH 28 AWG RJ45 Network Cable | Blue","","","","",""
"004.650.0003","1m CAT6A THIN U/UTP LSZH 28 AWG RJ45 Network Cable | Blue","","","","",""
"004.650.0004","1.5m CAT6A THIN U/UTP LSZH 28 AWG RJ45 Network Cable | Blue","","","","",""
"004.650.0005","2m CAT6A THIN U/UTP LSZH 28 AWG RJ45 Network Cable | Blue","","","","",""
"004.650.3001","0.5m CAT6A THIN U/UTP LSZH 28 AWG RJ45 Network Cable | White","","","","",""
"004.002.3002","0.5m RJ45 CAT6 Ethernet Network Cable | White","","","","",""
"004.650.3004","1.5m CAT6A THIN U/UTP LSZH 28 AWG RJ45 Network Cable | White","","","","",""
"004.300.8016","0.75m CAT6A RJ45 S/FTP THIN LSZH 30 AWG Network Cable | Green","","","","",""
"010.005.1005","CAT6A FTP Shielded Keystone Jack","","","","",""
"004.300.3000","0.25m CAT6A RJ45 S/FTP THIN LSZH 30 AWG Network Cable | White","","","","",""
"004.002.0005","2m RJ45 CAT6 Ethernet Network Cable | Blue","","","","",""
"004.650.0006","3m CAT6A THIN U/UTP LSZH 28 AWG RJ45 Network Cable | Blue","","","","",""
"002.008.0002","4Cabling 1RU 19"" Cable Management Rail | 12 Slot Deep","","","","",""
"015.002.0052","LC OM3 / OM4 Multimode Through Coupler DUPLEX","","","","",""
"011.180.0017","3m IEC C13 to Mains 10A Power Cable | Black","","","","",""
"004.100.4002","0.5m CAT6A S/FTP LSZH Ethernet Network Cable | Purple","","","","",""
"004.002.0003","1m RJ45 CAT6 Ethernet Network Cable | Blue","","","","",""
"004.300.6006","3m CAT6A RJ45 S/FTP THIN LSZH 30 AWG Network Cable | Yellow","","","","",""
"004.300.2001","0.5m CAT6A RJ45 S/FTP THIN LSZH 30 AWG Network Cable | Black","","","","",""
"FL.OM4LCLC2M","2m LC-LC OM4 Multimode Fibre Optic Patch Cable | Aqua","","","","",""
"004.650.3003","1m CAT6A THIN U/UTP LSZH 28 AWG RJ45 Network Cable | White","","","","",""
"011.180.1001","1m IEC C13 to C14 Extension Cable M-F | Black","","","","",""
"FL.OS2LCLC2M","2m LC-LC OS1 / OS2 Singlemode Fibre Optic Cable | Yellow","","","","",""
"004.300.0005","2m CAT6A RJ45 S/FTP THIN LSZH 30 AWG Network Cable | Blue","","","","",""
"004.004.0005","2m CAT6 Ultra Thin LSZH Ethernet Network Cable | Blue","","","","",""
"011.180.0029","30cm IEC C14 Mains Socket Power Cable | Black","","","","",""
"004.650.6005","2m CAT6A THIN U/UTP LSZH 28 AWG RJ45 Network Cable | Yellow","","","","",""
"004.300.6000","0.25m CAT6A RJ45 S/FTP THIN LSZH 30 AWG Network Cable | Yellow","","","","",""
"004.100.0005","3m CAT6A S/FTP LSZH Ethernet Network Cable | Blue","","","","",""
"004.300.0016","0.75m CAT6A RJ45 S/FTP THIN LSZH 30 AWG Network Cable | Blue","","","","",""
"005.006.0010","CAT6 RJ45 Inline Coupler","","","","",""
"004.300.2004","1.5m CAT6A RJ45 S/FTP THIN LSZH 30 AWG Network Cable | Black","","","","",""
"004.100.6005","2m CAT6A S/FTP LSZH Ethernet Network Cable | Yellow","","","","",""
"004.001.0001","0.25m RJ45 CAT5E Ethernet Network Cable | Blue","","","","",""
"005.006.0030","Cat 6 Inline Coupler - Punch Down: White","","","","",""
"010.005.1020","4Cabling CAT6A Shielded Field Termination Toolless Plug","","","","",""
"004.300.0003","1m CAT6A RJ45 S/FTP THIN LSZH 30 AWG Network Cable | Blue","","","","",""
"004.650.6003","1m CAT6A THIN U/UTP LSZH 28 AWG RJ45 Network Cable | Yellow","","","","",""
"004.300.2005","2m CAT6A RJ45 S/FTP THIN LSZH 30 AWG Network Cable | Black","","","","",""
"004.650.8004","1.5m CAT6A THIN U/UTP LSZH 28 AWG RJ45 Network Cable | Green","","","","",""
"004.001.7002","0.5m RJ45 CAT5E Ethernet Network Cable | Pink","","","","",""
"005.001.0167","1m USB 2.0 AM-AF Cable","","","","",""
"004.001.4002","0.5m RJ45 CAT5E Ethernet Network Cable | Purple","","","","",""
"004.650.3005","2m CAT6A THIN U/UTP LSZH 28 AWG RJ45 Network Cable | White","","","","",""
"004.004.0001","0.25m CAT6 Ultra Thin LSZH Ethernet Network Cable | Blue","","","","",""
"004.300.0006","3m CAT6A RJ45 S/FTP THIN LSZH 30 AWG Network Cable | Blue","","","","",""
"002.010.0006","4Cabling 1RU 19"" Snap-In Blanking Panel","","","","",""
"004.100.6004","1.5m CAT6A S/FTP LSZH Ethernet Network Cable | Yellow","","","","",""
"004.001.0005","2m RJ45 CAT5E Ethernet Network Cable | Blue","","","","",""
"004.001.7001","0.25m RJ45 CAT5E Ethernet Network Cable | Pink","","","","",""
"011.180.1002","2m IEC C13 to C14 Extension Cable M-F | Black","","","","",""
"FL.OS2LCLC3M","3m LC-LC OS1 / OS2 Singlemode Fibre Optic Cable | Yellow","","","","",""
"006.004.0002","4Cabling 1RU 24 Port Shuttered CAT6 Universal Termination Rack Mount Patch Panel","","","","",""
"004.650.6004","1.5m CAT6A THIN U/UTP LSZH 28 AWG RJ45 Network Cable | Yellow","","","","",""
"004.650.0000","0.25m CAT6A THIN U/UTP LSZH 28 AWG RJ45 Network Cable | Blue","","","","",""
"004.650.0017","2.5m CAT6A THIN U/UTP LSZH 28 AWG RJ45 Network Cable | Blue","","","","",""
"004.004.0006","3m CAT6 Ultra Thin LSZH Ethernet Network Cable | Blue","","","","",""
"004.300.0001","0.5m CAT6A RJ45 S/FTP THIN LSZH 30 AWG Network Cable | Blue","","","","",""
"4DVIDMM2-SGL","2m DVI-Digital to DVI Digital M-M. Single Link Cable","","","","",""
"FL.OS2LCLC1M","1m LC-LC OS1 / OS2 Singlemode Fibre Optic Cable | Yellow","","","","",""
"004.004.0003","1m CAT6 Ultra Thin LSZH Ethernet Network Cable | Blue","","","","",""
"015.002.0084","LC/APC OS1/OS2 Singlemode Through Coupler Flangeless Duplex | Green","","","","",""
"004.001.0002","0.5m RJ45 CAT5E Ethernet Network Cable | Blue","","","","",""
"006.004.0014","Blanking Plug for SC Simplex/LC Duplex","","","","",""
"004.004.8003","1m CAT6 Ultra Thin LSZH Ethernet Network Cable | Green","","","","",""
"004.300.0004","1.5m CAT6A RJ45 S/FTP THIN LSZH 30 AWG Network Cable | Blue","","","","",""
"004.002.0006","3m RJ45 CAT6 Ethernet Network Cable | Blue","","","","",""
"004.650.8001","0.5m CAT6A THIN U/UTP LSZH 28 AWG RJ45 Network Cable | Green","","","","",""
"004.650.7000","0.25m CAT6A THIN U/UTP LSZH 28 AWG RJ45 Network Cable | Grey","","","","",""
"004.300.3001","0.5m CAT6A RJ45 S/FTP THIN LSZH 30 AWG Network Cable | White","","","","",""
"004.004.6003","1m CAT6 Ultra Thin LSZH Ethernet Network Cable | Yellow","","","","",""
"004.300.3004","1.5m CAT6A RJ45 S/FTP THIN LSZH 30 AWG Network Cable | White","","","","",""
"004.650.0002","0.15m CAT6A THIN U/UTP LSZH 28 AWG RJ45 Network Cable | Blue","","","","",""
"004.004.2005","2m CAT6 Ultra Thin LSZH Ethernet Network Cable | Black","","","","",""
"004.004.0004","1.5m CAT6 Ultra Thin LSZH Ethernet Network Cable | Blue","","","","",""
"004.650.1004","1.5m CAT6A THIN U/UTP LSZH 28 AWG RJ45 Network Cable | Red","","","","",""
"011.180.0015","2m IEC C13 10A Power Cable | Black","","","","",""
"P.SOC.MM.LC.UPC.2","LC Multimode UPC Splice-On Connector - 2.0mm Boots","","","","",""
"004.004.3002","0.5m CAT6 Ultra Thin LSZH Ethernet Network Cable | White","","","","",""
"004.650.7005","2m CAT6A THIN U/UTP LSZH 28 AWG RJ45 Network Cable | Grey","","","","",""
"004.002.0004","1.5m RJ45 CAT6 Ethernet Network Cable | Blue","","","","",""
"P.SOC.SM.LC.UPC.2","LC Singlemode UPC Splice-On Connector - 2.0mm Boots","","","","",""
"004.002.3003","1m RJ45 CAT6 Ethernet Network Cable | White","","","","",""
"004.002.4003","1m RJ45 CAT6 Ethernet Network Cable | Purple","","","","",""
"004.100.0003","1.5m CAT6A S/FTP LSZH Ethernet Network Cable | Blue","","","","",""
"004.100.0001","0.5m CAT6A S/FTP LSZH Ethernet Network Cable | Blue","","","","",""
"004.300.4005","2m CAT6A RJ45 S/FTP THIN LSZH 30 AWG Network Cable | Purple","","","","",""
"004.100.6017","2.5m CAT6A S/FTP LSZH Ethernet Network Cable | Yellow","","","","",""
"004.004.4000","0.15m CAT6 Ultra Thin LSZH Ethernet Network Cable | Purple","","","","",""
"016.007.0003","3 Way Keystone Face Plate","","","","",""
"015.002.0026","LC OS1 Singlemode Through Coupler","","","","",""
"004.004.9016","0.75m CAT6 Ultra Thin LSZH Ethernet Network Cable | Grey","","","","",""
"004.002.0007","5m RJ45 CAT6 Ethernet Network Cable | Blue","","","","",""
"004.002.0002","0.5m RJ45 CAT6 Ethernet Network Cable | Blue","","","","",""
"004.002.2005","2m RJ45 CAT6 Ethernet Network Cable | Black","","","","",""
"004.004.9000","0.15m CAT6 Ultra Thin LSZH Ethernet Network Cable | Grey","","","","",""
"015.002.0081","LC OS1/OS2 Singlemode Through Coupler Flangeless Duplex | Blue","","","","",""
"004.018.0009","DVI-Digital to DVI Digital M-M: 0.5m","","","","",""
"004.002.4006","3m RJ45 CAT6 Ethernet Network Cable | Purple","","","","",""
"004.100.9002","0.5m CAT6A S/FTP LSZH Ethernet Network Cable | Pink","","","","",""
"015.010.4103","2m LC Flexi Boot OM4 Multimode Fibre Optic Duplex Patch Lead","","","","",""
"004.300.4001","0.5m CAT6A RJ45 S/FTP THIN LSZH 30 AWG Network Cable | Purple","","","","",""
"004.100.7003","1m CAT6A S/FTP LSZH Ethernet Network Cable | Grey","","","","",""
"004.004.7001","0.25m CAT6 Ultra Thin LSZH Ethernet Network Cable | Pink","","","","",""
"016.000.1010","Brush Wall Plate - White","","","","",""
"004.650.0007","5m CAT6A THIN U/UTP LSZH 28 AWG RJ45 Network Cable | Blue","","","","",""
"010.005.1006","CAT6A Shielded Keystone Coupler","","","","",""
"040.0.0112","4C | Elegant Blank Rigid and Cover Plate","","","","",""
"004.650.2002","0.15m CAT6A THIN U/UTP LSZH 28 AWG RJ45 Network Cable | Black","","","","",""
"040.000.0331","4C | Ultima 1 Gang Switch Grid and Cover Plate - White","","","","",""
"015.002.0073","LC OM3 / OM4 Multimode Through Coupler Flangeless Duplex | Aqua","","","","",""
"004.002.4002","0.5m RJ45 CAT6 Ethernet Network Cable | Purple","","","","",""
"004.002.3001","0.25m RJ45 CAT6 Ethernet Network Cable | White","","","","",""
"004.004.4006","3m CAT6 Ultra Thin LSZH Ethernet Network Cable | Purple","","","","",""
"004.004.2002","0.5m CAT6 Ultra Thin LSZH Ethernet Network Cable | Black","","","","",""
"004.300.2003","1m CAT6A RJ45 S/FTP THIN LSZH 30 AWG Network Cable | Black","","","","",""
"004.650.0016","0.75m CAT6A THIN U/UTP LSZH 28 AWG RJ45 Network Cable | Blue","","","","",""
"004.004.2003","1m CAT6 Ultra Thin LSZH Ethernet Network Cable | Black","","","","",""
"016.008.0001","Single Keystone Surface Mount Box","","","","",""
"004.004.2000","0.15m CAT6 Ultra Thin LSZH Ethernet Network Cable | Black","","","","",""
"004.650.7004","1.5m CAT6A THIN U/UTP LSZH 28 AWG RJ45 Network Cable | Grey","","","","",""
"011.180.1004","1.5m IEC C13 to C14 Extension Cable M-F | Black","","","","",""
"004.650.6001","0.5m CAT6A THIN U/UTP LSZH 28 AWG RJ45 Network Cable | Yellow","","","","",""
"004.100.0000","0.25m CAT6A S/FTP LSZH Ethernet Network Cable | Blue","","","","",""
"004.004.8016","0.75m CAT6 Ultra Thin LSZH Ethernet Network Cable | Green","","","","",""
"008.008.0071","RG6 F-Type Compression Connector FOXTEL APPROVED","","","","",""
"004.004.3007","5m CAT6 Ultra Thin LSZH Ethernet Network Cable | White","","","","",""
"004.002.7004","1.5m RJ45 CAT6 Ethernet Network Cable | Pink","","","","",""
"005.004.0513","1.5m USB 3.2 (3.1 GEN 2x2) USB C M/M Certified Premium Cable | 20G & 100W Support","","","","",""
"011.180.0013","0.5m IEC C13 10A Power Cable | Black","","","","",""
"004.001.2002","0.5m RJ45 CAT5E Ethernet Network Cable | Black","","","","",""
"LE-GFOM4UNI12LU-ECA","LEVITON | 12 Fibre Multimode | Universal Duct Grade Unitube OM4 LSHF/LSZH EuroClass Eca | Per Mtr | Black","","","","",""
"022.002.0234","3m DisplayPort v1.4 Cable Male to Male | 8K @60Hz Black","","","","",""
"022.002.0480","2m Mini DisplayPort Male to Mini DisplayPort Male V:1.2 Cable: Black","","","","",""
"004.650.2006","3m CAT6A THIN U/UTP LSZH 28 AWG RJ45 Network Cable | Black","","","","",""
"004.004.4003","1m CAT6 Ultra Thin LSZH Ethernet Network Cable | Purple","","","","",""
"004.004.8004","1.5m CAT6 Ultra Thin LSZH Ethernet Network Cable | Green","","","","",""
"004.100.0002","1m CAT6A S/FTP LSZH Ethernet Network Cable | Blue","","","","",""
"004.004.9001","0.25m CAT6 Ultra Thin LSZH Ethernet Network Cable | Grey","","","","",""
"004.650.8005","2m CAT6A THIN U/UTP LSZH 28 AWG RJ45 Network Cable | Green","","","","",""
"004.004.0016","0.75m CAT6 Ultra Thin LSZH Ethernet Network Cable | Blue","","","","",""
"004.300.2000","0.25m CAT6A RJ45 S/FTP THIN LSZH 30 AWG Network Cable | Black","","","","",""
"004.001.6002","0.5m RJ45 CAT5E Ethernet Network Cable | Yellow","","","","",""
"004.002.9001","0.25m RJ45 CAT6 Ethernet Network Cable | Grey","","","","",""
"004.650.2016","0.75m CAT6A THIN U/UTP LSZH 28 AWG RJ45 Network Cable | Black","","","","",""
"004.004.9004","1.5m CAT6 Ultra Thin LSZH Ethernet Network Cable | Grey","","","","",""
"004.004.1003","1m CAT6 Ultra Thin LSZH Ethernet Network Cable | Red","","","","",""
"011.180.0012","1.5m IEC C13 10A Power Cable | Black","","","","",""
"004.002.0001","0.25m RJ45 CAT6 Ethernet Network Cable | Blue","","","","",""
"004.004.6005","2m CAT6 Ultra Thin LSZH Ethernet Network Cable | Yellow","","","","",""
"020.010.0150","M6 Cage Nuts Screw Included | 50 Pack Black","","","","",""
"004.100.6001","0.25m CAT6A S/FTP LSZH Ethernet Network Cable | Yellow","","","","",""
"004.004.0007","5m CAT6 Ultra Thin LSZH Ethernet Network Cable | Blue","","","","",""
"FL.OM4LCLC1M","1m LC-LC OM4 Multimode Fibre Optic Patch Cable | Aqua","","","","",""
"004.001.9005","2m RJ45 CAT5E Ethernet Network Cable | Grey","","","","",""
"015.002.0087","SC OM3 / OM4 Multimode Through Coupler Flangeless Simplex | Aqua","","","","",""
"CU2AMAFSI-3.0","USB 2.0 Extension Cable (A Male To A Female) 3M Silver","","","","",""
"004.004.9005","2m CAT6 Ultra Thin LSZH Ethernet Network Cable | Grey","","","","",""
"004.004.6004","1.5m CAT6 Ultra Thin LSZH Ethernet Network Cable | Yellow","","","","",""
"004.300.0000","0.25m CAT6A RJ45 S/FTP THIN LSZH 30 AWG Network Cable | Blue","","","","",""
"004.650.9004","1.5m CAT6A THIN U/UTP LSZH 28 AWG RJ45 Network Cable | Pink","","","","",""
"004.004.4002","0.5m CAT6 Ultra Thin LSZH Ethernet Network Cable | Purple","","","","",""
"FL.OM4LCLC3M","3m LC-LC OM4 Multimode Fibre Optic Patch Cable | Aqua","","","","",""
"005.002.0200","4Cabling 2m USB 2.0 AM - Mini-B 5-pin","","","","",""
"004.002.8003","1m RJ45 CAT6 Ethernet Network Cable | Green","","","","",""
"040.000.0347","4C | Single Surface Socket 10A - White","","","","",""
"004.004.5000","0.15m CAT6 Ultra Thin LSZH Ethernet Network Cable | Orange","","","","",""
"004.004.4016","0.75m CAT6 Ultra Thin LSZH Ethernet Network Cable | Purple","","","","",""
"040.050.0023","4C | 34mm Mounting Block","","","","",""
"011.180.0018","5m IEC C13 to Mains 10A Power Cable | Black","","","","",""
"011.180.1003","3m IEC C13 to C14 Extension Cable M-F | Black","","","","",""
"004.018.0013","DVI-Digital to DVI Digital M-M: 3m","","","","",""
"FL.OM4LCLC1.5M","1.5m LC-LC OM4 Multimode Fibre Optic Patch Cable | Aqua","","","","",""
"022.002.0232","1.5m DisplayPort v1.4 Cable Male to Male | 8K @60Hz Black","","","","",""
"002.008.0001","4Cabling 1RU 19"" Cable Management Rail | 24 Slot","","","","",""
"004.002.2001","0.25m RJ45 CAT6 Ethernet Network Cable | Black","","","","",""
"004.002.3007","5m RJ45 CAT6 Ethernet Network Cable | White","","","","",""
"FL.OS2LCLC5M","5m LC-LC OS1 / OS2 Singlemode Fibre Optic Cable | Yellow","","","","",""
"004.650.1003","1m CAT6A THIN U/UTP LSZH 28 AWG RJ45 Network Cable | Red","","","","",""
"004.004.8002","0.5m CAT6 Ultra Thin LSZH Ethernet Network Cable | Green","","","","",""
"002.010.0001","4Cabling 1RU 19"" Blanking Panel","","","","",""
"004.004.1006","3m CAT6 Ultra Thin LSZH Ethernet Network Cable | Red","","","","",""
"004.650.4001","0.5m CAT6A THIN U/UTP LSZH 28 AWG RJ45 Network Cable | Purple","","","","",""
"004.004.5003","1m CAT6 Ultra Thin LSZH Ethernet Network Cable | Orange","","","","",""
"004.004.2004","1.5m CAT6 Ultra Thin LSZH Ethernet Network Cable | Black","","","","",""
"022.009.2001","1m Premium Certified High Speed HDMI® Cable with Ethernet | Supports 4K@60Hz","","","","",""
"004.100.2001","0.25m CAT6A S/FTP LSZH Ethernet Network Cable | Black","","","","",""
"010.005.1030","4C | Cat 6 & 6A Data Patch Module Din Rail Mounted","","","","",""
"004.100.6006","3m CAT6A S/FTP LSZH Ethernet Network Cable | Yellow","","","","",""
"011.180.1100","2m IEC C14 to C15 High Temperature Extension Cable | Black","","","","",""
"004.650.2005","2m CAT6A THIN U/UTP LSZH 28 AWG RJ45 Network Cable | Black","","","","",""
"FL.OM4LCLC05MP","0.5m LC-LC OM4 Multimode Backwards compatible with OM3 Fibre Optic Cable: Salmon Pink 2mm Oversleeving","","","","",""
"004.650.3000","0.25m CAT6A THIN U/UTP LSZH 28 AWG RJ45 Network Cable | White","","","","",""
"FL.OM4LCLC2MP","2m LC-LC OM4 Multimode Fibre Optic Cable: Salmon Pink - 2mm Oversleeving","","","","",""
"004.004.9002","0.5m CAT6 Ultra Thin LSZH Ethernet Network Cable | Grey","","","","",""
"005.001.0174","USB 2.0 AM-BM Cable: 2m","","","","",""
"015.002.0086","SC/APC OS1/OS2 Singlemode Through Coupler Flangeless Simplex| Green","","","","",""
"FL.OM4LCLC05M","0.5m LC-LC OM4 Multimode Fibre Optic Patch Cable | Aqua","","","","",""
"FL.OS2LCSC1M","1m LC-SC OS1 / OS2 Singlemode Fibre Optic Cable | Yellow","","","","",""
"002.008.0030","4Cabling 1RU 19"" Cable Management Rail | 5 Plastic Ring","","","","",""
"004.002.0008","10m RJ45 CAT6 Ethernet Network Cable | Blue","","","","",""
"FL.OS2LCLC05M","0.5m LC-LC OS1 / OS2 Singlemode Fibre Optic Cable | Yellow","","","","",""
"022.009.2002","2m Premium Certified High Speed HDMI® Cable with Ethernet | Supports 4K@60Hz","","","","",""
"011.180.5001","1m IEC C14 to C5 Power Cord: Black","","","","",""
"004.004.4001","0.25m CAT6 Ultra Thin LSZH Ethernet Network Cable | Purple","","","","",""
"004.650.3002","0.15m CAT6A THIN U/UTP LSZH 28 AWG RJ45 Network Cable | White","","","","",""
"015.010.4101","1m LC Flexi Boot OM4 Multimode Fibre Optic Duplex Patch Lead","","","","",""
"004.300.3005","2m CAT6A RJ45 S/FTP THIN LSZH 30 AWG Network Cable | White","","","","",""
"011.180.0021","IEC C5 Clover Leaf Style Appliance Power Cable Black 2M","","","","",""
"FL.OM4LCLC5M","5m LC-LC OM4 Multimode Fibre Optic Patch Cable | Aqua","","","","",""
"004.650.2001","0.5m CAT6A THIN U/UTP LSZH 28 AWG RJ45 Network Cable | Black","","","","",""
"022.002.0233","2m DisplayPort v1.4 Cable Male to Male | 8K @60Hz Black","","","","",""
"004.300.8000","0.25m CAT6A RJ45 S/FTP THIN LSZH 30 AWG Network Cable | Green","","","","",""
"004.300.1001","0.5m CAT6A RJ45 S/FTP THIN LSZH 30 AWG Network Cable | Red","","","","",""
"004.300.8001","0.5m CAT6A RJ45 S/FTP THIN LSZH 30 AWG Network Cable | Green","","","","",""
"004.002.9016","0.75m RJ45 CAT6 Ethernet Network Cable | Grey","","","","",""
"015.002.0024","ST Through Coupler","","","","",""
"004.004.1002","0.5m CAT6 Ultra Thin LSZH Ethernet Network Cable | Red","","","","",""
"004.100.1001","0.25m CAT6A S/FTP LSZH Ethernet Network Cable | Red","","","","",""
"004.300.5000","0.25m CAT6A RJ45 S/FTP THIN LSZH 30 AWG Network Cable | Orange","","","","",""
"004.002.2008","10m RJ45 CAT6 Ethernet Network Cable | Black","","","","",""
"004.100.8001","0.25m CAT6A S/FTP LSZH Ethernet Network Cable | Green","","","","",""
"004.650.0018","4m CAT6A THIN U/UTP LSZH 28 AWG RJ45 Network Cable | Blue","","","","",""
"004.100.4006","3m CAT6A S/FTP LSZH Ethernet Network Cable | Purple","","","","",""
"004.300.1003","1m CAT6A RJ45 S/FTP THIN LSZH 30 AWG Network Cable | Red","","","","",""
"011.180.1015","IEC C13 Power Cord 10A 2m White","","","","",""
"004.100.7004","1.5m CAT6A S/FTP LSZH Ethernet Network Cable | Grey","","","","",""
"004.004.0002","0.5m CAT6 Ultra Thin LSZH Ethernet Network Cable | Blue","","","","",""
"004.300.2007","5m CAT6A RJ45 S/FTP THIN LSZH 30 AWG Network Cable | Black","","","","",""
"004.650.9005","2m CAT6A THIN U/UTP LSZH 28 AWG RJ45 Network Cable | Pink","","","","",""
"004.004.6016","0.75m CAT6 Ultra Thin LSZH Ethernet Network Cable | Yellow","","","","",""
"004.650.3006","3m CAT6A THIN U/UTP LSZH 28 AWG RJ45 Network Cable | White","","","","",""
"004.650.6002","0.15m CAT6A THIN U/UTP LSZH 28 AWG RJ45 Network Cable | Yellow","","","","",""
"040.000.0015","4C | Classic Double Power Point 250V 10A - Horizontal","","","","",""
"004.002.6001","0.25m RJ45 CAT6 Ethernet Network Cable | Yellow","","","","",""
"004.004.4017","2.5m CAT6 Ultra Thin LSZH Ethernet Network Cable | Purple","","","","",""
"004.100.9001","0.25m CAT6A S/FTP LSZH Ethernet Network Cable | Pink","","","","",""
"004.004.2016","0.75m CAT6 Ultra Thin LSZH Ethernet Network Cable | Black","","","","",""
"004.001.0006","3m RJ45 CAT5E Ethernet Network Cable | Blue","","","","",""
"004.300.6005","2m CAT6A RJ45 S/FTP THIN LSZH 30 AWG Network Cable | Yellow","","","","",""
"004.002.7002","0.5m RJ45 CAT6 Ethernet Network Cable | Pink","","","","",""
"011.180.1101","1m IEC C14 to C15 High Temperature Extension Cable | Black","","","","",""
"004.100.3004","1.5m CAT6A S/FTP LSZH Ethernet Network Cable | White","","","","",""
"004.650.9003","1m CAT6A THIN U/UTP LSZH 28 AWG RJ45 Network Cable | Pink","","","","",""
"004.650.2004","1.5m CAT6A THIN U/UTP LSZH 28 AWG RJ45 Network Cable | Black","","","","",""
"011.180.1420","2m IEC C14 to C15 High Temperature Power Cable Red","","","","",""
"004.300.7004","1.5m CAT6A RJ45 S/FTP THIN LSZH 30 AWG Network Cable | Grey","","","","",""
"004.002.3006","3m RJ45 CAT6 Ethernet Network Cable | White","","","","",""
"040.000.0310","4C | Classic Double Power Point 250V 15A - Horizontal","","","","",""
"010.005.0012.10PACK","Cat6A Tool-Free RJ45 Keystone Jacks (10-Pack) | Unshielded, Shuttered, Black for 10GbE Networks","","","","",""
"004.001.0007","5m RJ45 CAT5E Ethernet Network Cable | Blue","","","","",""
"004.004.7003","1m CAT6 Ultra Thin LSZH Ethernet Network Cable | Pink","","","","",""
"004.300.4000","0.25m CAT6A RJ45 S/FTP THIN LSZH 30 AWG Network Cable | Purple","","","","",""
"005.004.5005","1.2m USB 3.2 (GEN 2x2) USB Type C Male Cable | Supports 20Gbps and 100W","","","","",""
"004.002.4005","2m RJ45 CAT6 Ethernet Network Cable | Purple","","","","",""
"004.300.5003","1m CAT6A RJ45 S/FTP THIN LSZH 30 AWG Network Cable | Orange","","","","",""
"004.100.9005","2m CAT6A S/FTP LSZH Ethernet Network Cable | Pink","","","","",""
"010.004.1002","CAT6 RJ45 Keystone Jack | 10 Pack White","","","","",""
"004.300.2017","2.5m CAT6A RJ45 S/FTP THIN LSZH 30 AWG Network Cable | Black","","","","",""
"004.300.6003","1m CAT6A RJ45 S/FTP THIN LSZH 30 AWG Network Cable | Yellow","","","","",""
"004.300.2006","3m CAT6A RJ45 S/FTP THIN LSZH 30 AWG Network Cable | Black","","","","",""
"004.300.1000","0.25m CAT6A RJ45 S/FTP THIN LSZH 30 AWG Network Cable | Red","","","","",""
"004.004.9017","2.5m CAT6 Ultra Thin LSZH Ethernet Network Cable | Grey","","","","",""
"015.002.0082","SC OS1/OS2 Singlemode Through Coupler Flangeless Duplex | Blue","","","","",""
"004.002.3004","1.5m RJ45 CAT6 Ethernet Network Cable | White","","","","",""
"004.004.5017","2.5m CAT6 Ultra Thin LSZH Ethernet Network Cable | Orange","","","","",""
"011.180.4036","0.5m IEC Y-Cord - 1 x C14 to 2 x C13","","","","",""
"011.180.0014","1m IEC C13 10A Power Cable | Black","","","","",""
"005.001.0166","USB 2.0 AM-BM Cable: 5m","","","","",""
"010.005.0011.10PACK","Cat6A Tool-Free RJ45 Keystone Jacks (10-Pack) | Unshielded, Shuttered, White for 10GbE Networks","","","","",""
"015.012.1302","2m Fibre Pigtail LC OS1 / OS2 Singlemode | 12 Pack Rainbow","","","","",""
"011.060.0027","Cable Ties - Nylon 100mm(L) x 2.5mm (W) Black | Bag of 100","","","","",""
"011.180.1318","IEC C13 to C14 Extension Cord Blue 2M","","","","",""
"FL.OM4LCLC1MP","1m LC-LC OM4 Multimode Fibre Optic Cable: Salmon Pink","","","","",""
"011.180.0016","2m Right Angle IEC C13 10A Power Cable | Black","","","","",""
"004.300.6004","1.5m CAT6A RJ45 S/FTP THIN LSZH 30 AWG Network Cable | Yellow","","","","",""
"004.004.1005","2m CAT6 Ultra Thin LSZH Ethernet Network Cable | Red","","","","",""
"004.004.8001","0.25m CAT6 Ultra Thin LSZH Ethernet Network Cable | Green","","","","",""
"040.000.0338","4C | Classic Blank Plate","","","","",""
"004.650.7006","3m CAT6A THIN U/UTP LSZH 28 AWG RJ45 Network Cable | Grey","","","","",""
"004.002.7006","3m RJ45 CAT6 Ethernet Network Cable | Pink","","","","",""
"004.100.7005","2m CAT6A S/FTP LSZH Ethernet Network Cable | Grey","","","","",""
"004.650.9002","0.15m CAT6A THIN U/UTP LSZH 28 AWG RJ45 Network Cable | Pink","","","","",""
"004.650.4005","2m CAT6A THIN U/UTP LSZH 28 AWG RJ45 Network Cable | Purple","","","","",""
"004.018.0015","DVI-Digital to DVI Digital M-M dual link: 5m","","","","",""
"004.004.2006","3m CAT6 Ultra Thin LSZH Ethernet Network Cable | Black","","","","",""
"004.650.1006","3m CAT6A THIN U/UTP LSZH 28 AWG RJ45 Network Cable | Red","","","","",""
"010.004.1001U","Australian Style CAT6 RJ45 Jack Universal Termination | 10 Pack White","","","","",""
"004.650.9016","0.75m CAT6A THIN U/UTP LSZH 28 AWG RJ45 Network Cable | Pink","","","","",""
"005.012.0007","RJ45 Cable Boots - 10 Pack-Black","","","","",""
"CA-AD-HAFMHDM","HDMI A type Female to Micro HDMI D type Male Adapter","","","","",""
"004.650.5016","0.75m CAT6A THIN U/UTP LSZH 28 AWG RJ45 Network Cable | Orange","","","","",""
"011.180.1218","IEC C13 to C14 Power Cable Red 2M","","","","",""
"004.001.1006","3m RJ45 CAT5E Ethernet Network Cable | Red","","","","",""
"005.012.0000","RJ45 Cable Boots - 10 Pack-Blue","","","","",""
"011.180.0005","0.5m IEC C13 to C14 Extension Cable M-F | Black","","","","",""
"040.000.0075","4C | Ultima Double Power Point 250V 10A | Horizontal","","","","",""
"004.004.3006","3m CAT6 Ultra Thin LSZH Ethernet Network Cable | White","","","","",""
"004.004.8007","5m CAT6 Ultra Thin LSZH Ethernet Network Cable | Green","","","","",""
"004.004.2001","0.25m CAT6 Ultra Thin LSZH Ethernet Network Cable | Black","","","","",""
"004.004.3003","1m CAT6 Ultra Thin LSZH Ethernet Network Cable | White","","","","",""
"004.004.3017","2.5m CAT6 Ultra Thin LSZH Ethernet Network Cable | White","","","","",""
"004.004.6002","0.5m CAT6 Ultra Thin LSZH Ethernet Network Cable | Yellow","","","","",""
"004.001.2003","1m RJ45 CAT5E Ethernet Network Cable | Black","","","","",""
"004.004.3001","0.25m CAT6 Ultra Thin LSZH Ethernet Network Cable | White","","","","",""
"040.0.0094","4C | Elegant Single Power Point 250V 10A | Horizontal","","","","",""
"004.300.0017","2.5m CAT6A RJ45 S/FTP THIN LSZH 30 AWG Network Cable | Blue","","","","",""
"011.180.1505","0.5m IEC C14 to C15 High Temperature Power Cable Blue","","","","",""
"004.002.1002","0.5m RJ45 CAT6 Ethernet Network Cable | Red","","","","",""
"004.650.1016","0.75m CAT6A THIN U/UTP LSZH 28 AWG RJ45 Network Cable | Red","","","","",""
"004.002.2007","5m RJ45 CAT6 Ethernet Network Cable | Black","","","","",""
"011.180.0047","IEC C19 to C20 Power Cable 15A Black 5M","","","","",""
"040.000.0368","4C | Industrial Phase Isolated Straight Plug IP66 250V 3Pin 20A","","","","",""
"FL.OM4LCLC3MB","3m LC-LC OM4 Multimode Fibre Optic Cable: Blue","","","","",""
"004.002.9004","1.5m RJ45 CAT6 Ethernet Network Cable | Grey","","","","",""
"FL.OS2LCLC1.5M","1.5m LC-LC OS1 / OS2 Singlemode Fibre Optic Cable | Yellow","","","","",""
"004.002.8001","0.25m RJ45 CAT6 Ethernet Network Cable | Green","","","","",""
"004.650.1002","0.15m CAT6A THIN U/UTP LSZH 28 AWG RJ45 Network Cable | Red","","","","",""
"004.650.0020","10m CAT6A THIN U/UTP LSZH 28 AWG RJ45 Network Cable | Blue","","","","",""
"040.000.0081","4C | Ultima Cover Plate for all Switches and Socket Outlets","","","","",""
"004.002.2006","3m RJ45 CAT6 Ethernet Network Cable | Black","","","","",""
"FL.OM4LCLC2MBL","2m LC-LC OM4 Multimode Fibre Optic Patch Cable: Black","","","","",""
"004.650.4016","0.75m CAT6A THIN U/UTP LSZH 28 AWG RJ45 Network Cable | Purple","","","","",""
"015.002.0083","SC OS1/OS2 Singlemode Through Coupler Flangeless Simplex | Blue","","","","",""
"004.002.7005","2m RJ45 CAT6 Ethernet Network Cable | Pink","","","","",""
"004.100.6010","10m CAT6A S/FTP LSZH Ethernet Network Cable | Yellow","","","","",""
"004.650.6006","3m CAT6A THIN U/UTP LSZH 28 AWG RJ45 Network Cable | Yellow","","","","",""
"004.002.0016","0.75m RJ45 CAT6 Ethernet Network Cable | Blue","","","","",""
"004.002.7016","0.75m RJ45 CAT6 Ethernet Network Cable | Pink","","","","",""
"022.002.0235","5m DisplayPort v1.4 Cable Male to Male | 8K @60Hz Black","","","","",""
"004.004.4004","1.5m CAT6 Ultra Thin LSZH Ethernet Network Cable | Purple","","","","",""
"004.650.7016","0.75m CAT6A THIN U/UTP LSZH 28 AWG RJ45 Network Cable | Grey","","","","",""
"004.002.9002","0.5m RJ45 CAT6 Ethernet Network Cable | Grey","","","","",""
"004.004.2018","4m CAT6 Ultra Thin LSZH Ethernet Network Cable | Black","","","","",""
"004.004.0017","2.5m CAT6 Ultra Thin LSZH Ethernet Network Cable | Blue","","","","",""
"011.180.0035","IEC Y-Cord - 2 x C13 to Main Socket - 2m","","","","",""
"004.004.0001.10PACK","0.25m CAT6 Ultra Thin LSZH Ethernet Network Cable | 10 Pack Blue","","","","",""
"004.004.4007","5m CAT6 Ultra Thin LSZH Ethernet Network Cable | Purple","","","","",""
"004.004.5001","0.25m CAT6 Ultra Thin LSZH Ethernet Network Cable | Orange","","","","",""
"004.300.3003","1m CAT6A RJ45 S/FTP THIN LSZH 30 AWG Network Cable | White","","","","",""
"004.100.7001","0.25m CAT6A S/FTP LSZH Ethernet Network Cable | Grey","","","","",""
"005.004.0600","1m USB 3.1 (GEN 2x1) USB AM to CM Certified Premium Cable | 10G & 60W Support","","","","",""
"004.650.2017","2.5m CAT6A THIN U/UTP LSZH 28 AWG RJ45 Network Cable | Black","","","","",""
"004.650.2003","1m CAT6A THIN U/UTP LSZH 28 AWG RJ45 Network Cable | Black","","","","",""
"004.004.8006","3m CAT6 Ultra Thin LSZH Ethernet Network Cable | Green","","","","",""
"004.004.1000","0.15m CAT6 Ultra Thin LSZH Ethernet Network Cable | Red","","","","",""
"FL.OS2LCLC1MBL","1m LC-LC OS1 / OS2 Singlemode Fibre Optic Cable: Black","","","","",""
"004.002.3005","2m RJ45 CAT6 Ethernet Network Cable | White","","","","",""
"004.100.6003","1m CAT6A S/FTP LSZH Ethernet Network Cable | Yellow","","","","",""
"004.300.4006","3m CAT6A RJ45 S/FTP THIN LSZH 30 AWG Network Cable | Purple","","","","",""
"040.000.0356","4C | Ultima Blank Plate - White","","","","",""
"004.100.5006","3m CAT6A S/FTP LSZH Ethernet Network Cable | Orange","","","","",""
"011.180.1102","3M IEC C14 to C15 High Temperature Extension Cable | Black","","","","",""
"004.001.0003","1m RJ45 CAT5E Ethernet Network Cable | Blue","","","","",""
"004.100.2006","3m CAT6A S/FTP LSZH Ethernet Network Cable | Black","","","","",""
"004.002.6005","2m RJ45 CAT6 Ethernet Network Cable | Yellow","","","","",""
"004.004.2007","5m CAT6 Ultra Thin LSZH Ethernet Network Cable | Black","","","","",""
"004.650.8003","1m CAT6A THIN U/UTP LSZH 28 AWG RJ45 Network Cable | Green","","","","",""
"004.650.8016","0.75m CAT6A THIN U/UTP LSZH 28 AWG RJ45 Network Cable | Green","","","","",""
"004.300.8006","3m CAT6A RJ45 S/FTP THIN LSZH 30 AWG Network Cable | Green","","","","",""
"004.004.1001","0.25m CAT6 Ultra Thin LSZH Ethernet Network Cable | Red","","","","",""
"004.004.8000","0.15m CAT6 Ultra Thin LSZH Ethernet Network Cable | Green","","","","",""
"004.650.1001","0.5m CAT6A THIN U/UTP LSZH 28 AWG RJ45 Network Cable | Red","","","","",""
"011.180.1205","IEC C13 to C14 Power Cable Red 0.5m","","","","",""
"011.180.0031","IEC C7 Figure 8 Appliance Power Cable Black 10M","","","","",""
"040.000.0022","4C | Classic 2 Gang Switch Grid and Cover Plate - White","","","","",""
"004.300.4007","5m CAT6A RJ45 S/FTP THIN LSZH 30 AWG Network Cable | Purple","","","","",""
"004.300.4016","0.75m CAT6A RJ45 S/FTP THIN LSZH 30 AWG Network Cable | Purple","","","","",""
"FL.OM4LCLC10M","10m LC-LC OM4 Multimode Fibre Optic Patch Cable | Aqua","","","","",""
"004.100.3003","1m CAT6A S/FTP LSZH Ethernet Network Cable | White","","","","",""
"008.008.0067","RG6 Male Crimp Connector","","","","",""
"011.180.1210","IEC C13 to C14 Power Cable Red 1M","","","","",""
"004.002.1001","0.25m RJ45 CAT6 Ethernet Network Cable | Red","","","","",""
"011.180.0019","2m IEC Right Angle Mains with C13 Power Cable | Black","","","","",""
"004.002.5005","2m RJ45 CAT6 Ethernet Network Cable | Orange","","","","",""
"022.002.0306","0.5m HDMI Male to DVI-D Dual Link Male","","","","",""
"004.002.5002","0.5m RJ45 CAT6 Ethernet Network Cable | Orange","","","","",""
"002.008.3131","4Cabling Self Adhesive Hook & Loop Cable Holders | 10 Pack Black","","","","",""
"022.002.0329","15cm Displayport (Active) Male v1.4 to Female HDMI 2.0 Adaptor 4K2K 60Hz","","","","",""
"011.180.1520","2m IEC C14 to C15 High Temperature Power Cable Blue","","","","",""
"004.100.8005","2m CAT6A S/FTP LSZH Ethernet Network Cable | Green","","","","",""
"011.180.0050","IEC C5 Clover Leaf Style Appliance Power Cable Black 1.5M","","","","",""
"004.002.8006","3m RJ45 CAT6 Ethernet Network Cable | Green","","","","",""
"004.300.7005","2m CAT6A RJ45 S/FTP THIN LSZH 30 AWG Network Cable | Grey","","","","",""
"004.002.5004","1.5m RJ45 CAT6 Ethernet Network Cable | Orange","","","","",""
"004.100.5005","2m CAT6A S/FTP LSZH Ethernet Network Cable | Orange","","","","",""
"004.300.8005","2m CAT6A RJ45 S/FTP THIN LSZH 30 AWG Network Cable | Green","","","","",""
"004.002.7001","0.25m RJ45 CAT6 Ethernet Network Cable | Pink","","","","",""
"004.300.1004","1.5m CAT6A RJ45 S/FTP THIN LSZH 30 AWG Network Cable | Red","","","","",""
"004.650.4003","1m CAT6A THIN U/UTP LSZH 28 AWG RJ45 Network Cable | Purple","","","","",""
"004.100.8003","1m CAT6A S/FTP LSZH Ethernet Network Cable | Green","","","","",""
"005.006.0051","RJ45F to DB9F Adaptor - Re-wireable","","","","",""
"FL.OS2LCLC10M","10m LC-LC OS1 / OS2 Singlemode Fibre Optic Cable | Yellow","","","","",""
"004.100.6002","0.5m CAT6A S/FTP LSZH Ethernet Network Cable | Yellow","","","","",""
"004.650.2000","0.25m CAT6A THIN U/UTP LSZH 28 AWG RJ45 Network Cable | Black","","","","",""
"004.650.5004","1.5m CAT6A THIN U/UTP LSZH 28 AWG RJ45 Network Cable | Orange","","","","",""
"022.002.0345","5m DisplayPort Male to HDMI® Male Cable | Supports 4K@60Hz as specified in HDMI 2.0","","","","",""
"004.650.2007","5m CAT6A THIN U/UTP LSZH 28 AWG RJ45 Network Cable | Black","","","","",""
"004.002.8002","0.5m RJ45 CAT6 Ethernet Network Cable | Green","","","","",""
"004.300.9001","0.5m CAT6A RJ45 S/FTP THIN LSZH 30 AWG Network Cable | Pink","","","","",""
"004.650.5005","2m CAT6A THIN U/UTP LSZH 28 AWG RJ45 Network Cable | Orange","","","","",""
"005.001.0180","10M USB 2.0 AM-AF Active Extension Cable Black","","","","",""
"002.010.0007","4Cabling 2RU 19"" Snap-In Blanking Panel","","","","",""
"004.002.9005","2m RJ45 CAT6 Ethernet Network Cable | Grey","","","","",""
"004.300.8003","1m CAT6A RJ45 S/FTP THIN LSZH 30 AWG Network Cable | Green","","","","",""
"SLD.C6UTP.BLUE.R","CAT6 Ethernet Cable Reel Box UTP LAN Cable w/ Solid Conductor | 305m Blue","","","","",""
"004.002.1003","1m RJ45 CAT6 Ethernet Network Cable | Red","","","","",""
"004.100.3001","0.25m CAT6A S/FTP LSZH Ethernet Network Cable | White","","","","",""
"013.012.1024","1m Rubber Floor Cable Protector with 32mm Channel","","","","",""
"004.004.0018","4m CAT6 Ultra Thin LSZH Ethernet Network Cable | Blue","","","","",""
"009.009.0132","1.8m Console Cable USB to RJ45 | 1.8m USB 2.0 Full Speed compatible | Light Blue","","","","",""
"004.002.3008","10m RJ45 CAT6 Ethernet Network Cable | White","","","","",""
"040.0.0097","4C | Elegant Single Power Point 250V 15A | Vertical","","","","",""
"004.002.8004","1.5m RJ45 CAT6 Ethernet Network Cable | Green","","","","",""
"004.300.8004","1.5m CAT6A RJ45 S/FTP THIN LSZH 30 AWG Network Cable | Green","","","","",""
"004.004.6001","0.25m CAT6 Ultra Thin LSZH Ethernet Network Cable | Yellow","","","","",""
"FL.OM4LCLC1MB","1m LC-LC OM4 Multimode Fibre Optic Cable: Blue","","","","",""
"003.023.1530","Hook & Loop Tape Cable Tie - 30m Roll x 15mm Wide | Black","","","","",""
"004.650.6016","0.75m CAT6A THIN U/UTP LSZH 28 AWG RJ45 Network Cable | Yellow","","","","",""
"004.650.9000","0.25m CAT6A THIN U/UTP LSZH 28 AWG RJ45 Network Cable | Pink","","","","",""
"004.002.9006","3m RJ45 CAT6 Ethernet Network Cable | Grey","","","","",""
"040.000.0332","4C | Ultima 2 Gang Switch Grid and Cover Plate - White","","","","",""
"004.650.6000","0.25m CAT6A THIN U/UTP LSZH 28 AWG RJ45 Network Cable | Yellow","","","","",""
"004.004.6000","0.15m CAT6 Ultra Thin LSZH Ethernet Network Cable | Yellow","","","","",""
"004.002.6004","1.5m RJ45 CAT6 Ethernet Network Cable | Yellow","","","","",""
"004.650.1005","2m CAT6A THIN U/UTP LSZH 28 AWG RJ45 Network Cable | Red","","","","",""
"004.100.5002","0.5m CAT6A S/FTP LSZH Ethernet Network Cable | Orange","","","","",""
"011.180.0022","IEC C5 Clover Leaf Style Appliance Power Cable Black 3M","","","","",""
"004.100.6020","15m CAT6A S/FTP LSZH Ethernet Network Cable | Yellow","","","","",""
"040.000.0223","4C | Weatherproof Single Power Point IP53 250V 10A","","","","",""
"004.100.5003","1m CAT6A S/FTP LSZH Ethernet Network Cable | Orange","","","","",""
"011.180.0028","5m IEC C7 Figure 8 Appliance Power Cable | Black","","","","",""
"015.002.0070","SC/APC Singlemode Through Coupler DUPLEX","","","","",""
"004.002.7003","1m RJ45 CAT6 Ethernet Network Cable | Pink","","","","",""
"022.009.2005","5m Premium Certified High Speed HDMI® Cable with Ethernet | Supports 4K@60Hz","","","","",""
"004.002.6002","0.5m RJ45 CAT6 Ethernet Network Cable | Yellow","","","","",""
"004.004.9018","4m CAT6 Ultra Thin LSZH Ethernet Network Cable | Grey","","","","",""
"004.300.1005","2m CAT6A RJ45 S/FTP THIN LSZH 30 AWG Network Cable | Red","","","","",""
"011.180.0043","2m IEC C19 to Mains Power Cable 15A Black","","","","",""
"022.008.0023","3m Premium High Speed HDMI® Extension Cable M-F | Supports 4K@60Hz as specified in HDMI 2.0","","","","",""
"004.004.8017","2.5m CAT6 Ultra Thin LSZH Ethernet Network Cable | Green","","","","",""
"040.0.0113","4C | Elegant 1 Gang Rigid and Cover plate - White","","","","",""
"004.004.0005.10PACK","2m CAT6 Ultra Thin LSZH Ethernet Network Cable | 10 Pack Blue","","","","",""
"PP.24PFTP.UL","4Cabling 1RU 24 Port Shielded Patch Panel | Unloaded","","","","",""
"004.002.6003","1m RJ45 CAT6 Ethernet Network Cable | Yellow","","","","",""
"004.002.5001","0.25m RJ45 CAT6 Ethernet Network Cable | Orange","","","","",""
"004.004.1004","1.5m CAT6 Ultra Thin LSZH Ethernet Network Cable | Red","","","","",""
"002.008.1101","4Cabling 1RU Lacing Bar Cable Management | 100mm Deep","","","","",""
"FL.OM4LCLC2MR","2m LC-LC OM4 Multimode Fibre Optic Patch Cable: Red","","","","",""
"005.002.0102","2m USB 2.0 AM-Micro BM Cables","","","","",""
"004.004.8005","2m CAT6 Ultra Thin LSZH Ethernet Network Cable | Green","","","","",""
"004.001.5001","0.25m RJ45 CAT5E Ethernet Network Cable | Orange","","","","",""
"004.650.5003","1m CAT6A THIN U/UTP LSZH 28 AWG RJ45 Network Cable | Orange","","","","",""
"004.100.8018","4m CAT6A S/FTP LSZH Ethernet Network Cable | Green","","","","",""
"004.004.3016","0.75m CAT6 Ultra Thin LSZH Ethernet Network Cable | White","","","","",""
"011.180.1834","3m Medical IEC C7 to 10A Mains Power Cord | Orange","","","","",""
"004.004.5002","0.5m CAT6 Ultra Thin LSZH Ethernet Network Cable | Orange","","","","",""
"005.005.0014","CAT6 RJ45 Snap-In Keystone Inline Coupler | 10 Pack Black","","","","",""
"004.002.4001","0.25m RJ45 CAT6 Ethernet Network Cable | Purple","","","","",""
"004.650.3016","0.75m CAT6A THIN U/UTP LSZH 28 AWG RJ45 Network Cable | White","","","","",""
"004.001.2004","1.5m RJ45 CAT5E Ethernet Network Cable | Black","","","","",""
"004.004.7006","3m CAT6 Ultra Thin LSZH Ethernet Network Cable | Pink","","","","",""
"002.008.0009","1RU 19"" Metal Cable Management Rail | 12 Slot","","","","",""
"004.100.0010","10m CAT6A S/FTP LSZH Ethernet Network Cable | Blue","","","","",""
"004.100.8016","0.75m CAT6A S/FTP LSZH Ethernet Network Cable | Green","","","","",""
"005.001.0163","USB 2.0 AM-AM Cable: 3m","","","","",""
"FL.OS2LCLC2MP","2m LC-LC OS1 / OS2 Singlemode Fibre Optic Cable: Salmon Pink","","","","",""
"004.650.1007","5m CAT6A THIN U/UTP LSZH 28 AWG RJ45 Network Cable | Red","","","","",""
"022.002.0383","1.5m Mini DisplayPort Male to DisplayPort Male Cable: Black","","","","",""
"004.002.5003","1m RJ45 CAT6 Ethernet Network Cable | Orange","","","","",""
"022.008.0022","2m Premium High Speed HDMI® Extension Cable M-F | Supports 4K@60Hz as specified in HDMI 2.0","","","","",""
"FL.OM4LCLC3MP","3m LC-LC OM4 Multimode Fibre Optic Cable: Salmon Pink - 2mm Oversleeving","","","","",""
"005.002.0063","RJ12 6P4C Crimp Plug - Stranded - 10 Pack","","","","",""
"004.300.9018","4m CAT6A RJ45 S/FTP THIN LSZH 30 AWG Network Cable | Pink","","","","",""
"004.002.0013","2.5m RJ45 CAT6 Ethernet Network Cable | Blue","","","","",""
"004.300.9004","1.5m CAT6A RJ45 S/FTP THIN LSZH 30 AWG Network Cable | Pink","","","","",""
"040.000.0037","4C | Classic Double Power Point Polycarbonate Cover Plate - Gold Colour","","","","",""
"011.180.1510","1m IEC C14 to C15 High Temperature Power Cable Blue","","","","",""
"002.002.0027","4Cabling 1RU 19"" 265mm Deep Cantilever Shelf","","","","",""
"002.008.0027","Cable Flex Wrap","","","","",""
"004.004.8018","4m CAT6 Ultra Thin LSZH Ethernet Network Cable | Green","","","","",""
"004.002.0019","7m RJ45 CAT6 Ethernet Network Cable | Blue","","","","",""
"004.300.5005","2m CAT6A RJ45 S/FTP THIN LSZH 30 AWG Network Cable | Orange","","","","",""
"FL.OS2SCAPCSCAPC3M","3m SC/APC-SC/APC OS1 / OS2 Singlemode Fibre Optic Duplex Cable","","","","",""
"004.100.1017","2.5m CAT6A S/FTP LSZH Ethernet Network Cable | Red","","","","",""
"002.008.1023","1RU Large Plastic Cable Management Ring 124 x 62mm","","","","",""
"004.100.2016","0.75m CAT6A S/FTP LSZH Ethernet Network Cable | Black","","","","",""
"015.012.1305","Fibre Pigtail LC OS1 / OS2 Singlemode 2m - 6 Pack Rainbow","","","","",""
"CA-AD-VFDM","VGA Female to DVI Male Adapter","","","","",""
"004.004.0003.10PACK","1m CAT6 Ultra Thin LSZH Ethernet Network Cable | 10 Pack Blue","","","","",""
"004.100.8006","3m CAT6A S/FTP LSZH Ethernet Network Cable | Green","","","","",""
"011.180.1801","1m Medical IEC C13 to 10A Mains Power Cord | Orange","","","","",""
"015.002.0021","SC OS1 Singlemode Through Coupler SIMPLEX","","","","",""
"FL.OS2LCSC2M","2m LC-SC OS1 / OS2 Singlemode Fibre Optic Cable | Yellow","","","","",""
"022.002.0403","15cm Mini DisplayPort v1.2 - Male to HDMI® Cable Female","","","","",""
"022.002.0341","1.5m DisplayPort Male to HDMI® Male Cable | Supports 4K @60Hz as specified in HDMI 2.0","","","","",""
"022.002.1020","HDMI® Female to Micro HDMI Male Adaptor - 15cm","","","","",""
"004.650.2018","4m CAT6A THIN U/UTP LSZH 28 AWG RJ45 Network Cable | Black","","","","",""
"004.650.4006","3m CAT6A THIN U/UTP LSZH 28 AWG RJ45 Network Cable | Purple","","","","",""
"005.012.0002","RJ45 Cable Boots - 10 Pack-Green","","","","",""
"022.002.0342","2m DisplayPort Male to HDMI® Male Cable | Supports 4K @60Hz as specified in HDMI 2.0","","","","",""
"016.000.1011","Brush Wall Plate - Black","","","","",""
"004.004.3018","4m CAT6 Ultra Thin LSZH Ethernet Network Cable | White","","","","",""
"004.300.7016","0.75m CAT6A RJ45 S/FTP THIN LSZH 30 AWG Network Cable | Grey","","","","",""
"004.001.1005","2m RJ45 CAT5E Ethernet Network Cable | Red","","","","",""
"004.100.1003","1m CAT6A S/FTP LSZH Ethernet Network Cable | Red","","","","",""
"004.004.1017","2.5m CAT6 Ultra Thin LSZH Ethernet Network Cable | Red","","","","",""
"005.012.0008","RJ45 Cable Boots - 10 Pack-Grey","","","","",""
"004.300.0007","5m CAT6A RJ45 S/FTP THIN LSZH 30 AWG Network Cable | Blue","","","","",""
"015.004.1151","4C | 1RU Fibre Patch Panel | Rodent-Proof Unloaded FOBOT | 24SC / 48LC FOBOT","","","","",""
"022.002.0455","5m Mini DisplayPort Male - HDMI® Cable Male | Black","","","","",""
"FL.OS2LCLC2MBL","2m LC-LC OS1 / OS2 Singlemode Fibre Optic Cable: Black","","","","",""
"004.002.4004","1.5m RJ45 CAT6 Ethernet Network Cable | Purple","","","","",""
"040.040.0341","4C | 25mm Sweep Bend 90° Grey Heavy Duty UV resistance","","","","",""
"004.002.8007","5m RJ45 CAT6 Ethernet Network Cable | Green","","","","",""
"005.012.0004","RJ45 Cable Boots - 10 Pack-White","","","","",""
"022.002.0246","10m DisplayPort Copper 1.4v Cable M-M. 4K@60Hz, 26AWG | Black","","","","",""
"FL.OM4LCLC2MEV","2m LC-LC OM4 Multimode Fibre Optic Patch Cable: Erika Violet","","","","",""
"004.300.4004","1.5m CAT6A RJ45 S/FTP THIN LSZH 30 AWG Network Cable | Purple","","","","",""
"004.300.9000","0.25m CAT6A RJ45 S/FTP THIN LSZH 30 AWG Network Cable | Pink","","","","",""
"004.650.0019","7m CAT6A THIN U/UTP LSZH 28 AWG RJ45 Network Cable | Blue","","","","",""
"CU3AMAF-1.0","USB 3.0 Extension (A Male To A Female) Cable 1M","","","","",""
"005.007.0017","10-Pair IDC Disconnect Module","","","","",""
"004.100.8004","1.5m CAT6A S/FTP LSZH Ethernet Network Cable | Green","","","","",""
"004.650.4000","0.25m CAT6A THIN U/UTP LSZH 28 AWG RJ45 Network Cable | Purple","","","","",""
"011.180.0030","IEC C14 Mains Socket Power Cord 1.5m","","","","",""
"004.004.9003","1m CAT6 Ultra Thin LSZH Ethernet Network Cable | Grey","","","","",""
"040.050.0047","4C | Wall Plug Green 25mm pack of 100","","","","",""
"011.180.0046","3m IEC C19 to C20 Power Cable 15A | Black","","","","",""
"004.300.4017","2.5m CAT6A RJ45 S/FTP THIN LSZH 30 AWG Network Cable | Purple","","","","",""
"004.004.0003.50PACK","1m CAT6 Ultra Thin LSZH Ethernet Network Cable | 50 Pack Blue","","","","",""
"004.004.0002.10PACK","0.5m CAT6 Ultra Thin LSZH Ethernet Network Cable | 10 Pack Blue","","","","",""
"004.650.5006","3m CAT6A THIN U/UTP LSZH 28 AWG RJ45 Network Cable | Orange","","","","",""
"004.004.7016","0.75m CAT6 Ultra Thin LSZH Ethernet Network Cable | Pink","","","","",""
"004.650.4002","0.15m CAT6A THIN U/UTP LSZH 28 AWG RJ45 Network Cable | Purple","","","","",""
"004.100.8002","0.5m CAT6A S/FTP LSZH Ethernet Network Cable | Green","","","","",""
"PDU.6WRS.10A","4Cabling 1RU 6 Way GPO Rack Mount PDU Power Rail With Red ON/Off Switch and Fixed 10A Power Cord","","","","",""
"LE-6ASJK-RW6","LEVITON - Atlas-X1 Cat 6A Shielded Jack Tool free - White","","","","",""
"011.180.1106","1.5m IEC C14 to C15 High Temperature Extension Cable | Black","","","","",""
"004.002.2002","0.5m RJ45 CAT6 Ethernet Network Cable | Black","","","","",""
"011.180.1330","IEC C13 to C14 Power Cable Blue 3M","","","","",""
"FL.OM4LCLC3MBL","3m LC-LC OM4 Multimode Fibre Optic Patch Cable: Black","","","","",""
"004.002.1006","3m RJ45 CAT6 Ethernet Network Cable | Red","","","","",""
"004.004.5004","1.5m CAT6 Ultra Thin LSZH Ethernet Network Cable | Orange","","","","",""
"004.300.5001","0.5m CAT6A RJ45 S/FTP THIN LSZH 30 AWG Network Cable | Orange","","","","",""
"004.002.5016","0.75m RJ45 CAT6 Ethernet Network Cable | Orange","","","","",""
"004.002.2019","7m RJ45 CAT6 Ethernet Network Cable | Black","","","","",""
"004.004.0000","0.15m CAT6 Ultra Thin LSZH Ethernet Network Cable | Blue","","","","",""
"040.040.0340","4C | 20mm Sweep Bend 90° Grey Heavy Duty UV resistance","","","","",""
"005.004.0514","2m USB 3.2 (3.1 GEN 2x2) USB C M/M Certified Premium Cable | 20G & 100W Support","","","","",""
"080.000.0003","Isopropyl Wipes 100Units/Box","","","","",""
"015.012.1408","Fibre Pigtail LC OM4 Multimode 2m - 12 pack Rainbow - Aqua Connector | Backward Compatible With OM3","","","","",""
"022.002.0302","2m HDMI® Male to DVI-D Dual Link Male","","","","",""
"004.100.2020","15m CAT6A S/FTP LSZH Ethernet Network Cable | Black","","","","",""
"004.650.7018","4m CAT6A THIN U/UTP LSZH 28 AWG RJ45 Network Cable | Grey","","","","",""
"004.300.8007","5m CAT6A RJ45 S/FTP THIN LSZH 30 AWG Network Cable | Green","","","","",""
"040.0.0111","4C | Elegant double GPO Extra Switch Aluminium Cover Plate - Silver Matt","","","","",""
"040.000.0031","4C | Classic 1 Gang Switch Polycarbonate Cover Plate - Gold Colour","","","","",""
"004.650.5001","0.5m CAT6A THIN U/UTP LSZH 28 AWG RJ45 Network Cable | Orange","","","","",""
"011.180.0024","IEC C7 Figure 8 Appliance Power Cable Black 1M","","","","",""
"011.180.1410","1m IEC C14 to C15 High Temperature Power Cable Red","","","","",""
"FL.OM4LCLC1MEV","1m LC-LC OM4 Multimode Fibre Optic Patch Cable: Erika Violet","","","","",""
"004.100.0006","5m CAT6A S/FTP LSZH Ethernet Network Cable | Blue","","","","",""
"004.018.0012","DVI-Digital to DVI Digital M-M : 2m","","","","",""
"004.300.3016","0.75m CAT6A RJ45 S/FTP THIN LSZH 30 AWG Network Cable | White","","","","",""
"022.002.0445","15cm Mini DisplayPort Male to DisplayPort Female: Black","","","","",""
"004.300.8017","2.5m CAT6A RJ45 S/FTP THIN LSZH 30 AWG Network Cable | Green","","","","",""
"004.100.1002","0.5m CAT6A S/FTP LSZH Ethernet Network Cable | Red","","","","",""
"004.100.3002","0.5m CAT6A S/FTP LSZH Ethernet Network Cable | White","","","","",""
"011.180.1310","IEC C13 to C14 Power Cable Blue 1m","","","","",""
"040.040.0336","4C | 20mm Sweep Bend 90° White Medium Duty UV resistance","","","","",""
"FL.OM4LCSC1MB","1m LC-SC OM4 Multimode Fibre Optic Cable: Blue","","","","",""
"004.004.3004","1.5m CAT6 Ultra Thin LSZH Ethernet Network Cable | White","","","","",""
"004.002.2017","2.5m RJ45 CAT6 Ethernet Network Cable | Black","","","","",""
"040.0.0264","4C | Press Mechanism 250V 16A","","","","",""
"004.300.1006","3m CAT6A RJ45 S/FTP THIN LSZH 30 AWG Network Cable | Red","","","","",""
"002.010.0004","4Cabling 4RU 19"" Metal Blanking Panel","","","","",""
"022.008.0104","2m Micro HDMI® to HDMI Cable","","","","",""
"022.009.4002","1.5m Ultra High Speed HDMI® Cable with Ethernet | Supports 8K@60Hz as specified in HDMI 2.1","","","","",""
"004.002.8005","2m RJ45 CAT6 Ethernet Network Cable | Green","","","","",""
"004.004.5005","2m CAT6 Ultra Thin LSZH Ethernet Network Cable | Orange","","","","",""
"004.300.1016","0.75m CAT6A RJ45 S/FTP THIN LSZH 30 AWG Network Cable | Red","","","","",""
"005.004.0112","1.2M USB 3.1 Type C to A Male Cable (USB-C)","","","","",""
"LE-C6CJAKU002","LEVITON - Cat6 Plus Snap In Jack Unshielded - Tool Free","","","","",""
"004.004.8000.10PACK","0.15m CAT6 Ultra Thin LSZH Ethernet Network Cable | 10 Pack Green","","","","",""
"022.002.1015","HDMI® to SVGA Adaptor - 15cm","","","","",""
"040.000.0369","4C | Industrial Phase Isolated Straight Plug IP66 250V 3Pin 32A","","","","",""
"004.002.2003","1m RJ45 CAT6 Ethernet Network Cable | Black","","","","",""
"004.100.0021","15m CAT6A S/FTP LSZH Ethernet Network Cable | Blue","","","","",""
"004.001.0004","1.5m RJ45 CAT5E Ethernet Network Cable | Blue","","","","",""
"004.650.1000","0.25m CAT6A THIN U/UTP LSZH 28 AWG RJ45 Network Cable | Red","","","","",""
"FL.OM4LCLC1.5MR","1.5m LC-LC OM4 Multimode Fibre Optic Patch Cable: Red","","","","",""
"FL.OM1LCLC3MP","3m LC-LC OM1 Multimode Fibre Optic Cable: Salmon Pink","","","","",""
"004.002.5007","5m RJ45 CAT6 Ethernet Network Cable | Orange","","","","",""
"004.100.2007","5m CAT6A S/FTP LSZH Ethernet Network Cable | Black","","","","",""
"004.100.2018","4m CAT6A S/FTP LSZH Ethernet Network Cable | Black","","","","",""
"011.165.0009","Jackson Power Board 6 Outlet Individually Switched Surge Protected","","","","",""
"011.060.0038","Cable Ties - Nylon 280mm(L) x 4.8mm(W) Natural | Bag of 100","","","","",""
"040.000.0248","4C | Weatherproof Isolator 1 Pole IP66 250V 63A","","","","",""
"004.002.4007","5m RJ45 CAT6 Ethernet Network Cable | Purple","","","","",""
"004.300.7001","0.5m CAT6A RJ45 S/FTP THIN LSZH 30 AWG Network Cable | Grey","","","","",""
"004.650.7002","0.15m CAT6A THIN U/UTP LSZH 28 AWG RJ45 Network Cable | Grey","","","","",""
"004.650.9018","4m CAT6A THIN U/UTP LSZH 28 AWG RJ45 Network Cable | Pink","","","","",""
"016.002.0016","Blank Australian Style Wall Plate Black","","","","",""
"040.0.0095","4C | Elegant Single Power Point 250V 10A | Vertical","","","","",""
"FL.OM4LCLC1.5MB","1.5m LC-LC OM4 Multimode Fibre Optic Cable: Blue","","","","",""
"004.004.7000","0.15m CAT6 Ultra Thin LSZH Ethernet Network Cable | Pink","","","","",""
"040.000.0256","4C | Switch Mechanism Double Pole 250V 35A","","","","",""
"002.008.0012","4Cabling 1RU 19"" Brush Panel","","","","",""
"004.650.8018","4m CAT6A THIN U/UTP LSZH 28 AWG RJ45 Network Cable | Green","","","","",""
"005.001.0178","USB 2.0 AM-BM Cable: 3m","","","","",""
"004.100.5004","1.5m CAT6A S/FTP LSZH Ethernet Network Cable | Orange","","","","",""
"005.005.0006","RJ45 Modular Coupler 3-Way Straight Thru 1 x RJ45 Female to 2 x RJ45 Female 8P8C","","","","",""
"004.004.2001.10PACK","0.25m CAT6 Ultra Thin LSZH Ethernet Network Cable | 10 Pack Black","","","","",""
"005.012.0003","RJ45 Cable Boots - 10 Pack-Yellow","","","","",""
"004.004.1018","4m CAT6 Ultra Thin LSZH Ethernet Network Cable | Red","","","","",""
"SLD.C6UTP.BLUE.REELEXII","4C | 305m Cat6 Blue UTP SOLID Cable Roll, 250MHz, 24AWGx4P. External O.D. 4.9mm PVC Cable Roll in a REELEX II Pull Box","","","","",""
"004.100.3005","2m CAT6A S/FTP LSZH Ethernet Network Cable | White","","","","",""
"FL.OS2LCSCAPC1M","1m LC-SC/APC OS1 / OS2 Singlemode Fibre Optic Duplex Cable","","","","",""
"004.001.9003","1m RJ45 CAT5E Ethernet Network Cable | Grey","","","","",""
"004.300.4003","1m CAT6A RJ45 S/FTP THIN LSZH 30 AWG Network Cable | Purple","","","","",""
"P.SOC.MM.SC.UPC.0.9","SC Multimode UPC Splice-On Connector - 0.9mm Boots","","","","",""
"004.650.3017","2.5m CAT6A THIN U/UTP LSZH 28 AWG RJ45 Network Cable | White","","","","",""
"005.012.0009","RJ45 Cable Boots - 10 Pack-Orange","","","","",""
"005.012.0006","RJ45 Cable Boots - 10 Pack-Pink","","","","",""
"040.0.0090","4C | Elegant Wall Switch 5 Gang 250V 16A | Horizontal","","","","",""
"005.004.0602","3m USB 3.1 (GEN 2x1) USB AM to CM Certified Premium Cable | 5G & 60W Support","","","","",""
"004.100.7017","2.5m CAT6A S/FTP LSZH Ethernet Network Cable | Grey","","","","",""
"015.010.4104","3m LC Flexi Boot - LC Flexi Boot OM4 Multimode Fibre Optic Duplex Patch Lead","","","","",""
"004.650.4018","4m CAT6A THIN U/UTP LSZH 28 AWG RJ45 Network Cable | Purple","","","","",""
"004.300.7007","5m CAT6A RJ45 S/FTP THIN LSZH 30 AWG Network Cable | Grey","","","","",""
"011.180.1012","2m IEC C13 to C14 Extension Cord M-F: White","","","","",""
"FL.OM1LCSC3MB","3m LC-SC OM1 Multimode Fibre Optic Cable: Blue","","","","",""
"005.002.0046","4Cabling CAT6 UTP RJ45 Insta Crimp Plug 100 pack","","","","",""
"FL.OM4LCLC1.5MP","1.5m LC-LC OM4 Multimode Fibre Optic Cable: Salmon Pink","","","","",""
"004.100.2010","10m CAT6A S/FTP LSZH Ethernet Network Cable | Black","","","","",""
"003.002.0005","Catenary Wire Clamp","","","","",""
"004.300.3017","2.5m CAT6A RJ45 S/FTP THIN LSZH 30 AWG Network Cable | White","","","","",""
"003.023.1510","Hook & Loop Tape Cable Tie - 10m Roll x 15mm Wide | Black","","","","",""
"014.001.0108","2m Line Cord RJ12 to RJ12 | Beige","","","","",""
"004.002.8016","0.75m RJ45 CAT6 Ethernet Network Cable | Green","","","","",""
"004.004.6018","4m CAT6 Ultra Thin LSZH Ethernet Network Cable | Yellow","","","","",""
"004.300.9006","3m CAT6A RJ45 S/FTP THIN LSZH 30 AWG Network Cable | Pink","","","","",""
"011.180.5003","2m IEC C14 to C5 Power Cord: Black","","","","",""
"022.002.0320","15cm DisplayPort to SVGA Adaptor","","","","",""
"004.300.9005","2m CAT6A RJ45 S/FTP THIN LSZH 30 AWG Network Cable | Pink","","","","",""
"P.SOC.MM.SC.UPC.3","SC Multimode UPC Splice-On Connector - 3.0mm Boots","","","","",""
"005.012.0001","RJ45 Cable Boots - 10 Pack-Red","","","","",""
"FL.OM4LCLC1MR","1m LC-LC OM4 Multimode Fibre Optic Patch Cable: Red","","","","",""
"FL.OS2SCAPCSCAPC0.5M","0.5m SC/APC-SC/APC OS1 / OS2 Singlemode Fibre Optic Duplex Cable","","","","",""
"004.018.0011","DVI-Digital to DVI Digital M-M: 1m","","","","",""
"022.009.2020","20m Premium High Speed HDMI® cable with Ethernet and Built-in Repeater | Supports 4K@60Hz as specified in HDMI 2.0","","","","",""
"011.180.1005","5m IEC C13 to C14 Extension Cord M-F: Black","","","","",""
"FL.OS2LCSCAPC2M","2m LC-SC/APC OS1 / OS2 Singlemode Fibre Optic Duplex Cable","","","","",""
"004.300.3006","3m CAT6A RJ45 S/FTP THIN LSZH 30 AWG Network Cable | White","","","","",""
"FL.OM4LCLC2MB","2m LC-LC OM4 Multimode Fibre Optic Cable: Blue","","","","",""
"002.008.1022","1RU Medium Plastic Cable Management Ring 62 x 62mm","","","","",""
"040.000.0251","4C | Weatherproof Isolator 4 Pole 440V 35A IP66","","","","",""
"004.004.2002.10PACK","0.5m CAT6 Ultra Thin LSZH Ethernet Network Cable | 10 Pack Black","","","","",""
"011.180.1212","1.5m IEC C13 to C14 Extension Cord M-F: Red","","","","",""
"004.100.4003","1m CAT6A S/FTP LSZH Ethernet Network Cable | Purple","","","","",""
"SLD.C6UTP.GREEN.R","CAT6 Ethernet Cable Reel Box UTP LAN Cable w/ Solid Conductor | 305m Green","","","","",""
"004.004.6006","3m CAT6 Ultra Thin LSZH Ethernet Network Cable | Yellow","","","","",""
"FL.OM4LCLC5MB","5m LC-LC OM4 Multimode Fibre Optic Cable: Blue","","","","",""
"005.004.0521","0.5m USB 4 Gen3 CM-CM One Side Straight Cable & One Side 90 Degrees | 100W 8K 60HZ 40G","","","","",""
"004.100.9003","1m CAT6A S/FTP LSZH Ethernet Network Cable | Pink","","","","",""
"040.000.0073","4C | Ultima Single Power Point 250V 10A | Horizontal","","","","",""
"005.004.0302","2M USB Type-C Male to Displayport 4K/60Hz Cable","","","","",""
"011.060.0036","Cable Ties 199mm(L) x 4.6mm(W) Black | Bag of 100 UV Resistant","","","","",""
"012.001.0115","4Cabling Moitor Bracket Tilt & Swivel | VESA Compliant 50x 50, 75x75, 100x100 | Max Load 30KG | BLACK","","","","",""
"022.009.4003","2m Ultra High Speed HDMI® Cable with Ethernet | Supports 8K@60Hz as specified in HDMI 2.1","","","","",""
"004.100.9006","3m CAT6A S/FTP LSZH Ethernet Network Cable | Pink","","","","",""
"004.300.4018","4m CAT6A RJ45 S/FTP THIN LSZH 30 AWG Network Cable | Purple","","","","",""
"004.650.4007","5m CAT6A THIN U/UTP LSZH 28 AWG RJ45 Network Cable | Purple","","","","",""
"004.650.8017","2.5m CAT6A THIN U/UTP LSZH 28 AWG RJ45 Network Cable | Green","","","","",""
"011.180.1000","0.75m IEC C13 to C14 Extension Cord M-F: Black","","","","",""
"040.000.0260","4C | Neon Indicator Green Mechanism 240V","","","","",""
"004.650.9006","3m CAT6A THIN U/UTP LSZH 28 AWG RJ45 Network Cable | Pink","","","","",""
"004.650.3018","4m CAT6A THIN U/UTP LSZH 28 AWG RJ45 Network Cable | White","","","","",""
"004.100.7006","3m CAT6A S/FTP LSZH Ethernet Network Cable | Grey","","","","",""
"004.650.6017","2.5m CAT6A THIN U/UTP LSZH 28 AWG RJ45 Network Cable | Yellow","","","","",""
"015.012.4302","2m Fibre Pigtail SC OS1/OS2 Singlemode | 12 Pack","","","","",""
"FL.OM4LCLC3MR","3m LC-LC OM4 Multimode Fibre Optic Patch Cable: Red","","","","",""
"004.006.0030","RJ12 Inline Coupler","","","","",""
"004.100.2017","2.5m CAT6A S/FTP LSZH Ethernet Network Cable | Black","","","","",""
"011.165.5802","3m Handset Curly Cord | 4P4C BLACK","","","","",""
"004.650.6018","4m CAT6A THIN U/UTP LSZH 28 AWG RJ45 Network Cable | Yellow","","","","",""
"040.0.0098","4C | Elegant Double Power Point 250V 10A | Horizontal","","","","",""
"004.001.2001","0.25m RJ45 CAT5E Ethernet Network Cable | Black","","","","",""
"004.001.4004","1.5m RJ45 CAT5E Ethernet Network Cable | Purple","","","","",""
"004.100.0016","0.75m CAT6A S/FTP LSZH Ethernet Network Cable | Blue","","","","",""
"005.002.0042","2M USB 3.0 AM-BM Cable: Black","","","","",""
"004.300.5006","3m CAT6A RJ45 S/FTP THIN LSZH 30 AWG Network Cable | Orange","","","","",""
"015.002.0051","LC-LC OM3 / OM4 Quad Coupler Ceramic Sleeve","","","","",""
"004.100.2019","7m CAT6A S/FTP LSZH Ethernet Network Cable | Black","","","","",""
"011.180.1099","2m Australian 3 Pin Wall Plug To C15 High Temperature Power Cable","","","","",""
"004.002.4016","0.75m RJ45 CAT6 Ethernet Network Cable | Purple","","","","",""
"004.004.2006.10PACK","3m CAT6 Ultra Thin LSZH Ethernet Network Cable | 10 Pack Black","","","","",""
"015.004.0032","Indoor Optical Fibre Wallbox 2 Fibre FOBOT","","","","",""
"FL.OS2LCLC30M","30m LC-LC OS1 / OS2 Singlemode Fibre Optic Cable: Yellow","","","","",""
"005.004.0511","0.5m USB 3.2 (3.1 GEN 2x2) USB C M/M Certified Premium Cable | 20G & 100W Support","","","","",""
"011.180.0025","IEC C7 Figure 8 Appliance Power Cable Black 2M","","","","",""
"004.002.0009","20m RJ45 CAT6 Ethernet Network Cable | Blue","","","","",""
"004.100.5016","0.75m CAT6A S/FTP LSZH Ethernet Network Cable | Orange","","","","",""
"004.300.6007","5m CAT6A RJ45 S/FTP THIN LSZH 30 AWG Network Cable | Yellow","","","","",""
"040.0.0092","4C | Elegant Wall Switch 6 Gang 250V 16A - Horizontal","","","","",""
"005.001.0165","USB 2.0 AM-AF Cable: 3m","","","","",""
"011.180.0007","IEC C7 Figure 8 Appliance Power Cable Black 0.5M","","","","",""
"011.180.1006","4m IEC C13 to C14 Extension Cord M-F: Black","","","","",""
"022.002.0452","2m Mini DisplayPort Male - HDMI® Cable Male: Black","","","","",""
"011.180.0023","IEC C5 Clover Leaf Style Appliance Power Cable Black 5M","","","","",""
"FL.OS2LCLC3MBL","3m LC-LC OS1 / OS2 Singlemode Fibre Optic Cable: Black","","","","",""
"004.004.1016","0.75m CAT6 Ultra Thin LSZH Ethernet Network Cable | Red","","","","",""
"FL.OS2LCLC1MP","1m LC-LC OS1 / OS2 Singlemode Fibre Optic Cable: Salmon Pink","","","","",""
"004.001.5005","2m RJ45 CAT5E Ethernet Network Cable | Orange","","","","",""
"004.002.6007","5m RJ45 CAT6 Ethernet Network Cable | Yellow","","","","",""
"004.100.2002","0.5m CAT6A S/FTP LSZH Ethernet Network Cable | Black","","","","",""
"004.004.6007","5m CAT6 Ultra Thin LSZH Ethernet Network Cable | Yellow","","","","",""
"004.300.2018","4m CAT6A RJ45 S/FTP THIN LSZH 30 AWG Network Cable | Black","","","","",""
"FL.OM1LCSC2M","2m LC-SC OM1 Multimode Fibre Optic Cable: Orange","","","","",""
"004.004.7005","2m CAT6 Ultra Thin LSZH Ethernet Network Cable | Pink","","","","",""
"004.300.7017","2.5m CAT6A RJ45 S/FTP THIN LSZH 30 AWG Network Cable | Grey","","","","",""
"011.060.0042","Cable Ties - Nylon 380mm(L) x 7.6mm (W) Black | Bag of 100","","","","",""
"022.002.0343","3m DisplayPort Male to HDMI® Male Cable | Supports 4K @60Hz as specified in HDMI 2.0","","","","",""
"005.001.0171","USB 2.0 AM-AF Cable: 5m","","","","",""
"022.009.2015","15m Premium High Speed HDMI® cable with Ethernet and Built-in Repeater | Supports 4K@60Hz as specified in HDMI 2.0","","","","",""
"040.0.0084","4C | Elegant Wall Switch 2 Gang 250V 16A | Horizontal","","","","",""
"004.300.5004","1.5m CAT6A RJ45 S/FTP THIN LSZH 30 AWG Network Cable | Orange","","","","",""
"040.040.0351","4C | Plain Coupling Orange 50mm - 10 Pack","","","","",""
"015.002.0085","SC/APC OS1/OS2 Singlemode Through Coupler Flangeless Duplex | Green","","","","",""
"004.002.1016","0.75m RJ45 CAT6 Ethernet Network Cable | Red","","","","",""
"011.180.1710","IEC C19 to C20 Power Cable 15A Red 1M","","","","",""
"015.020.0054","OE Elsafe: QIKFIT Quad Auto Switched Power Outlet - 4 x GPO: White","","","","",""
"004.650.1019","7m CAT6A THIN U/UTP LSZH 28 AWG RJ45 Network Cable | Red","","","","",""
"004.004.7018","4m CAT6 Ultra Thin LSZH Ethernet Network Cable | Pink","","","","",""
"040.0.0115","4C | Elegant 3 Gang Rigid and Cover plate- White","","","","",""
"004.300.9016","0.75m CAT6A RJ45 S/FTP THIN LSZH 30 AWG Network Cable | Pink","","","","",""
"011.180.1312","1.5m IEC C13 to C14 Extension Cord M-F: Blue","","","","",""
"011.060.0039","Cable Ties 288mm(L) x 4.6mm(W) Black | Bag of 100 UV Resistant","","","","",""
"004.100.8017","2.5m CAT6A S/FTP LSZH Ethernet Network Cable | Green","","","","",""
"004.004.7017","2.5m CAT6 Ultra Thin LSZH Ethernet Network Cable | Pink","","","","",""
"022.009.4001","1m Ultra High Speed HDMI® Cable with Ethernet | Supports 8K@60Hz as specified in HDMI 2.1","","","","",""
"005.001.1029","USB 2.0 Active Extension Cable: 5m","","","","",""
"016.002.0005","5 Way Australian Style Wall Plate","","","","",""
"004.002.2020","15m RJ45 CAT6 Ethernet Network Cable | Black","","","","",""
"004.650.9017","2.5m CAT6A THIN U/UTP LSZH 28 AWG RJ45 Network Cable | Pink","","","","",""
"004.100.9016","0.75m CAT6A S/FTP LSZH Ethernet Network Cable | Pink","","","","",""
"040.0.0114","4C | Elegant 2 Gang Rigid and Cover plate- White","","","","",""
"FL.OS2LCLC20M","20m LC-LC OS1 / OS2 Singlemode Fibre Optic Cable : Yellow","","","","",""
"004.002.9017","2.5m RJ45 CAT6 Ethernet Network Cable | Grey","","","","",""
"040.0.0109","4C | Elegant Single GPO Aluminium Cover Plate Vertical - Silver Matt","","","","",""
"040.000.0250","4C | Weatherproof Isolator 4 Pole 440V 20A IP66","","","","",""
"004.650.5018","4m CAT6A THIN U/UTP LSZH 28 AWG RJ45 Network Cable | Orange","","","","",""
"003.002.0014","Catenary Wire Turnbuckle 6mm","","","","",""
"004.650.8006","3m CAT6A THIN U/UTP LSZH 28 AWG RJ45 Network Cable | Green","","","","",""
"015.012.7302","2m Fibre Pigtail ST OS1/OS2 Singlemode | 12 Pack","","","","",""
"FL.OM4LCLC1MBL","1m LC-LC OM4 Multimode Fibre Optic Patch Cable: Black","","","","",""
"002.007.1330","4Cabling 3RU Rack Mount DIN Rail Panel Bracket with Cover","","","","",""
"004.002.9008","10m RJ45 CAT6 Ethernet Network Cable | Grey","","","","",""
"004.004.1007","5m CAT6 Ultra Thin LSZH Ethernet Network Cable | Red","","","","",""
"004.100.6007","5m CAT6A S/FTP LSZH Ethernet Network Cable | Yellow","","","","",""
"004.650.1018","4m CAT6A THIN U/UTP LSZH 28 AWG RJ45 Network Cable | Red","","","","",""
"004.004.0000.10PACK","0.15m CAT6 Ultra Thin LSZH Ethernet Network Cable | 10 Pack Blue","","","","",""
"004.100.3006","3m CAT6A S/FTP LSZH Ethernet Network Cable | White","","","","",""
"015.010.3103","2m LC Flexi Boot - LC Flexi Boot OS1 / OS2 Singlemode Fibre Optic Duplex Cable","","","","",""
"FL.OM4LCSC2M","2m LC-SC OM4 Multimode Fibre Optic Duplex Patch Lead: Aqua","","","","",""
"005.004.0260","10M Active USB 3.1 CM TO AM Cable 26+22AWG","","","","",""
"040.040.0355","4C | Orange Bend 50mm","","","","",""
"PDU.6WHGPO.10A","1RU 6 Way GPO Horizontal Rack Mount PDU Power Rail","","","","",""
"005.004.0403","3M USB Type-C Male to HDMI® 4K/60Hz Cable","","","","",""
"FL.OS2LCLC2MR","2m LC-LC OS1 / OS2 Singlemode Fibre Optic Cable: Red","","","","",""
"004.004.4018","4m CAT6 Ultra Thin LSZH Ethernet Network Cable | Purple","","","","",""
"011.180.0009","0.5m IEC C5 Clover Leaf Style Appliance Power Cable | Black","","","","",""
"011.180.0010","1m IEC C5 Clover Leaf Style Appliance Power Cable | Black","","","","",""
"FL.OS2SCAPCSCAPC1M","1m SC/APC-SC/APC OS1 / OS2 Singlemode Fibre Optic Duplex Cable","","","","",""
"P.SOC.SM.SC.UPC.0.9","SC Singlemode UPC Splice-On Connector - 0.9mm Boots","","","","",""
"022.002.1001","DVI Female to HDMI® Male Adaptor - 15cm","","","","",""
"040.0.0106","4C | Elegant 5 Gang Aluminium Cover Plate - Silver Matt","","","","",""
"004.002.4008","10m RJ45 CAT6 Ethernet Network Cable | Purple","","","","",""
"005.008.0004","HDMI® Insert 22cm Lead Clipsal Compatible","","","","",""
"011.180.1014","IEC C13 Power Cord 10A 1m White","","","","",""
"003.001.0012","RJ45 Keystone to Australian Style Bezel |10 Pack Black","","","","",""
"004.100.0019","7m CAT6A S/FTP LSZH Ethernet Network Cable | Blue","","","","",""
"FL.OM4LCLC20M","20m LC-LC OM4 Multimode Fibre Optic Patch Cable: Aqua","","","","",""
"004.100.3017","2.5m CAT6A S/FTP LSZH Ethernet Network Cable | White","","","","",""
"004.300.2016","0.75m CAT6A RJ45 S/FTP THIN LSZH 30 AWG Network Cable | Black","","","","",""
"012.001.0226","4Cabling Ultra Slim, Low Profile & Full Motion TV Wall Mount 32"" to 55""| Max VESA 400 x 400","","","","",""
"004.300.6016","0.75m CAT6A RJ45 S/FTP THIN LSZH 30 AWG Network Cable | Yellow","","","","",""
"040.050.0021","4C | Weatherproof Enclosure","","","","",""
"004.300.7006","3m CAT6A RJ45 S/FTP THIN LSZH 30 AWG Network Cable | Grey","","","","",""
"022.002.0315","DisplayPort Male to HDMI® Female Adaptor - 15cm","","","","",""
"004.004.9006","3m CAT6 Ultra Thin LSZH Ethernet Network Cable | Grey","","","","",""
"040.000.0128","4C | Straight Plug IP66 500V 4Pin 32A","","","","",""
"015.004.0011","Mini DIN Rail FOBOT with 12 Fibre Capacity (SC or SCA Simplex) OR 24 Fibre Capacity (LC or LCA Duplex)","","","","",""
"040.000.0027","4C | Classic Double Power Point Cover Plate - White","","","","",""
"004.650.7017","2.5m CAT6A THIN U/UTP LSZH 28 AWG RJ45 Network Cable | Grey","","","","",""
"FL.OM4LCSC1M","1m LC-SC OM4 Multimode Fibre Optic Cable: Aqua","","","","",""
"005.002.0085","UY2 wire cable tap connectors (100 Pack)","","","","",""
"FL.OM4LCLC1.5MEV","1.5m LC-LC OM4 Multimode Fibre Optic Patch Cable: Erika Violet","","","","",""
"SLD.C6UTP.BLACK.R","CAT6 Ethernet Cable Reel Box UTP LAN Cable w/ Solid Conductor | 305m Black","","","","",""
"011.180.0044","IEC C19 to C20 Power Cable 15A Black 2m","","","","",""
"011.180.1610","IEC C19 to C20 Power Cable 15A Blue 1M","","","","",""
"004.004.0006.10PACK","3m CAT6 Ultra Thin LSZH Ethernet Network Cable | 10 Pack Blue","","","","",""
"011.180.1105","0.5m IEC C14 to C15 High Temperature Extension Cable | Black","","","","",""
"004.650.6019","7m CAT6A THIN U/UTP LSZH 28 AWG RJ45 Network Cable | Yellow","","","","",""
"005.004.0522","1m USB 4 Gen3 CM-CM One Side Straight Cable & One Side 90 Degrees | 100W 8K 60HZ 40G","","","","",""
"040.000.0337","4C | C-Clip Mounting Bracket for Classic/ Ultima Series","","","","",""
"004.100.0020","20m CAT6A S/FTP LSZH Ethernet Network Cable | Blue","","","","",""
"040.0.0100","4C | Elegant Double Power Point 250V 10A with Extra Switch - Horizontal","","","","",""
"004.002.8017","2.5m RJ45 CAT6 Ethernet Network Cable | Green","","","","",""
"040.040.0386","4C | Junction Box 20mm 4 Way - 10 Pack","","","","",""
"004.100.5019","7m CAT6A S/FTP LSZH Ethernet Network Cable | Orange","","","","",""
"004.300.9007","5m CAT6A RJ45 S/FTP THIN LSZH 30 AWG Network Cable | Pink","","","","",""
"004.004.9000.10PACK","0.15m CAT6 Ultra Thin LSZH Ethernet Network Cable | 10 Pack Grey","","","","",""
"040.0.0105","4C | Elegant 4 Gang Aluminium Cover Plate - Silver Matt","","","","",""
"004.650.7007","5m CAT6A THIN U/UTP LSZH 28 AWG RJ45 Network Cable | Grey","","","","",""
"015.007.0077","OE Elsafe QIKFIT QF5 Data Cutout AUNZ | Black","","","","",""
"004.002.4018","4m RJ45 CAT6 Ethernet Network Cable | Purple","","","","",""
"040.000.0348","4C | Quick Connect Surface Socket 10A - 10 Pack","","","","",""
"FL.OM4LCLC1.5MBL","1.5m LC-LC OM4 Multimode Fibre Optic Patch Cable: Black","","","","",""
"040.000.0023","4C | Classic 3 Gang Switch Grid and Cover Plate - White","","","","",""
"FL.OS2LCLC50M","50m LC-LC OS1 / OS2 Singlemode Fibre Optic Cable: Yellow","","","","",""
"SLD.C6AUUTP.BLUE","4C | CAT6A U/UTP 23AWGx4P, PVC Jacket | Supplied on Plastic Reel | 305m Blue","","","","",""
"040.0.0108","4C | Elegant Single GPO Power Point Aluminium Cover Plate Horizontal - Silver Matt","","","","",""
"005.002.0043","3M USB 3.0 AM-BM Cable | Black","","","","",""
"FL.OM4LCLC5MBL","5m LC-LC OM4 Multimode Fibre Optic Patch Cable: Black","","","","",""
"004.002.6006","3m RJ45 CAT6 Ethernet Network Cable | Yellow","","","","",""
"FL.OS2LCSC5M","5m LC-SC OS1 / OS2 Singlemode Fibre Optic Cable : Yellow","","","","",""
"004.002.0012","15m RJ45 CAT6 Ethernet Network Cable | Blue","","","","",""
"004.100.2005","2m CAT6A S/FTP LSZH Ethernet Network Cable | Black","","","","",""
"SFP-1G-LX-CIS","Cisco compatible (GLC-LH-SM GLC-LH-SMD ONS-SC-GE-LX SFP-GE-L) 1.25G, SFP, 1310nm, 10KM Transceiver, LC Connector for SMF with DOM","","","","",""
"004.100.3007","5m CAT6A S/FTP LSZH Ethernet Network Cable | White","","","","",""
"004.300.7018","4m CAT6A RJ45 S/FTP THIN LSZH 30 AWG Network Cable | Grey","","","","",""
"040.050.0042","4C | 25mm Nylon Cable Gland Long Threaded with Washer - 20 Pack","","","","",""
"FL.OM4LCLC05MB","0.5m LC-LC OM4 Multimode Fibre Optic Cable: Blue","","","","",""
"022.009.2010","10m Premium High Speed HDMI® cable with Ethernet | Supports 4K@60Hz as specified in HDMI 2.0","","","","",""
"004.004.9007","5m CAT6 Ultra Thin LSZH Ethernet Network Cable | Grey","","","","",""
"004.650.5000","0.25m CAT6A THIN U/UTP LSZH 28 AWG RJ45 Network Cable | Orange","","","","",""
"040.000.0032","4C | Classic 2 Gang Switch Polycarbonate Cover Plate - Gold Colour","","","","",""
"040.040.0375","4C | Plain to Screw Adaptor 50mm with Lock Ring","","","","",""
"SFP-10G-SR-HP","HP / Aruba compatible (J9150A J9150B J9150C J9150D) 10G, SFP+, 850nm, 300M Transceiver, LC Connector for MMF with DOM","","","","",""
"002.010.0002","4Cabling 2RU 19"" Metal Blanking Panel","","","","",""
"004.300.9003","1m CAT6A RJ45 S/FTP THIN LSZH 30 AWG Network Cable | Pink","","","","",""
"002.003.0035","4Cabling 2RU 350mm Deep Cantilever Shelf","","","","",""
"004.001.1007","5m RJ45 CAT5E Ethernet Network Cable | Red","","","","",""
"004.650.3007","5m CAT6A THIN U/UTP LSZH 28 AWG RJ45 Network Cable | White","","","","",""
"004.650.5007","5m CAT6A THIN U/UTP LSZH 28 AWG RJ45 Network Cable | Orange","","","","",""
"015.002.0074","SC OM3 / OM4 Multimode Through Coupler Flangeless Duplex | Aqua","","","","",""
"020.016.0070","OE Elsafe | Workstation Data Bezel - 25.4sq Cutout to suit AU/ NZ | White","","","","",""
"SLD.C6ASFTP.BLUE","CAT6A S/FTP Cable on Reel w/ PVC Jacket | 305m Roll Blue","","","","",""
"016.008.0002","Double Keystone Surface Mount Box","","","","",""
"011.180.2002","2m Power Extension Cord & Cable","","","","",""
"040.040.0387","4C | Junction Box 25mm 4 Way - 10 Pack","","","","",""
"004.300.5016","0.75m CAT6A RJ45 S/FTP THIN LSZH 30 AWG Network Cable | Orange","","","","",""
"004.300.8018","4m CAT6A RJ45 S/FTP THIN LSZH 30 AWG Network Cable | Green","","","","",""
"011.180.1017","5m IEC C13 to Mains 10A Power Cable | White","","","","",""
"011.180.1230","IEC C13 to C14 Power Cable Red 3M","","","","",""
"040.0.0107","4C | Elegant 6 Gang Aluminium Cover Plate - Silver Matt","","","","",""
"004.002.2018","4m RJ45 CAT6 Ethernet Network Cable | Black","","","","",""
"004.002.7008","10m RJ45 CAT6 Ethernet Network Cable | Pink","","","","",""
"011.180.1833","2m Medical IEC C7 to 10A Mains Power Cord | Orange","","","","",""
"015.002.0078","SC OM1 Multimode Through Coupler Flangeless Duplex | Beige","","","","",""
"040.000.0222","4C | Weatherproof Double Switch 1 Pole 2Way IP66 250V 20A","","","","",""
"004.100.8007","5m CAT6A S/FTP LSZH Ethernet Network Cable | Green","","","","",""
"040.040.0331","4C | 25mm Sweep Bend 90° Heavy Duty Orange","","","","",""
"SFP-10G-LR-CIS","Cisco compatible (SFP-10G-LR SFP-10G-LR-X SFP-10G-LR-S) 10G, SFP+, 1310nm, 10KM Transceiver, LC Connector for SMF with DOM","","","","",""
"004.004.2000.10PACK","0.15m CAT6 Ultra Thin LSZH Ethernet Network Cable | 10 Pack Black","","","","",""
"005.004.0402","2M USB Type-C Male to HDMI® 4K/60Hz Cable","","","","",""
"011.180.1822","1.5m Medical IEC Right Angled C13 to 10A Mains Power Cord | Orange","","","","",""
"004.004.5016","0.75m CAT6 Ultra Thin LSZH Ethernet Network Cable | Orange","","","","",""
"040.000.0231","4C | Weatherproof Isolator 2 Pole IP66 250V 35A","","","","",""
"SLD.C6UTP.YELLOW.R","CAT6 Ethernet Cable Reel Box UTP LAN Cable w/ Solid Conductor | 305m Yellow","","","","",""
"011.180.1821","1m Medical IEC Right Angled C13 to 10A Mains Power Cord | Orange","","","","",""
"004.002.3017","2.5m RJ45 CAT6 Ethernet Network Cable | White","","","","",""
"011.180.1405","0.5m IEC C14 to C15 High Temperature Power Cable Red","","","","",""
"040.0.0093","4C | Elegant Wall Switch 6 Gang 250V 16A | Vertical","","","","",""
"004.002.3020","15m RJ45 CAT6 Ethernet Network Cable | White","","","","",""
"005.002.0035","Cat 6 8 Position RJ45 One-Piece Modular Crimp Plug | Solid | 10 Pack","","","","",""
"SFP-10G-SR-PLU","Plusoptic 10G, SFP+, 850nm, 300M Transceiver, LC Connector for MMF with DOM","","","","",""
"004.300.6017","2.5m CAT6A RJ45 S/FTP THIN LSZH 30 AWG Network Cable | Yellow","","","","",""
"004.650.0000.10PACK","0.25m CAT6A THIN U/UTP LSZH 28 AWG RJ45 Network Cable | 10 Pack Blue","","","","",""
"005.002.0047","4Cabling CAT6 STP RJ45 Insta Crimp Plug 100 pack","","","","",""
"015.002.0054","LC OM3 / OM4 Multimode Through Coupler Flangeless DUPLEX | Erika Violet","","","","",""
"FL.OS2SCAPCSCAPC2M","2m SC/APC-SC/APC OS1 / OS2 Singlemode Fibre Optic Duplex Cable","","","","",""
"040.000.0029","4C | Classic Single Power Point with Extra Switch Cover Plate - White ***","","","","",""
"PDU.6WHGPOR.10A","1RU 6 Way GPO Recessed Rack Mount PDU Power Rail","","","","",""
"004.650.4004","1.5m CAT6A THIN U/UTP LSZH 28 AWG RJ45 Network Cable | Purple","","","","",""
"015.012.4303","2m Fibre Pigtail SC/APC OS1/OS2 Singlemode | 12 Pack","","","","",""
"004.002.6008","10m RJ45 CAT6 Ethernet Network Cable | Yellow","","","","",""
"011.180.1013","5m IEC C13 to C14 Extension Cord M-F: White","","","","",""
"013.012.6014","Cable Cover - 60mm x 13mm x 2m: Black","","","","",""
"004.650.9019","7m CAT6A THIN U/UTP LSZH 28 AWG RJ45 Network Cable | Pink","","","","",""
"011.180.1832","1.5m Medical IEC C7 to 10A Mains Power Cord | Orange","","","","",""
"UB.U6.PLUS","Ubiquiti | U6+ | Plus UniFi Compact AP WiFi6 Plus ** PoE Injector not included **","","","","",""
"004.650.7019","7m CAT6A THIN U/UTP LSZH 28 AWG RJ45 Network Cable | Grey","","","","",""
"005.004.0601","2m USB 3.1 (GEN 2x1) USB AM to CM Certified Premium Cable | 10G & 60W Support","","","","",""
"SLD.C6AFUTP.UVGF.BLACK","CAT6A F/UTP UV Stabilized LDPE Solid Core Gel Filled Cable | Roll 305m Black","","","","",""
"004.100.5001","0.25m CAT6A S/FTP LSZH Ethernet Network Cable | Orange","","","","",""
"004.650.8019","7m CAT6A THIN U/UTP LSZH 28 AWG RJ45 Network Cable | Green","","","","",""
"SFP-10G-SR-CIS","Cisco compatible (SFP-10G-SR SFP-10G-SR-X SFP-10G-SR-S) 10G, SFP+, 850nm, 300M Transceiver, LC Connector for MMF with DOM","","","","",""
"ZCOMP-T-1500","Space Maximiser 1.5M Track","","","","",""
"004.002.1019","7m RJ45 CAT6 Ethernet Network Cable | Red","","","","",""
"004.002.3016","0.75m RJ45 CAT6 Ethernet Network Cable | White","","","","",""
"040.000.0014","4C | Classic Single Power Point 250V 15A - Horizontal","","","","",""
"040.000.0188","4C | Angle Extension Socket IP66 500V 4Pin 10A","","","","",""
"040.050.0036","4C | Half Saddle Hot Dipped Galvanized Steel 25mm - 100 Pack","","","","",""
"012.001.0035","4Cabling Single Arm Wall Mount Gas Spring TV Bracket for 17"" to 32""","","","","",""
"040.0.0088","4C | Elegant Wall Switch 4 Gang 250V 16A | Horizontal","","","","",""
"004.650.9007","5m CAT6A THIN U/UTP LSZH 28 AWG RJ45 Network Cable | Pink","","","","",""
"004.300.7003","1m CAT6A RJ45 S/FTP THIN LSZH 30 AWG Network Cable | Grey","","","","",""
"022.000.0037","Stereo 3.5mm Jack to Stereo 3.5mm Jack 2m","","","","",""
"040.000.0033","4C | Classic 3 Gang Switch Polycarbonate Cover Plate - Gold Colour","","","","",""
"004.100.3018","4m CAT6A S/FTP LSZH Ethernet Network Cable | White","","","","",""
"011.180.1815","5m Medical IEC C13 to C14 Extension Power Cord | Orange","","","","",""
"040.000.0018","4C | Classic Single Power Point 250V 10A - Vertical","","","","",""
"004.001.8003","1m RJ45 CAT5E Ethernet Network Cable | Green","","","","",""
"004.650.2019","7m CAT6A THIN U/UTP LSZH 28 AWG RJ45 Network Cable | Black","","","","",""
"015.007.0078","OE Elsafe QIKFIT QF5 1x AUNZ Data Cutout White","","","","",""
"012.001.1433","4Cabling Single Monitor Arm Gas Spring Monitor Bracket","","","","",""
"M2.QUEEN","Mercku M2 Standalone Queen Wi-Fi Router MESH System","","","","",""
"004.100.2004","1.5m CAT6A S/FTP LSZH Ethernet Network Cable | Black","","","","",""
"004.002.5006","3m RJ45 CAT6 Ethernet Network Cable | Orange","","","","",""
"004.300.3018","4m CAT6A RJ45 S/FTP THIN LSZH 30 AWG Network Cable | White","","","","",""
"004.004.7004","1.5m CAT6 Ultra Thin LSZH Ethernet Network Cable | Pink","","","","",""
"SLD.C6UTP.WHITE.R","CAT6 Ethernet Cable Reel Box UTP LAN Cable w/ Solid Conductor | 305m White","","","","",""
"004.004.0004.50PACK","1.5m CAT6 Ultra Thin LSZH Ethernet Network Cable | 50 Pack Blue","","","","",""
"FL.OS2LCSC05M","0.5m LC-SC OS1 / OS2 Singlemode Fibre Optic Cable: Yellow","","","","",""
"011.180.1814","3m Medical IEC C13 to C14 Extension Power Cord | Orange","","","","",""
"FL.OS2LCSCAPC3M","3m LC-SC/APC OS1 / OS2 Singlemode Fibre Optic Duplex Patch Lead - 2mm Oversleeving | Yellow","","","","",""
"015.020.0050","OE Elsafe QIKFIT Quad Auto Switched Power Outlet 4 GPO Black","","","","",""
"004.300.9017","2.5m CAT6A RJ45 S/FTP THIN LSZH 30 AWG Network Cable | Pink","","","","",""
"004.004.5006","3m CAT6 Ultra Thin LSZH Ethernet Network Cable | Orange","","","","",""
"004.004.7000.10PACK","0.15m CAT6 Ultra Thin LSZH Ethernet Network Cable | 10 Pack Pink","","","","",""
"004.300.5007","5m CAT6A RJ45 S/FTP THIN LSZH 30 AWG Network Cable | Orange","","","","",""
"004.002.1007","5m RJ45 CAT6 Ethernet Network Cable | Red","","","","",""
"022.002.0441","15cm Mini DisplayPort Male to DVI Female: Black","","","","",""
"004.002.5008","10m RJ45 CAT6 Ethernet Network Cable | Orange","","","","",""
"004.002.8008","10m RJ45 CAT6 Ethernet Network Cable | Green","","","","",""
"004.004.0017.10PACK","2.5m CAT6 Ultra Thin LSZH Ethernet Network Cable | 10 Pack Blue","","","","",""
"004.650.4017","2.5m CAT6A THIN U/UTP LSZH 28 AWG RJ45 Network Cable | Purple","","","","",""
"011.180.1823","2m Medical IEC Right Angled C13 to 10A Mains Power Cord | Orange","","","","",""
"011.180.1835","5m Medical IEC C7 to 10A Mains Power Cord| Orange","","","","",""
"040.040.0346","4C | Plain Coupling Grey 32mm - 20 Pack","","","","",""
"005.004.0605","0.5m USB 3.1 (GEN 2x1) USB AM to CM Certified Premium Cable | 10G & 60W Support","","","","",""
"FL.OM4LCLC5MP","5m LC-LC OM4 Multimode Fibre Optic Cable: Salmon Pink","","","","",""
"001.006.0002","Disposable Cable stripper with 110 IDC Tool","","","","",""
"004.100.0017","2.5m CAT6A S/FTP LSZH Ethernet Network Cable | Blue","","","","",""
"004.650.7020","10m CAT6A THIN U/UTP LSZH 28 AWG RJ45 Network Cable | Grey","","","","",""
"006.008.1040","HDMI® Extender 1080P, up to 50m Support IR Repeat","","","","",""
"P.SOC.SM.SC.UPC.3","SC Singlemode UPC Splice-On Connector - 3.0mm Boots","","","","",""
"FL.OM4LCSC3M","3m LC-SC OM4 Multimode Fibre Optic Cable: Aqua","","","","",""
"FL.OS2LCLC5MBL","5m LC-LC OS1 / OS2 Singlemode Fibre Optic Cable: Black","","","","",""
"002.010.0060","4Cabling 1RU 19"" Snap-In Metal Blanking Panel","","","","",""
"004.002.6016","0.75m RJ45 CAT6 Ethernet Network Cable | Yellow","","","","",""
"011.180.1010","10m Power Extension Cable & Cord","","","","",""
"002.007.0425","4Cabling 4RU 19"" Vertical Wall Mount Frame","","","","",""
"004.004.6004.10PACK","1.5m CAT6 Ultra Thin LSZH Ethernet Network Cable | 10 Pack Yellow","","","","",""
"004.020.0032","2m Mini DisplayPort Male to DisplayPort Male V1.4 Cable: Black","","","","",""
"040.000.0131","4C | Extension Socket IP66 500V 10A 4Pin","","","","",""
"004.002.3018","4m RJ45 CAT6 Ethernet Network Cable | White","","","","",""
"012.001.1424","4Cabling Dual Monitor Arm - Mechanical Spring","","","","",""
"040.000.0024","4C | Classic 4 Gang Switch Grid and Cover Plate - White","","","","",""
"040.000.0142","4C | Socket Outlet 3Flat Pin IP66 250V 15A","","","","",""
"040.000.0059","4C | Classic Single Power Point with Extra Switch Polycarbonate Cover Plate - Black Colour","","","","",""
"040.0.0103","4C | Elegant 2 Gang Aluminium Cover Plate - Silver Matt","","","","",""
"FL.OM4LCLC3MEV","3m LC-LC OM4 Multimode Fibre Optic Patch Cable: Erika Violet","","","","",""
"011.180.1813","2m Medical IEC C13 to C14 Extension Power Cord | Orange","","","","",""
"004.004.6000.10PACK","0.15m CAT6 Ultra Thin LSZH Ethernet Network Cable | 10 Pack Yellow","","","","",""
"005.004.0401","1M USB Type-C Male to HDMI® 4K/60Hz Cable","","","","",""
"011.180.1103","5m IEC C14 to C15 High Temperature Extension Cable | Black","","","","",""
"040.000.0049","4C | Classic Single Power Point with Extra Switch Polycarbonate Cover Plate - Silver Colour ***","","","","",""
"040.050.0022","4C | 16mm Mounting Block","","","","",""
"LE-VPC-S2R2LPLP0005","LEVITON - Fiber Patch Cord OS2 Singlemode Yellow 2.0 mm DUP-RND, LC/UPC/UNIBOOT-LC/UPC/UNIBOOT, 0.5 Meters","","","","",""
"040.040.0414","4C | 25mm End Plug - 100 Pack","","","","",""
"M6.MESH","Mercku | Wi-Fi Wifi 6 Mesh System | M6 Router x 1 – Standalone","","","","",""
"ZBE-200","2.00m Length Set of 8 Orange Beams (4 bays)","","","","",""
"040.0.0087","4C | Elegant Wall Switch 3 Gang 250V 16A | Vertical","","","","",""
"040.000.0039","4C | Classic Single Power Point with Extra Switch Polycarbonate Cover Plate - Gold Colour ***","","","","",""
"040.000.0043","4C | Classic 3 Gang Switch Polycarbonate Cover Plate - Silver Colour","","","","",""
"003.025.1515","Saddle Type Mount - 15mm x 10mm - Black | Bag of 100","","","","",""
"004.002.4017","2.5m RJ45 CAT6 Ethernet Network Cable | Purple","","","","",""
"004.100.5010","10m CAT6A S/FTP LSZH Ethernet Network Cable | Orange","","","","",""
"FL.OS2SCSC1M","1m SC-SC OS1 / OS2 Singlemode Fibre Optic Cable : Yellow","","","","",""
"004.100.5017","2.5m CAT6A S/FTP LSZH Ethernet Network Cable | Orange","","","","",""
"FL.OM1LCLC1MB","1m LC-LC OM1 Multimode Fibre Optic Cable: Blue","","","","",""
"002.008.0017","4Cabling 2RU 19"" Cable Management Rail | 12 Slot","","","","",""
"004.004.1000.10PACK","0.15m CAT6 Ultra Thin LSZH Ethernet Network Cable | 10 Pack Red","","","","",""
"004.004.5018","4m CAT6 Ultra Thin LSZH Ethernet Network Cable | Orange","","","","",""
"004.300.3007","5m CAT6A RJ45 S/FTP THIN LSZH 30 AWG Network Cable | White","","","","",""
"004.650.5019","7m CAT6A THIN U/UTP LSZH 28 AWG RJ45 Network Cable | Orange","","","","",""
"011.180.1830","0.5m Medical IEC C7 to 10A Mains Power Cord | Orange","","","","",""
"FL.OM4LCLC15M","15m LC-LC OM4 Multimode Fibre Optic Patch Cable | Aqua","","","","",""
"015.012.1312","2m Fibre Pigtail LC OS1 / OS2 Singlemode | 12 Pack Rainbow","","","","",""
"004.002.4019","7m RJ45 CAT6 Ethernet Network Cable | Purple","","","","",""
"004.300.1007","5m CAT6A RJ45 S/FTP THIN LSZH 30 AWG Network Cable | Red","","","","",""
"011.180.1825","5m Medical IEC Right Angled C13 to 10A Mains Power Cord | Orange","","","","",""
"014.001.0002","3m Line Cord RJ12/RJ45","","","","",""
"004.650.2017.10PACK","2.5m CAT6A THIN U/UTP LSZH 28 AWG RJ45Network Cable | 10 Pack Black","","","","",""
"004.650.7002.10PACK","0.15m CAT6A THIN U/UTP LSZH 28 AWG RJ45 Network Cable | 10 Pack Grey","","","","",""
"040.040.0410","4C | Adaptable Box 77 x 77 x 54mm","","","","",""
"FL.OS2SCSC05M","0.5m SC-SC OS1 / OS2 Singlemode Fibre Optic Cable : Yellow","","","","",""
"LE-VPC-M4R2LPLP0005","LEVITON - Fiber Patch Cord OM4 Multimode Heather Violet 2.0 mm DUP-RND, LC/UPC/UNIBOOT-LC/UPC/UNIBOOT, 0.5 Meters","","","","",""
"P.SOC.SM.LC.APC.0.9","LC Singlemode APC Splice-On Connector - 0.9mm Boots","","","","",""
"004.004.6017","2.5m CAT6 Ultra Thin LSZH Ethernet Network Cable | Yellow","","","","",""
"FL.OS2LCSC3M","3m LC-SC OS2 Singlemode Fibre Optic Cable : Yellow","","","","",""
"P.SOC.SM.SC.APC.0.9","SC Singlemode APC Splice-On Connector - 0.9mm Boots","","","","",""
"004.004.1001.10PACK","0.25m CAT6 Ultra Thin LSZH Ethernet Network Cable | 10 Pack Red","","","","",""
"004.100.9017","2.5m CAT6A S/FTP LSZH Ethernet Network Cable | Pink","","","","",""
"040.040.0444","4C | Corrugated Conduit Gland Grey 40mm","","","","",""
"UB.AM","Ubiquiti Universal Arm Bracket","","","","",""
"005.006.0050","RJ45F to DB9M Adaptor - Re-wireable","","","","",""
"040.000.0045","4C | Classic 5 Gang Switch Polycarbonate Cover Plate - Silver Colour","","","","",""
"U.POE.AF","Ubiquiti | U-POE-AF | PoE Injector 802.3af Supported PoE Injector - up to 15W of PoE","","","","",""
"004.300.1017","2.5m CAT6A RJ45 S/FTP THIN LSZH 30 AWG Network Cable | Red","","","","",""
"015.002.0071","SC/APC Singlemode Through Coupler Simplex","","","","",""
"LE-6110G-RE6","LEVITON - eXtreme Cat 6A Unshielded Jack 110-Style - Black","","","","",""
"002.013.0645","4Cabling 6RU 600mm Wide x 450mm Deep Wall Mount Server Rack","","","","",""
"004.001.4003","1m RJ45 CAT5E Ethernet Network Cable | Purple","","","","",""
"004.004.3001.10PACK","0.25m CAT6 Ultra Thin LSZH Ethernet Network Cable | 10 Pack White","","","","",""
"004.100.1006","3m CAT6A S/FTP LSZH Ethernet Network Cable | Red","","","","",""
"004.100.6018","4m CAT6A S/FTP LSZH Ethernet Network Cable | Yellow","","","","",""
"040.000.0138","4C | Surface Switch IP66 3Pole 500V 10A","","","","",""
"004.002.0010","30m RJ45 CAT6 Ethernet Network Cable | Blue","","","","",""
"004.002.1005","2m RJ45 CAT6 Ethernet Network Cable | Red","","","","",""
"004.002.2016","0.75m RJ45 CAT6 Ethernet Network Cable | Black","","","","",""
"004.002.5017","2.5m RJ45 CAT6 Ethernet Network Cable | Orange","","","","",""
"004.004.0004.10PACK","1.5m CAT6 Ultra Thin LSZH Ethernet Network Cable | 10 Pack Blue","","","","",""
"006.002.6122","4Cabling 12 Port CAT6 Wall Mount Patch Panel","","","","",""
"040.000.0334","4C | Ultima 4 Gang Switch Grid and Cover Plate - White","","","","",""
"FL.OS2LCSC10M","10m LC-SC OS1 / OS2 Singlemode Fibre Optic Cable : Yellow","","","","",""
"005.004.0512","1m USB 3.2 (3.1 GEN 2x2) USB C M/M Certified Premium Cable | 20G & 100W Support","","","","",""
"011.180.0027","IEC C7 Figure 8 Appliance Power Cable Black 3M","","","","",""
"SFP-10G-LR-PLU","Plusoptic 10G, SFP+, 1310nm, 10KM Transceiver, LC Connector for SMF with DOM","","","","",""
"005.004.0515","3m USB 3.2 (3.1 GEN 2x2) USB C M/M Certified Premium Cable | 20G & 100W Support","","","","",""
"008.008.0030","RG6 PAL Crimp Female 12B6PF","","","","",""
"PDU.10WHC13.10A","1RU 10 Way C13 10A Outlet Horizontal PDU Rack Mount Power Rail with C14 Inlet","","","","",""
"SLD.C6UTP.UV.BLACK","CAT6 UTP LAN Outdoor UV Stabilised Cable on a Reel | 305m Roll Black","","","","",""
"002.008.0059","Desk Grommet Round 60mm | Black","","","","",""
"004.100.4016","0.75m CAT6A S/FTP LSZH Ethernet Network Cable | Purple","","","","",""
"005.001.0190","20M USB 2.0 AM-AF Active Extension Cable Black","","","","",""
"005.002.0135","Cat 6 8 Position RJ45 One-Piece Modular Crimp Plug | Solid | 100 Pack","","","","",""
"PDU.12WHGPO.10A","2RU 12 Way GPO Horizontal Rack Mount PDU Power Rail","","","","",""
"TO-DC-IMPACT","Impact Tool with Pouch","","","","",""
"004.100.0018","4m CAT6A S/FTP LSZH Ethernet Network Cable | Blue","","","","",""
"004.650.0002.10PACK","0.15m CAT6A THIN U/UTP LSZH 28 AWG RJ45 Network Cable | 10 Pack Blue","","","","",""
"004.650.2020","10m CAT6A THIN U/UTP LSZH 28 AWG RJ45 Network Cable | Black","","","","",""
"004.650.8000","0.25m CAT6A THIN U/UTP LSZH 28 AWG RJ45 Network Cable | Green","","","","",""
"011.180.0049","IEC C19 to C20 Power Cable 15A Black 10m","","","","",""
"FL.OM4LCLC5MR","5m LC-LC OM4 Multimode Fibre Optic Patch Cable: Red","","","","",""
"U.POE.AT","Ubiquiti | U-PoE+ | 802.3at Supported PoE Injector, 30W, Suitable for U6 and U7 Access Points","","","","",""
"004.002.2004","1.5m RJ45 CAT6 Ethernet Network Cable | Black","","","","",""
"004.650.7001","0.5m CAT6A THIN U/UTP LSZH 28 AWG RJ45 Network Cable | Grey","","","","",""
"012.001.0223","4Cabling Ultra Slim & Heavy Duty TV Wall Mount 37"" to 80"" | Max VESA 600 x 400","","","","",""
"015.006.0031","OE Elsafe: Wall Starter Side Entry - White","","","","",""
"040.040.0337","4C | 25mm Sweep Bend 90° White Medium Duty UV resistance","","","","",""
"ZBE-150","1.50m Length Set of 8 Orange Beams (4 bays)","","","","",""
"040.000.0190","4C | Angle Extension Socket IP66 500V 4Pin 32A","","","","",""
"FL.OS2LCLCAPC5M","5m LC - LC/APC OS1 / OS2 Singlemode Fibre Optic Duplex Cable","","","","",""
"004.002.6017","2.5m RJ45 CAT6 Ethernet Network Cable | Yellow","","","","",""
"022.007.0002","2M Ultra Slim Premium High Speed HDMI® cable with Ethernet Supports 4K@60Hz as specified in HDMI 2.0","","","","",""
"002.008.0032","4Cabling 2RU 19"" Cable Management Rail | 5 Plastic Ring","","","","",""
"004.100.6016","0.75m CAT6A S/FTP LSZH Ethernet Network Cable | Yellow","","","","",""
"011.180.1824","3m Medical IEC Right Angled C13 to 10A Mains Power Cord | Orange","","","","",""
"040.0.0101","4C | Elegant Double Power Point 250V 10A with Extra Switch | Vertical","","","","",""
"004.002.2022","20m RJ45 CAT6 Ethernet Network Cable | Black","","","","",""
"004.004.9006.10PACK","3m CAT6 Ultra Thin LSZH Ethernet Network Cable | 10 Pack Grey","","","","",""
"FL.OS2LCSCAPC10","10m LC-SC/APC OS1 / OS2 Singlemode Fibre Optic Duplex Cable","","","","",""
"004.002.8018","4m RJ45 CAT6 Ethernet Network Cable | Green","","","","",""
"004.004.2005.10PACK","2m CAT6 Ultra Thin LSZH Ethernet Network Cable | 10 Pack Black","","","","",""
"004.004.3002.10PACK","0.5m CAT6 Ultra Thin LSZH Ethernet Network Cable | 10 Pack White","","","","",""
"004.004.8003.10PACK","1m CAT6 Ultra Thin LSZH Ethernet Network Cable | 10 Pack Green","","","","",""
"040.000.0189","4C | Angle Extension Socket IP66 500V 4Pin 20A","","","","",""
"040.000.0297","4C | Classic 3 Gang Switch 250V 16AX | Vertical","","","","",""
"004.004.6002.10PACK","0.5m CAT6 Ultra Thin LSZH Ethernet Network Cable | 10 Pack Yellow","","","","",""
"012.001.0227","4Cabling Heavy Duty & Full Motion TV Wall Mount 43"" to 100""| Max VESA 800 x 400","","","","",""
"040.0.0086","4C | Elegant Wall Switch 3 Gang 250V 16A | Horizontal","","","","",""
"040.000.0046","4C | Classic 6 Gang Switch Polycarbonate Cover Plate - Silver Colour","","","","",""
"AL-AP6","Alta Labs | AP6 Enterprise Access Point, WiFi 6, 2x2, Cloud Managed","","","","",""
"012.001.1032","Dual Arm Double Joint Monitor Bracket Supports up to 2 x 32"" Monitor | Max VESA 100 x 100","","","","",""
"040.000.0041","4C | Classic 1 Gang Switch Polycarbonate Cover Plate - Silver Colour","","","","",""
"040.000.0255","4C | Switch Mechanism Single Pole 250V 35A","","","","",""
"004.004.2004.10PACK","1.5m CAT6 Ultra Thin LSZH Ethernet Network Cable | 10 Pack Black","","","","",""
"SFP-1G-LX-PLU","Plusoptic 1.25G, SFP, 1310nm, 10KM Transceiver, LC Connector for SMF with DOM","","","","",""
"SFP-1G-SX-PLU","Plusoptic 1.25G, SFP, 850nm, 550M Transceiver, LC Connector for MMF with DOM","","","","",""
"040.000.0055","4C | Classic 5 Gang Switch Polycarbonate Cover Plate - Black Colour","","","","",""
"FL.OS2LCLC05MBL","0.5m LC-LC OS1 / OS2 Singlemode Fibre Optic Cable: Black","","","","",""
"004.004.1003.10PACK","1m CAT6 Ultra Thin LSZH Ethernet Network Cable | 10 Pack Red","","","","",""
"040.0.0091","4C | Elegant Wall Switch 5 Gang 250V 16A | Vertical","","","","",""
"FL.OM1LCLC1M","1m LC-LC OM1 Multimode Fibre Optic Cable: Orange","","","","",""
"005.008.0071","HDMI® Up Right Angled 90 Degree Adaptor | Supports 1080p@60Hz as specified in HDMI 1.4","","","","",""
"001.004.0468","4Cabling CAT5E, CAT6, CAT6A or CAT7 Ethernet Continuity Tester","","","","",""
"002.003.2088","4Cabling 1RU Universal Fixed Shelf for Server Racks with Rail to Rail Depth up to 470mm","","","","",""
"012.001.0224","4Cabling Ultra Slim & Heavy Duty Free-Tilting TV Wall Mount 37"" to 80""| Max VESA 600 x 400","","","","",""
"022.009.2000","0.5m Premium Certified High Speed HDMI® Cable with Ethernet | Supports 4K@60Hz","","","","",""
"004.300.0018","4m CAT6A RJ45 S/FTP THIN LSZH 30 AWG Network Cable | Blue","","","","",""
"004.004.4000.10PACK","0.15m CAT6 Ultra Thin LSZH Ethernet Network Cable | 10 Pack Purple","","","","",""
"004.650.1017","2.5m CAT6A THIN U/UTP LSZH 28 AWG RJ45 Network Cable | Red","","","","",""
"040.050.0025","4C | Universal Type Recessed 45mm Mounting Box","","","","",""
"004.004.0000.50PACK","0.15m CAT6 Ultra Thin LSZH Ethernet Network Cable | 50 Pack Blue","","","","",""
"004.100.3010","10m CAT6A S/FTP LSZH Ethernet Network Cable | White","","","","",""
"011.180.1812","1.5m Medical IEC C13 to C14 Extension Power Cord | Orange","","","","",""
"015.000.0006","OE Elsafe: IC Cable 1500mm: White","","","","",""
"040.000.0064","4C | Ultima 4 Gang Switch 250V 16AX - Vertical","","","","",""
"FL.OS2LCLC15M","15m LC-LC OS1 / OS2 Singlemode Fibre Optic Cable : Yellow","","","","",""
"SFP-1G-SX-HP","HP / Aruba compatible (A6515A J4858A J4858B J4858C J4858D) 1.25G, SFP, 850nm, 550M Transceiver, LC Connector for MMF with DOM","","","","",""
"004.004.7001.10PACK","0.25m CAT6 Ultra Thin LSZH Ethernet Network Cable | 10 Pack Pink","","","","",""
"011.180.1810","0.5m Medical IEC C13 to C14 Extension Power Cord | Orange","","","","",""
"004.100.3019","7m CAT6A S/FTP LSZH Ethernet Network Cable | White","","","","",""
"040.040.0405","4C | Plastic Saddle 32mm Grey","","","","",""
"004.004.4005","2m CAT6 Ultra Thin LSZH Ethernet Network Cable | Purple","","","","",""
"006.004.0048","4Cabling 1RU 48 Port CAT6 Universal Termination Patch Panel","","","","",""
"004.002.0002.10PACK","0.5m RJ45 CAT6 Ethernet Network Cable | 10 Pack Blue","","","","",""
"004.004.2003.10PACK","1m CAT6 Ultra Thin LSZH Ethernet Network Cable | 10 Pack Black","","","","",""
"006.003.0002","4Cabling 1RU 24 Port CAT5E Universal Termination Patch Panel","","","","",""
"008.008.0068","RG59 F Type Crimp On Connector","","","","",""
"015.010.4100","0.5m LC Flexi Boot - LC Flexi Boot OM4 Multimode Fibre Optic Duplex Patch Lead","","","","",""
"003.002.0017","Screw Eye Bolt 175 x 8mm","","","","",""
"004.004.0001.50PACK","0.25m CAT6 Ultra Thin LSZH Ethernet Network Cable | 50 Pack Blue","","","","",""
"013.012.7014","Cable Covers - 70mm x 15mm x 2m: Black","","","","",""
"014.001.0001","2m Line Cord RJ12/RJ45","","","","",""
"FL.OS2LCSCAPC5M","5m LC-SC/APC OS1 / OS2 Singlemode Fibre Optic Duplex Cable","","","","",""
"SLD.C6ASFTP.LSZH.GREY","CAT6A S/FTP LSZH Solid Core Cable Roll 305m : 23AWG: GREY","","","","",""
"004.002.0005.10PACK","2m RJ45 CAT6 Ethernet Network Cable | 10 Pack Blue","","","","",""
"004.004.6003.10PACK","1m CAT6 Ultra Thin LSZH Ethernet Network Cable | 10 Pack Yellow","","","","",""
"004.650.3019","7m CAT6A THIN U/UTP LSZH 28 AWG RJ45 Network Cable | White","","","","",""
"004.650.8020","10m CAT6A THIN U/UTP LSZH 28 AWG RJ45 Network Cable | Green","","","","",""
"015.002.0053","SC OM3 / OM4 Multimode Through Coupler DUPLEX","","","","",""
"040.000.0040","4C | Classic Double Power Point with Extra Switch Polycarbonate Cover Plate - Gold Colour","","","","",""
"FL.OM4LCSC5MP","5m LC-SC OM4 Multimode Fibre Optic Cable: Salmon Pink - 2mm","","","","",""
"004.002.8022","20m RJ45 CAT6 Ethernet Network Cable | Green","","","","",""
"004.004.0002.50PACK","0.5m CAT6 Ultra Thin LSZH Ethernet Network Cable | 50 Pack Blue","","","","",""
"005.002.0086","UY3 wire cable tap connectors (100 Pack)","","","","",""
"FL.OM4LCST2M","2m LC-ST OM4 Multimode Fibre Optic Cable: Aqua","","","","",""
"004.002.1008","10m RJ45 CAT6 Ethernet Network Cable | Red","","","","",""
"008.008.0038","TV Antenna Cable Adapter - F TYPE Male to PAL Female Adaptor / Straight","","","","",""
"015.007.0063","OE Elsafe QIKFIT 2x Data Cutout White","","","","",""
"040.000.0025","4C | Classic 5 Gang Switch Grid and Cover Plate - White","","","","",""
"P.SOC.SM.LC.APC.2","LC Singlemode APC Splice-On Connector - 2.0mm Boots","","","","",""
"011.060.0032","4Cabling Nylon Cable Ties 160mm (L) x 4.8mm (W) Natural | Bag of 100","","","","",""
"016.011.0001","Cat5e Inline Coupler Punch Down","","","","",""
"022.002.0250","15cm DisplayPort Male - DVI Female: Black","","","","",""
"002.010.0003","4Cabling 3RU 19"" Metal Blanking Panel","","","","",""
"004.650.4019","7m CAT6A THIN U/UTP LSZH 28 AWG RJ45 Network Cable | Purple","","","","",""
"008.008.0036","Right Angle - F Type Male to F Type Female 3 GHz | FOXTEL APPROVED","","","","",""
"015.002.0077","LC OM1 Multimode Through Coupler Flangeless Duplex | Beige","","","","",""
"FL.OS2LCSC1.5M","1.5m LC-SC OS1 / OS2 Singlemode Fibre Optic Cable : Yellow","","","","",""
"UB.ETH.SP.G2","Ubiquiti Ethernet Surge Protector ETH-SP-G2","","","","",""
"FL.OS2LCLCAPC2M","2m LC - LC/APC OS1 / OS2 Singlemode Fibre Optic Duplex Cable","","","","",""
"002.013.0945","4Cabling 9RU 600mm Wide x 450mm Deep Wall Mount Server Rack","","","","",""
"013.294.8010","OE Elsafe Prodigy 950 mm Single Tier Cable Management Basket White","","","","",""
"002.013.1260","4Cabling 12RU 600mm Wide x 600mm Deep Hinged Wall Mount Server Rack","","","","",""
"005.008.0100","3.5mm Audio Insert with Tail","","","","",""
"008.008.0090","F Type Female to F Type Female Panel Mount | 3 GHz | FOXTEL APPROVED","","","","",""
"015.002.0007","LC-LC OM1 Quad Coupler Multimode Ceramic","","","","",""
"040.000.0257","4C | Intermediate Mechanism 250V 10A","","","","",""
"FL.OS2LCLCAPC10M","10m LC - LC/APC OS1 / OS2 Singlemode Fibre Optic Duplex Cable","","","","",""
"SFP-1G-SX-CIS","Cisco compatible (GLC-SX-MM GLC-SX-MMD ONS-SC-GE-SX SFP-GE-S) 1.25G, SFP, 850nm, 550M Transceiver, LC Connector for MMF with DOM","","","","",""
"004.004.0007.10PACK","5m CAT6 Ultra Thin LSZH Ethernet Network Cable | 10 Pack Blue","","","","",""
"004.650.2003.10PACK","1m CAT6A THIN U/UTP LSZH 28 AWG RJ45 Network Cable | 10 Pack Black","","","","",""
"015.002.0001","SC OM1 Multimode Through Coupler DUPLEX","","","","",""
"040.000.0065","4C | Ultima 5 Gang Switch 250V 16AX - Vertical","","","","",""
"001.006.0014","4Pro's Professional 5 1/4"" Precise Flush Cut Pliers","","","","",""
"004.002.0018","4m RJ45 CAT6 Ethernet Network Cable | Blue","","","","",""
"004.004.3000.10PACK","0.15m CAT6 Ultra Thin LSZH Ethernet Network Cable | 10 Pack White","","","","",""
"004.004.7002","0.5m CAT6 Ultra Thin LSZH Ethernet Network Cable | Pink","","","","",""
"011.180.1802","1.5m Medical IEC C13 to 10A Mains Power Cord | Orange","","","","",""
"040.050.0024","4C | 4 Gang 25mm Mounting Block","","","","",""
"004.100.4019","7m CAT6A S/FTP LSZH Ethernet Network Cable | Purple","","","","",""
"004.100.7007","5m CAT6A S/FTP LSZH Ethernet Network Cable | Grey","","","","",""
"008.008.0066","RG6 PAL Crimp Male 12B6PM","","","","",""
"015.012.1410","Fibre Pigtail LC OM4 Multimode 2m - 6 pack Rainbow - Aqua Connector | Backward Compatible With OM3","","","","",""
"022.000.0034","Stereo 3.5mm Jack to Stereo 3.5mm Jack 3m","","","","",""
"011.165.5944","Jackson 4 Outlet Surge Protected Powerboard w/ Master Switch","","","","",""
"012.001.1434","4Cabling Dual Monitor Arm Gas Spring Bracket | Max VESA 100 x 100","","","","",""
"022.002.0453","3m Mini DisplayPort Male - HDMI® Male Cable: Black","","","","",""
"040.000.0299","4C | Classic 5 Gang Switch 250V 16AX | Vertical","","","","",""
"004.004.5002.10PACK","0.5m CAT6 Ultra Thin LSZH Ethernet Network Cable | 10 Pack Orange","","","","",""
"011.180.0045","IEC C19 to C20 Power Cable 15A Black 1M","","","","",""
"011.180.1831","1m Medical IEC C7 to 10A Mains Power Cord | Orange","","","","",""
"015.010.3101","1m LC Flexi Boot - LC Flexi Boot OS1 / OS2 Singlemode Fibre Optic Duplex Cable","","","","",""
"015.012.1409","Fibre Pigtail SC OM4 Multimode 2m - 12 pack Rainbow - Aqua Connector | Backward Compatible With OM3","","","","",""
"040.000.0028","4C | Classic Single Power Point Cover Plate - White","","","","",""
"FL.OS2LCLCAPC1.5M","1.5m LC - LC/APC OS1 / OS2 Singlemode Fibre Optic Duplex Cable","","","","",""
"016.000.1005","Bullnose LOW PROFILE Wall Plate: White","","","","",""
"PDU.12WHGPOR.10A","2RU 12 Way GPO Horizontal PDU Recessed Rack Mount Power Rail","","","","",""
"004.002.0001.10PACK","0.25m RJ45 CAT6 Ethernet Network Cable | 10 Pack Blue","","","","",""
"005.001.0172","USB 2.0 AM-AF Cable: 2m","","","","",""
"TT.PR5MEC00","Teltonika | PR5MEC00 | Large DIN Rail Kit","","","","",""
"004.100.4010","10m CAT6A S/FTP LSZH Ethernet Network Cable | Purple","","","","",""
"LW-DLB-WALLMOUNT","LigoWave | Wall Mounting Kit for the LigoDLB Series","","","","",""
"SFP-10G-LR-HP","HP / Aruba compatible (J9151A J9151B J9151C J9151D J9151E) 10G, SFP+, 1310nm, 10KM Transceiver, LC Connector for SMF with DOM","","","","",""
"004.650.4020","10m CAT6A THIN U/UTP LSZH 28 AWG RJ45 Network Cable | Purple","","","","",""
"015.010.3102","1.5m LC Flexi Boot - LC Flexi Boot OS1 / OS2 Singlemode Fibre Optic Duplex Cable","","","","",""
"040.000.0314","4C | Classic Double Power Point 250V 10A with 16AX Extra Switch - Horizontal","","","","",""
"004.100.9004","1.5m CAT6A S/FTP LSZH Ethernet Network Cable | Pink","","","","",""
"015.000.0008","OE Elsafe: IC Cable 2000mm: White","","","","",""
"015.002.0022","SC OS1 Singlemode Through Coupler DUPLEX","","","","",""
"040.000.0077","4C | Ultima Single Power Point 250V 10A - Vertical","","","","",""
"004.001.2008","10m RJ45 CAT5E Ethernet Network Cable | Black","","","","",""
"004.002.7017","2.5m RJ45 CAT6 Ethernet Network Cable | Pink","","","","",""
"004.004.2017","2.5m CAT6 Ultra Thin LSZH Ethernet Network Cable | Black","","","","",""
"004.100.1016","0.75m CAT6A S/FTP LSZH Ethernet Network Cable | Red","","","","",""
"004.650.8007","5m CAT6A THIN U/UTP LSZH 28 AWG RJ45 Network Cable | Green","","","","",""
"011.180.2003","3m Power Extension Cord & Cable","","","","",""
"015.002.0080","LC OS1/OS2 Singlemode Through Coupler Flangeless Quad Ceramic Sleeve | Blue","","","","",""
"040.000.0056","4C | Classic 6 Gang Switch Polycarbonate Cover Plate - Black Colour","","","","",""
"040.000.0156","4C | Combination Switched socket 5 Pin IP66 500V 32A","","","","",""
"SFP-T-CIS","Cisco compatible (DS-SFP-GE-T GLC-T ONS-SE-ZE-EL GLC-TE) 1000Mbps, Copper SFP, 100M Transceiver, RJ-45 Connector for Copper","","","","",""
"005.002.0034","Cat 6 8 Position RJ45 One-Piece Modular Crimp Plug | Stranded | 10 Pack","","","","",""
"FL.OS2LCSCAPC1.5M","1.5m LC-SC/APC OS1 / OS2 Singlemode Fibre Optic Duplex Cable","","","","",""
"004.002.7018","4m RJ45 CAT6 Ethernet Network Cable | Pink","","","","",""
"004.300.0000.10PACK","0.25m CAT6A RJ45 S/FTP THIN LSZH 30 AWG Network Cable | 10 Pack Blue","","","","",""
"013.294.8000","OE Elsafe Prodigy 750 mm Single Tier Cable Management Basket White","","","","",""
"FL.OM1LCLC05M","0.5m LC-LC OM1 Multimode Fibre Optic Cable: Orange","","","","",""
"ZBE-120","1.20m Length Set of 8 Orange Beams (4 bays)","","","","",""
"004.004.3003.10PACK","1m CAT6 Ultra Thin LSZH Ethernet Network Cable | 10 Pack White","","","","",""
"010.004.0002U","Australian Style CAT6 RJ45 Jack Universal Termination | 50 Pack White","","","","",""
"011.060.0311","Cable Marker Ties: Small","","","","",""
"040.000.0036","4C | Classic 6 Gang Switch Polycarbonate Cover Plate - Gold Colour","","","","",""
"BISFP-D-20-PLU","Plusoptic 1.25G, BiDi SFP, TX1490nm / RX1310nm, 20KM Transceiver, LC Connector for SMF with DOM","","","","",""
"FL.OS2LCLC1.5MBL","1.5m LC-LC OS1 / OS2 Singlemode Fibre Optic Cable: Black","","","","",""
"002.002.0025","4Cabling 1RU 150mm Deep Cantilever Shelf","","","","",""
"004.002.7007","5m RJ45 CAT6 Ethernet Network Cable | Pink","","","","",""
"004.650.8001.10PACK","0.5m CAT6A THIN U/UTP LSZH 28 AWG RJ45 Network Cable | 10 Pack Green","","","","",""
"005.001.0185","15M USB 2.0 AM-AF Active Extension Cable Black","","","","",""
"011.165.1024","Jackson | PT1814USB3C | 4 Way Individually Switched Power Board w/ 2 x USB A & 2 x USB C Charging Outlets | 1m Lead | BLACK","","","","",""
"012.001.4046","4Cabling Landscape Pop-out Video Wall Mount Bracket","","","","",""
"040.000.0079","4C | Ultima Double Power Point 250V 10A | Vertical","","","","",""
"FL.OS2LCLC3MR","3m LC-LC OS1 / OS2 Singlemode Fibre Optic Cable: Red","","","","",""
"004.002.5019","7m RJ45 CAT6 Ethernet Network Cable | Orange","","","","",""
"017.121.0501","DIN-Rail FOBOT / Splice Distributor with Metal Casing For DIN-Rail","","","","",""
"FL.OM4LCLC5MEV","5m LC-LC OM4 Multimode Fibre Optic Patch Cable: Erika Violet","","","","",""
"004.002.4020","15m RJ45 CAT6 Ethernet Network Cable | Purple","","","","",""
"004.650.7000.10PACK","0.25m CAT6A THIN U/UTP LSZH 28 AWG RJ45 Network Cable | 10 Pack Grey","","","","",""
"022.002.0463","3m Mini DisplayPort Male to HDMI® Male Cable | Supports 4K@60Hz as specified in HDMI 2.0","","","","",""
"SLD.C6AUUTP.GREEN","4C | CAT6A U/UTP 23AWGx4P, PVC Jacket | Supplied on Plastic Reel | 305m Green","","","","",""
"004.004.5001.10PACK","0.25m CAT6 Ultra Thin LSZH Ethernet Network Cable | 10 Pack Orange","","","","",""
"008.008.0035","Right Angle - F Type Female to Pal Male","","","","",""
"011.180.1800","0.5m Medical IEC C13 to 10A Mains Power Cord | Orange","","","","",""
"015.006.4402","2m SC-SC OM4 Multimode Fibre Optic Cable: 3mm Oversleeving | Aqua","","","","",""
"016.008.0003","4 Port Keystone Surface Mount Box","","","","",""
"FL.OM4LCSC3MP","3m LC-SC OM4 Multimode Fibre Optic Cable: Salmon Pink","","","","",""
"004.002.3022","20m RJ45 CAT6 Ethernet Network Cable | White","","","","",""
"040.040.0345","4C | Plain Coupling Grey 25mm - 50 Pack","","","","",""
"CA-AD-USAFM5BM","USB 2.0 (A Female to Micro 5pin B Male) Adapter","","","","",""
"PP.48PFTP.UL","4C | Patch Panel : 1RU 48 Port FTP Patch Panel - UNLOADED | Inc Support Bar","","","","",""
"004.650.1020","10m CAT6A THIN U/UTP LSZH 28 AWG RJ45 Network Cable | Red","","","","",""
"009.009.0045","Cisco Console Cable DB9 to RJ45 1.8m","","","","",""
"022.002.0305","5m HDMI® Male to DVI-D Dual Link Male","","","","",""
"040.000.0157","4C | 1 Module Mounting Base","","","","",""
"040.000.0233","4C | Weatherproof Isolator 3 Pole IP66 440V 35A","","","","",""
"FL.OM4LCSC3MB","3m LC-SC OM4 Multimode Fibre Optic Cable: Blue","","","","",""
"TP.MC220L","TP-Link MC220L | Gigabit SFP Media Converter","","","","",""
"004.004.0016.10PACK","0.75m CAT6 Ultra Thin LSZH Ethernet Network Cable | 10 Pack Blue","","","","",""
"004.650.6007","5m CAT6A THIN U/UTP LSZH 28 AWG RJ45 Network Cable | Yellow","","","","",""
"006.016.0047","TP-Link | MC210CS | Gigabit Single-Mode Media Converter","","","","",""
"040.000.0134","4C | Surface Switch IP66 1Pole 250V 20A","","","","",""
"SFP-1G-LX-HP","HP / Aruba compatible (J4859A J4859B J4859C J4859D) 1.25G, SFP, 1310nm, 10KM Transceiver, LC Connector for SMF with DOM","","","","",""
"UB.U.PRO.MP","Ubiquiti | U-PRO-MP | Versatile mounting system for U7-Pro, U6-Pro, U6-LR, UAP-AC-Pro","","","","",""
"004.002.9007","5m RJ45 CAT6 Ethernet Network Cable | Grey","","","","",""
"005.002.0156","RJ45 CAT6 Solid 8P8C 23AWG S/FTP & UTP Crimp Plug | 50 Pack","","","","",""
"004.002.3001.10PACK","0.25m RJ45 CAT6 Ethernet Network Cable | 10 Pack White","","","","",""
"004.650.5020","10m CAT6A THIN U/UTP LSZH 28 AWG RJ45 Network Cable | Orange","","","","",""
"040.000.0145","4C | Socket Outlet 4Pin IP66 500V 32A","","","","",""
"004.100.5018","4m CAT6A S/FTP LSZH Ethernet Network Cable | Orange","","","","",""
"040.0.0110","4C | Elegant double GPO Aluminium Cover Plate - Silver Matt","","","","",""
"004.004.5000.10PACK","0.15m CAT6 Ultra Thin LSZH Ethernet Network Cable | 10 Pack Orange","","","","",""
"008.008.0087","BNC Male to F Female Adaptor","","","","",""
"017.121.0502","DIN-Rail FOBOT / Splice Distributor with Metal Casing For DIN-Rail | Black","","","","",""
"FL.OM1LCST5M","5m LC-ST OM1 Multimode Fibre Optic Cable: Orange","","","","",""
"FL.OM4LCSC2MP","2m LC-SC OM4 Multimode Fibre Optic Cable: 2mm Oversleeving - Salmon Pink","","","","",""
"004.002.1004","1.5m RJ45 CAT6 Ethernet Network Cable | Red","","","","",""
"004.100.9018","4m CAT6A S/FTP LSZH Ethernet Network Cable | Pink","","","","",""
"013.002.2525","Cable Ducting 25mm(W) x 25mm(H) x 2m: White","","","","",""
"016.004.0005","HDMI® Horizontal Wall Plate with Dongle","","","","",""
"040.000.0339","4C | Blank Mechanism - 10 Pack","","","","",""
"040.040.0394","4C | Deep Junction Box 20mm 3 Way - 10 Pack","","","","",""
"004.002.2050","50m RJ45 CAT6 Ethernet Network Cable | Black","","","","",""
"015.002.0006","LC OM1 Multimode Through Coupler Adaptor","","","","",""
"015.006.4403","3m SC-SC OM4 Multimode Fibre Optic Cable: 3mm Oversleeving | Aqua","","","","",""
"022.009.4004","3m Ultra High Speed HDMI® Cable with Ethernet | Supports 8K@60Hz as specified in HDMI 2.1","","","","",""
"040.000.0017","4C | Classic Double Power Point 250V 10A - Vertical","","","","",""
"002.005.0010","Jackson | RAC0600 | 1RU 6 Outlet PDU 19"" Rack Mounted Power Rail with Surge Protection","","","","",""
"004.300.5018","4m CAT6A RJ45 S/FTP THIN LSZH 30 AWG Network Cable | Orange","","","","",""
"004.650.0017.10PACK","2.5m CAT6A THIN U/UTP LSZH 28 AWG RJ45Network Cable | 10 Pack Blue","","","","",""
"004.650.3020","10m CAT6A THIN U/UTP LSZH 28 AWG RJ45 Network Cable | white","","","","",""
"011.180.1016","3m IEC C13 to Mains 10A Power Cable | White","","","","",""
"FL.OM1LCLC15M","15m LC-LC OM1 Multimode Fibre Optic Cable: Orange","","","","",""
"004.002.2001.10PACK","0.25m RJ45 CAT6 Ethernet Network Cable | 10 Pack Black","","","","",""
"004.002.9018","4m RJ45 CAT6 Ethernet Network Cable | Grey","","","","",""
"004.004.2007.10PACK","5m CAT6 Ultra Thin LSZH Ethernet Network Cable | 10 Pack Black","","","","",""
"040.000.0035","4C | Classic 5 Gang Switch Polycarbonate Cover Plate - Gold Colour","","","","",""
"040.000.0232","4C | Weatherproof Isolator 3 Pole 440V 20A IP66","","","","",""
"040.040.0388","4C | Deep Junction Box 20mm 1 Way - 10 Pack","","","","",""
"FL.OM4SCSC1M","1m SC-SC OM4 Multimode Fibre Optic Cable: Aqua","","","","",""
"004.002.1020","15m RJ45 CAT6 Ethernet Network Cable | Red","","","","",""
"004.002.9019","7m RJ45 CAT6 Ethernet Network Cable | Grey","","","","",""
"004.100.8020","15m CAT6A S/FTP LSZH Ethernet Network Cable | Green","","","","",""
"011.180.1811","1m Medical IEC C13 to C14 Extension Power Cord | Orange","","","","",""
"FL.OM1LCST3M","3m LC-ST OM1 Multimode Fibre Optic Cable: Orange","","","","",""
"FL.OM4LCST3MB","3m LC-ST OM4 Multimode Fibre Optic Cable | Blue","","","","",""
"FL.OS2LCSC3MP","3m LC-SC OS1 / OS2 Singlemode Fibre Optic Cable: Salmon Pink","","","","",""
"004.004.1003.50PACK","1m CAT6 Ultra Thin LSZH Ethernet Network Cable | 50 Pack Red","","","","",""
"022.002.0340","1m DisplayPort Male to HDMI® Male Cable | Supports 4K @60Hz as specified in HDMI 2.0","","","","",""
"040.000.0130","4C | Extension Socket IP66 250V 15A 3Flat Pin","","","","",""
"FL.OS2LCST1M","1m LC-ST OS1 / OS2 Singlemode Fibre Optic Cable: Yellow","","","","",""
"002.005.1012","Jackson 2RU 12 Way GPO Horizontal Recessed PDU Power Rail with IEC C14 Input","","","","",""
"002.003.0600","1RU Fixed Shelf Suitable for 4Cabling 600mm Deep Freestanding Rack","","","","",""
"004.004.7007","5m CAT6 Ultra Thin LSZH Ethernet Network Cable | Pink","","","","",""
"LE-VPK-S2TLC1200-01","LEVITON - Pigtail Kit OS2 Singlemode 12 Pigtails TIA Colors 1-12 900 Micron Tight Buffer LSZH LC/UPC 1 Meter Sustainably Smart Packaging","","","","",""
"002.013.0455","4Cabling 4RU 600mm Wide x 600mm Deep Hinged Wall Mount Server Rack","","","","",""
"004.002.3019","7m RJ45 CAT6 Ethernet Network Cable | White","","","","",""
"015.004.0026","Lockable 2 Door FOBOT Wall Enclosure | Up to 48 Fibres (48 x LC or 24 x SC/ST)","","","","",""
"040.000.0143","4C | Socket Outlet 4Pin IP66 500V 10A","","","","",""
"PDU.10WHC13.15A","1RU 10 Way C13 15A Outlet Horizontal PDU Rack Mount Power Rail with C19 Inlet","","","","",""
"TT.PR5MEC11","Teltonika | PR5MEC11 | Compact DIN Rail Kit","","","","",""
"002.003.0800","4Cabling 1RU Fixed Shelf 550mm Deep for 800mm Deep Server Racks","","","","",""
"004.004.8005.10PACK","2m CAT6 Ultra Thin LSZH Ethernet Network Cable | 10 Pack Green","","","","",""
"040.040.0408","4C | Corrugated Conduit Gland Grey 32mm","","","","",""
"AL-AP6-PRO","Alta Labs | AP6 Pro Enterprise Access Point, WiFi 6 with WiFi 7 benefits, 4x4, Cloud Managed","","","","",""
"CC5YE-5.0","Yellow CAT5E Network Cable Patch Lead 5M","","","","",""
"UB.CM.1G","Ubiquiti | UACC-CM-RJ45-1G | (UF-RJ45-1G) SFP Transceiver Module, SFP to RJ45","","","","",""
"005.004.0250","5M Active USB 3.1 CM TO AM cable 26+22AWG support 5Gbps","","","","",""
"040.040.0390","4C | Deep Junction Box 20mm 2 Way Through - 10 Pack","","","","",""
"FL.OM4SCSC1MP","1m SC-SC OM4 Multimode Fibre Optic Cable: Salmon Pink - 2mm","","","","",""
"004.002.2030","30m RJ45 CAT6 Ethernet Network Cable | Black","","","","",""
"005.004.0523","0.5m USB4 (Gen3) CM-CF Double Straight Cable | 100W & 40G Support","","","","",""
"015.000.0084","OE Elsafe: IC Cable 2000mm: Black","","","","",""
"040.040.0384","4C | Junction Box 20mm 3 Way - 10 Pack","","","","",""
"040.050.0017","4C | Small Junction Box with Screw Connector","","","","",""
"FL.OM4LCSC5M","5m LC-SC OM4 Multimode Fibre Optic Cable | Aqua","","","","",""
"040.000.0293","4C | Classic 5 Gang Switch 250V 16AX - Horizontal","","","","",""
"002.010.0012","4Cabling 2RU Vented Blanking Panel","","","","",""
"040.000.0044","4C | Classic 4 Gang Switch Polycarbonate Cover Plate - Silver Colour","","","","",""
"FL.OS2SCSC2M","2m SC-SC OS1 / OS2 Singlemode Fibre Optic Cable: Yellow","","","","",""
"SLD.C6UTP.RED.R","CAT6 Ethernet 305m Cable Reel Box. UTP LAN Cable with Solid Conductor. Red","","","","",""
"004.002.5018","4m RJ45 CAT6 Ethernet Network Cable | Orange","","","","",""
"013.012.7015","Cable Covers - 70mm x 15mm x 2m: Grey","","","","",""
"013.294.8110","OE Elsafe Prodigy 950mm Single Tier Cable Management Basket Black","","","","",""
"FL.OM4LCLC30M","30m LC-LC OM4 Multimode Fibre Optic Patch Cable: Aqua","","","","",""
"FL.OS2SCSC1MBL","1m SC-SC OS1 / OS2 Singlemode Fibre Optic Cable | Black","","","","",""
"FL.OS2STST1M","1m ST-ST OS1 / OS2 Singlemode Fibre Optic Cable : Yellow","","","","",""
"RSL2.2R100.S2","RackStuds Series II | 100 Pack Red","","","","",""
"SLD.C6AFUTP.LSZH.BLUE","4C | Cat 6A F/UTP LSZH Cable Roll 305m : 23AWGx4P | Supplied on Plastic Reel - BLUE","","","","",""
"004.004.8004.10PACK","1.5m CAT6 Ultra Thin LSZH Ethernet Network Cable | 10 Pack Green","","","","",""
"004.002.9009","20m RJ45 CAT6 Ethernet Network Cable | Grey","","","","",""
"004.100.3016","0.75m CAT6A S/FTP LSZH Ethernet Network Cable | White","","","","",""
"013.294.8120","OE Elsafe Prodigy 1250 mm Single Tier Cable Management Basket Black","","","","",""
"LE-VPC-M4R2LPLP0020","LEVITON - Fiber Patch Cord OM4 Multimode Heather Violet 2.0 mm DUP-RND, LC/UPC/UNIBOOT-LC/UPC/UNIBOOT, 2.0 Meters","","","","",""
"002.003.0045","4Cabling 2RU 450mm Deep Cantilever Shelf","","","","",""
"004.004.2002.50PACK","0.5m CAT6 Ultra Thin LSZH Ethernet Network Cable | 50 Pack Black","","","","",""
"004.004.4002.10PACK","0.5m CAT6 Ultra Thin LSZH Ethernet Network Cable | 10 Pack Purple","","","","",""
"004.300.5017","2.5m CAT6A RJ45 S/FTP THIN LSZH 30 AWG Network Cable | Orange","","","","",""
"011.180.2005","5m Power Extension Cord & Cables","","","","",""
"040.0.0085","4C | Elegant Wall Switch 2 Gang 250V 16A | Vertical","","","","",""
"040.0.0117","4C | Elegant Double Power Point Cover plate- White","","","","",""
"040.000.0048","4C | Classic Single Power Point Polycarbonate Cover Plate - Silver Colour","","","","",""
"040.000.0354","4C | Suspended Switched Socket 250V 15A","","","","",""
"040.040.0396","4C | Deep Junction Box 20mm 4 Way - 10 Pack","","","","",""
"CAB-C20-C21-2M","IEC C20 to C21 Power Cable 20A Black 2m","","","","",""
"FL.OM4LCSC3MEV","3m LC-SC OM4 Multimode Fibre Optic Patch Cable: Erika Violet","","","","",""
"FL.OM4SCST1MB","1m SC-ST OM4 Multimode Fibre Optic Cable: Blue","","","","",""
"FL.OS2SCSC3M","3m SC-SC OS1 / OS2 Singlemode Fibre Optic Cable : Yellow","","","","",""
"004.004.3006.10PACK","3m CAT6 Ultra Thin LSZH Ethernet Network Cable | 10 Pack White","","","","",""
"005.008.0070","HDMI® Down Right Angled 90 Degree Adapter","","","","",""
"040.000.0298","4C | Classic 4 Gang Switch 250V 16AX | Vertical","","","","",""
"001.006.0020","4Cabling Cable Stripper","","","","",""
"008.008.0037","F Type Female to Pal Male - Barrel","","","","",""
"011.060.1039","Cable Ties 280mm x 4.8mm Black | Bag of 1000","","","","",""
"012.001.0112","4Cabling Telescopic Flat TV Ceiling Mount Bracket 13"" to 32"" Full Motion | Max VESA 200 x 200","","","","",""
"022.009.4515","Detachable 15m Premium High Speed HDMI® cable with Ethernet | Active Optical Cable | AOC cable | Supports 4K@60Hz as specified in HDMI 2.0","","","","",""
"002.013.0655","4Cabling 6RU 600mm Wide x 600mm Deep Hinged Wall Mount Server Rack","","","","",""
"004.100.1010","10m CAT6A S/FTP LSZH Ethernet Network Cable | Red","","","","",""
"004.300.7000","0.25m CAT6A RJ45 S/FTP THIN LSZH 30 AWG Network Cable | Grey","","","","",""
"004.650.9020","10m CAT6A THIN U/UTP LSZH 28 AWG RJ45 Network Cable | Pink","","","","",""
"013.012.9014","Cable Covers - 90mm x 19mm x 2m: Black","","","","",""
"040.000.0180","4C | Extension Socket IP66 250V 3 Round Pin 20A","","","","",""
"US-KIT-150-060-200","Heavy Duty Storage Shelving 2000H x 1500W x 600D","","","","",""
"004.004.3004.10PACK","1.5m CAT6 Ultra Thin LSZH Ethernet Network Cable | 10 Pack White","","","","",""
"015.002.0079","SC OM1 Multimode Through Coupler Flangeless Simplex| Beige","","","","",""
"015.004.1153","4C | 3RU Fibre Patch Panel | Rodent-Proof Unloaded FOBOT | 72SC / 144LC","","","","",""
"016.008.0010","USB 3.0 Wall Plate Insert","","","","",""
"SLD.C6AUUTP.GREY.LSZH","4C | CAT6A U/UTP 23AWGx4P, LSZH Jacket | Supplied on Plastic Reel | 305m Grey","","","","",""
"004.100.1020","15m CAT6A S/FTP LSZH Ethernet Network Cable | Red","","","","",""
"040.000.0333","4C | Ultima 3 Gang Switch Grid and Cover Plate - White","","","","",""
"040.030.0086","4C | Spring Toggle 3/16"" x 2"" - 50 Pack","","","","",""
"004.100.0030","30m CAT6A S/FTP LSZH Ethernet Network Cable | Blue","","","","",""
"004.650.2001.10PACK","0.5m CAT6A THIN U/UTP LSZH 28 AWG RJ45 Network Cable | 10 Pack Black","","","","",""
"007.002.0050-R","CAT6 LSZH LAN Ethernet Cable 305m - Reel Box: Blue","","","","",""
"011.165.1614","Jackson 4 Outlet Individually Switched Power Board","","","","",""
"040.000.0292","4C | Classic 4 Gang Switch 250V 16AX | Horizontal","","","","",""
"FL.OM4LCSC5MB","5m LC-SC OM4 Multimode Fibre Optic Cable: Blue","","","","",""
"FL.OS2SCAPCSCAPC5M","5m SC/APC-SC/APC OS1 / OS2 Singlemode Fibre Optic Duplex Cable","","","","",""
"U.POE.BT","Ubiquiti | U-PoE++ | U-PoE++ Adapter, 60W, suitable for UniFi PoE++ Devices","","","","",""
"002.001.1860","4Cabling 18RU 600mm Wide x 600mm Deep Freestanding Server Rack","","","","",""
"002.013.1860","4Cabling 18RU 600mm Wide x 600mm Deep Hinged Wall Mount Server Rack","","","","",""
"004.002.0005.50PACK","2m RJ45 CAT6 Ethernet Network Cable | 50 Pack Blue","","","","",""
"004.004.0005.50PACK","2m CAT6 Ultra Thin LSZH Ethernet Network Cable | 50 Pack Blue","","","","",""
"005.001.1163","USB3.0 AM to RJ45 Ethernet 1000Mhz (RTL8153) Aluminium Case Elegant Design","","","","",""
"005.002.0155","RJ45 CAT6 Solid 8P8C 23AWG Shielded Crimp Plug | 50 Pack","","","","",""
"005.005.0100","USB 3.1 Type C Male to USB 3.0 A Female Adapter (USB-C)","","","","",""
"008.008.0034","TV Antenna Cable Adapter -F TYPE Female to PAL Female Adaptor / Straight","","","","",""
"FL.OM4LCLC10MR","10m LC-LC OM4 Multimode Fibre Optic Patch Cable: Red","","","","",""
"LE-AC6U/FTP-HF1-ECA-500BU","LEVITON - Cat 6A 23 AWG U/FTP 4 Pair LSHF/LSZH Cable Blue 500m- EuroClass Eca","","","","",""
"LW-LIGOVISION-5-15AC","Ligowave | LigoVision 5-15AC Wireless Network Bridge for CCTV Applications and Short-to-Mid Range PTP/PTMP Scenarios | 5GHz 802.11ac, 15dBi Antenna","","","","",""
"UB.U7.LITE","Ubiquiti U7 Lite","","","","",""
"004.002.0003.10PACK","1m RJ45 CAT6 Ethernet Network Cable | 10 Pack Blue","","","","",""
"011.060.0035","Cable Ties - Nylon 203mm(L) x 4.8mm(W) Natural | Bag of 100","","","","",""
"015.004.0018","Splice Cassette to suit Fobot 015.004.0050","","","","",""
"015.012.1303","2m Fibre Pigtail LC/APC OS2/OS1 Singlemode | 12 Pack Rainbow","","","","",""
"FL.OM4SCSC3MB","3m SC-SC OM4 Multimode Fibre Optic Cable | Blue","","","","",""
"SFP-10G-LR-PLUI","Plusoptic (SFP-10G-LR-PLUi) 10G, SFP+, 1310nm, 10KM Transceiver, LC Connector for SMF with DOM | Industrial temperature rated","","","","",""
"ZCOMP-H-060","Half Space Maximiser Kit","","","","",""
"002.003.4600","4Cabling 1RU Sliding Shelf for 600mm Deep Rack","","","","",""
"004.004.3005.10PACK","2m CAT6 Ultra Thin LSZH Ethernet Network Cable | 10 Pack White","","","","",""
"012.002.0011","Universal Mobile CPU Stand : For most ATX cases","","","","",""
"015.000.0004","OE Elsafe: IC Cable 1000mm: White","","","","",""
"040.000.0052","4C | Classic 2 Gang Switch Polycarbonate Cover Plate - Black Colour","","","","",""
"FL.OM1SCSC1MB","1m SC-SC OM1 Multimode Fibre Optic Cable: Blue","","","","",""
"002.003.0025","4Cabling 2RU 250mm Deep Cantilever Shelf","","","","",""
"010.004.1003","CAT6 Keystone RJ45 Jack for 110 Face Plate | 10 Pack Black","","","","",""
"040.000.0058","4C | Classic Single Power Point Polycarbonate Cover Plate - Black Colour","","","","",""
"040.050.0028","4C | Right Angle Mounting Bracket 1.0mm Thickness | 25 Pack","","","","",""
"FL.OM4SCSC2MEV","2m SC-SC OM4 Multimode Fibre Optic Patch Cable | Erika Violet","","","","",""
"FL.OM4SCSC3MEV","3m SC-SC OM4 Multimode Fibre Optic Patch Cable: Erika Violet","","","","",""
"015.012.0001","Fibre Pigtail SC OS1 / OS2 Singlemode 2m - 6 Pack Rainbow","","","","",""
"FL.OM4LCLC05MR","0.5m LC-LC OM4 Multimode Fibre Optic Patch Cable: Red","","","","",""
"004.004.1005.10PACK","2m CAT6 Ultra Thin LSZH Ethernet Network Cable | 10 Pack Red","","","","",""
"004.100.4018","4m CAT6A S/FTP LSZH Ethernet Network Cable | Purple","","","","",""
"011.180.0032","IEC C5 Clover Leaf Style Appliance Power Cable Black 10M","","","","",""
"015.002.0016","SC-LC OM1 Multimode Through Coupler / Adaptor DUPLEX","","","","",""
"017.121.0304","Fibre Optic Pen Type VFL Visual Fault Locator 10mW","","","","",""
"022.000.0035","Stereo 3.5mm Jack to Stereo 3.5mm Jack 5m","","","","",""
"040.000.0289","4C | Classic 1 Gang Switch 250V 16AX | Horizontal","","","","",""
"040.050.0048","4C | Wall Plug Green 35mm pack of 100","","","","",""
"004.019.0020","Null Modem Cable DB9 F-F: 5m","","","","",""
"006.008.0070","TP-Link | SM311LM | Multimode 1Gb/s MiniGBIC Module - SFP Module","","","","",""
"040.000.0294","4C | Classic 6 Gang Switch 250V 16AX - Horizontal","","","","",""
"FL.OM4LCSC05M","0.5m LC-SC OM4 Multimode Fibre Optic Cable: Aqua","","","","",""
"FL.OM4LCSC10MB","10m LC-SC OM4 Multimode Fibre Optic Cable: Blue","","","","",""
"FL.OS2LCAPCLCAPC1.5M","1.5m LC/APC-LC/APC OS1 / OS2 Singlemode Fibre Optic Duplex Patch Cable : Yellow","","","","",""
"SLD.C6AFUTP.UV.BLACK","CAT6A F/UTP LDPE Solid Core UV Stabilized Cable | 305m Roll Black","","","","",""
"US-ADD-150-060-200","Heavy Duty Storage Shelving 2000H x 1500W x 600D Extension Kit","","","","",""
"002.008.0037","4Cabling 2RU High Density Cable Management Rail","","","","",""
"004.004.8002.10PACK","0.5m CAT6 Ultra Thin LSZH Ethernet Network Cable | 10 Pack Green","","","","",""
"FL.OM4SCSC5M","5m SC-SC OM4 Multimode Fibre Optic Cable | Aqua","","","","",""
"FL.OS2LCLCAPC3M","3m LC - LC/APC OS1 / OS2 Singlemode Fibre Optic Duplex Cable","","","","",""
"004.004.1006.10PACK","3m CAT6 Ultra Thin LSZH Ethernet Network Cable | 10 Pack Red","","","","",""
"004.300.6018","4m CAT6A RJ45 S/FTP THIN LSZH 30 AWG Network Cable | Yellow","","","","",""
"005.002.0071","RJ45 8P8C CAT 6A UTP One-Piece Crimp Plug 4Up 4Down- Solid | 100 Pack","","","","",""
"011.180.2104","3m Lockable IEC C13 - IEC C14 Cable: Red","","","","",""
"022.000.0040","1m Stereo 3.5mm Plug to 2x Red White RCA Cable","","","","",""
"FL.OS2STST2M","2m ST-ST OS1 / OS2 Singlemode Fibre Optic Cable : Yellow","","","","",""
"004.004.4004.10PACK","1.5m CAT6 Ultra Thin LSZH Ethernet Network Cable | 10 Pack Purple","","","","",""
"005.005.0012","CAT6 RJ45 Snap In Keystone Coupler | 10 Pack White","","","","",""
"006.008.0005","TP-Link TL-SF1005D: 5-port Unmanaged 10/100M Ethernet Switch","","","","",""
"015.007.0040","Fibre 40mm Heat Fusion Splice Protector - 100 pack","","","","",""
"FL.OM4LCLC10MEV","10m LC-LC OM4 Multimode Fibre Optic Patch Cable: Erika Violet","","","","",""
"004.004.4006.10PACK","3m CAT6 Ultra Thin LSZH Ethernet Network Cable | 10 Pack Purple","","","","",""
"004.650.6020","10m CAT6A THIN U/UTP LSZH 28 AWG RJ45 Network Cable | Yellow","","","","",""
"015.004.0102","2 Pair Lead-In Gel Snap Closure, Toolless | suitable for lead-in cables up to 2/0.64 cable, In-line joints only NBN SKU 10026751 / Telstra SKU 1300179","","","","",""
"015.011.3101","1m LC-SC Flexi Boot OS1/OS2 Singlemode Fibre Optic Cable","","","","",""
"002.013.0955","4Cabling 9RU 600mm Wide x 600mm Deep Hinged Wall Mount Server Rack","","","","",""
"011.180.1820","0.5m Medical IEC Right Angled C13 to 10A Mains Power Cord | Orange","","","","",""
"FL.OM4SCSC1.5MEV","1.5m SC-SC OM4 Multimode Fibre Optic Patch Cable: Erika Violet","","","","",""
"002.010.0011","4Cabling 1RU 19"" Vented Blanking Panel","","","","",""
"006.008.9018","4K KVM Console Extender with PoC Over Cat 6/6A 70m with HDMI® Loop-Through, S/PDF","","","","",""
"013.002.5050","Cable Ducting 50mm(W) x 50mm(H) x 2m: White","","","","",""
"040.000.0215","4C | Combination Switched socket 3 Round Pin IP66 250V 32A","","","","",""
"FL.OM4LCLC05MBL","0.5m LC-LC OM4 Multimode Fibre Optic Patch Cable: Black","","","","",""
"004.002.7019","7m RJ45 CAT6 Ethernet Network Cable | Pink","","","","",""
"005.001.0164","USB 2.0 AM-AM Cable | 5m","","","","",""
"011.165.0008","Jackson 8 Way Heavy Duty Metal Power Board: Orange","","","","",""
"015.002.0076","LC OM1 Multimode Through Coupler Flangeless Quad Ceramic Sleeve | Beige","","","","",""
"015.011.4103","2m LC-SC Flexi Boot OM4 Multimode Fibre Optic Duplex Patch Leads","","","","",""
"015.012.4304","Fibre Pigtail SC/APC OS1 / OS2 Singlemode 2m - 6 Pack Rainbow","","","","",""
"FL.OM4LCLC10MP","10m LC-LC OM4 Multimode Fibre Optic Cable: Salmon Pink - 2mm Oversleeving","","","","",""
"FL.OM4SCSC2MP","2m SC-SC OM4 Multimode Fibre Optic Cable: Salmon Pink - 2mm","","","","",""
"FL.OS2LCAPCLCAPC1M","1m LC/APC-LC/APC OS1 / OS2 Singlemode Fibre Optic Duplex Patch Cable : Yellow","","","","",""
"002.008.0035","1RU High Density Cable Management Rail","","","","",""
"005.008.0065","PAL to F Type Female Insert WHITE","","","","",""
"006.016.0045","TP-Link MC200CM: Gigabit Multi-Mode Media Converter","","","","",""
"PDU.10WVGPO.10A","Vertical 19"" 10 Way GPO PDU Rack Mount Power Rail","","","","",""
"UB.MM.1G","Ubiquiti | UACC-OM-MM-1G-D-2 | Multi Mode Fibre SFP Module | 2 Pack","","","","",""
"004.002.0004.10PACK","1.5m RJ45 CAT6 Ethernet Network Cable | 10 Pack Blue","","","","",""
"004.004.6016.10PACK","0.75m CAT6 Ultra Thin LSZH Ethernet Network Cable | 10 Pack Yellow","","","","",""
"005.001.0176","USB 2.0 AM-AM Cable: 2m","","","","",""
"006.008.0091","TP-Link | POE150S | Omada Single Port Gigabit PoE Injector, Supplier Adapter, IEEE 802.3af compliant, up to 100m","","","","",""
"011.180.1305","IEC C13 to C14 Power Cable Blue 0.5M","","","","",""
"004.004.1004.10PACK","1.5m CAT6 Ultra Thin LSZH Ethernet Network Cable | 10 Pack Red","","","","",""
"004.100.4007","5m CAT6A S/FTP LSZH Ethernet Network Cable | Purple","","","","",""
"040.000.0245","4C | Weatherproof Switch 2 Pole IP66 250V 16A","","","","",""
"002.015.0350.G","4C | Cantilever 2RU Galvanized Steel Shelf 350mm Deep : Grey | To Suit Outdoor Wall Mount & Freestanding 600 Deep Cabinets","","","","",""
"004.004.4001.10PACK","0.25m CAT6 Ultra Thin LSZH Ethernet Network Cable | 10 Pack Purple","","","","",""
"004.004.6001.10PACK","0.25m CAT6 Ultra Thin LSZH Ethernet Network Cable | 10 Pack Yellow","","","","",""
"005.002.0134","Cat 6 8 Position RJ45 One-Piece Modular Crimp Plug | Stranded | 100 Pack","","","","",""
"008.008.0099","RG59 Quad BNC Crimp","","","","",""
"011.180.2124","3m Lockable IEC C13 - Australian 3-Pin Plug","","","","",""
"040.000.0034","4C | Classic 4 Gang Switch Polycarbonate Cover Plate - Gold Colour","","","","",""
"LW-DLB-5-15AC","Ligowave | Wireless Bridge for PTP/PTMP | 5GHz 802.11ac with 15dBi Antenna","","","","",""
"SLD.C6UTP.ORANGE.R","CAT6 Ethernet Cable Reel Box UTP LAN Cable w/ Solid Conductor | 305m Orange","","","","",""
"004.002.3030","30m RJ45 CAT6 Ethernet Network Cable | White","","","","",""
"022.002.0462","2m Mini DisplayPort Male to HDMI® Male Cable | Supports 4K@60Hz as specified in HDMI 2.0","","","","",""
"SFP-1G-LX-MOXI","Moxa compatible 1.25G, SFP, 1310nm, 10KM Transceiver, LC Connector for SMF with DOM | Industrial temperature rated","","","","",""
"015.011.3103","2m LC-SC Flexi Boot OS1/OS2 Singlemode Fibre Optic Cable","","","","",""
"002.003.0500","4Cabling 1RU Fixed Shelf for 600mm Deep HINGED Wall Mount Server Rack","","","","",""
"002.004.0016","Castor Wheels Suitable for Wall Mount Server Racks | Set of 4","","","","",""
"004.100.1007","5m CAT6A S/FTP LSZH Ethernet Network Cable | Red","","","","",""
"004.100.8022","20m CAT6A S/FTP LSZH Ethernet Network Cable | Green","","","","",""
"011.060.1036","Cable Ties 199mm(L) x 4.6mm(W) Black | Bag of 1000","","","","",""
"040.000.0144","4C | Socket Outlet 4Pin IP66 500V 20A","","","","",""
"040.000.0159","4C | 3 Module Mounting Base","","","","",""
"040.000.0214","4C | Combination Switched socket 3 Round Pin IP66 250V 20A","","","","",""
"040.050.0026","4C | Surface Mounting Box with 20mm entry","","","","",""
"FL.OM1LCST2M","2m LC-ST OM1 Multimode Fibre Optic Cable: Orange","","","","",""
"003.001.0011","RJ45 Keystone to Australian Style Bezel |10 Pack White","","","","",""
"004.004.8006.10PACK","3m CAT6 Ultra Thin LSZH Ethernet Network Cable | 10 Pack Green","","","","",""
"004.650.7004.10PACK","1.5m CAT6A THIN U/UTP LSZH 28 AWG RJ45 Network Cable | 10 Pack Grey","","","","",""
"011.165.5405","PowerCube 4 Power Outlet and 2 USB Ports 1.5m. Black","","","","",""
"013.294.8030","OE Elsafe Prodigy 1550 mm Single Tier Cable Management Basket White","","","","",""
"022.009.4530","Detachable 30m Premium High Speed HDMI® cable with Ethernet | Active Optical Cable | AOC cable | Supports 4K@60Hz as specified in HDMI 2.0","","","","",""
"040.040.0364","4C | Inspection Elbow 20mm - 20 Pack","","","","",""
"FL.OM1SCSC3MB","3m SC-SC OM1 Multimode Fibre Optic Cable: Blue","","","","",""
"FL.OM4LCSC2MB","2m LC-SC OM4 Multimode Fibre Optic Cable: Blue","","","","",""
"LW-DLB-5-20AC","LigoWave | LigoDLB 5-20ac Wireless 5GHz Outdoor Device with 20dBi Antenna for Short-to-Mid Range PTP/PTMP Scenarios","","","","",""
"SLD.C6AUFTP.LSZH.BLUE","CAT6A U/FTP Cable on Wooden Drum w/ LSZH Jacket | 305m Roll Blue","","","","",""
"UB.U6.PRO","Ubiquiti Unifi UAP-U6-PRO - WiFi 6 Pro - Access Point","","","","",""
"US-COMP-F-060","Full Space Maximiser Kit","","","","",""
"ZSH-200-060","2.00m x 0.60m Shelves White Set of 8 (4 bays)","","","","",""
"002.013.1245","4Cabling 12RU 600mm Wide x 450mm Deep Wall Mount Server Rack","","","","",""
"004.100.7010","10m CAT6A S/FTP LSZH Ethernet Network Cable | Grey","","","","",""
"004.100.9010","10m CAT6A S/FTP LSZH Ethernet Network Cable | Pink","","","","",""
"012.001.0225","4Cabling Ultra Slim & Heavy Duty TV Wall Mount 43"" to 90""| Max VESA 800 x 400","","","","",""
"015.004.0009","6 Port SC Simplex / LC Duplex FOBOT Faceplate suitable for 015.004.0026 & 015.004.0028","","","","",""
"FL.OM4LCLC10MBL","10m LC-LC OM4 Multimode Fibre Optic Patch Cable: Black","","","","",""
"MC-SFPMM-RJ45","10/100/1000M SFP-RJ45 Media Converter. Fully compatible with both Multimode and Singlemode SFPs","","","","",""
"PDU.24WV.15A","Vertical 19"" 24 Way PDU Rack Mount Power Rail","","","","",""
"US-KIT-200-050-200","Metal Shelving 2000H x 2000W x 500D","","","","",""
"002.015.0250.G","4C | Cantilever 2RU Galvanized Steel Shelf 250mm Deep : Grey | To Suit Outdoor Wall Mount 400 Deep Cabinet","","","","",""
"004.004.2000.50PACK","0.15m CAT6 Ultra Thin LSZH Ethernet Network Cable | 50 Pack Black","","","","",""
"005.001.0175","USB 2.0 AM-AM Cable: 1m","","","","",""
"008.008.0069","RG6 Male Twist On Connector","","","","",""
"013.294.8100","OE Elsafe Prodigy 750mm Single Tier Cable Management Basket Black","","","","",""
"017.121.0250","Fibre Push Cleaner: Suitable for SC/FC/ST, APC & UPC","","","","",""
"040.000.0160","4C | 4 Module Mounting Base","","","","",""
"040.000.0296","4C | Classic 2 Gang Switch 250V 16AX | Vertical","","","","",""
"FL.OM4LCSC10MP","10m LC-SC OM4 Multimode Fibre Optic Cable: Salmon Pink - 2mm","","","","",""
"LE-VPC-M4R2LPLP0030","LEVITON - Fiber Patch Cord OM4 Multimode Heather Violet 2.0 mm DUP-RND, LC/UPC/UNIBOOT-LC/UPC/UNIBOOT, 3.0 Meters","","","","",""
"SLD.C6AUUTP.BLACK","4C | CAT6A U/UTP 23AWGx4P, PVC Jacket | Supplied on Plastic Reel | 305m Black","","","","",""
"004.002.6019","7m RJ45 CAT6 Ethernet Network Cable | Yellow","","","","",""
"004.100.1005","2m CAT6A S/FTP LSZH Ethernet Network Cable | Red","","","","",""
"004.100.1030","30m CAT6A S/FTP LSZH Ethernet Network Cable | Red","","","","",""
"040.050.0027","4C | C-Clip Mounting Bracket 13mm Clip | 100 Pack","","","","",""
"FL.OM4SCST3MB","3m SC-ST OM4 Multimode Fibre Optic Cable | Blue","","","","",""
"004.002.1018","4m RJ45 CAT6 Ethernet Network Cable | Red","","","","",""
"004.019.0024","Null Modem Cable DB9 F-F: 2m","","","","",""
"010.005.1100","4C | IP68 In-Line Weatherproof Cat6 RJ45 Coupler","","","","",""
"011.180.1804","3m Medical IEC C13 to 10A Mains Power Cord | Orange","","","","",""
"015.012.1411","Fibre Pigtail SC OM4 Multimode 2m - 6 pack Rainbow - Aqua Connector | Backward Compatible With OM3","","","","",""
"FL.OS2LCLCAPC1M","1m LC - LC/APC OS1 / OS2 Singlemode Fibre Optic Duplex Cable","","","","",""
"SFP28-SR-PLU","Plusoptic 25G, SFP28, 850nm, 100M Transceiver, LC Connector for MMF with DOM","","","","",""
"001.006.0003","4Pro's Professional UTP/STP Cable Stripper","","","","",""
"M6.WBRKT","Mercku | Wi-Fi Wifi 6 Mesh System Wall Bracket","","","","",""
"002.013.0520","4Cabling 5RU 740mm High x 250mm Deep Vertical Wall Mount Cabinet","","","","",""
"004.002.7020","15m RJ45 CAT6 Ethernet Network Cable | Pink","","","","",""
"005.002.0157","RJ45 8P8C Cat 6A 23AWG 1.5mm Crimp Plug Shielded | PACK of 50","","","","",""
"006.008.0016","TP-Link TL-SG108 8 Port Gigabit Ethernet Desktop Switch","","","","",""
"015.006.0006","OE Elsafe: T Connector 1 Male / 2 Female - White","","","","",""
"LE-6ASJK-SE6","LEVITON - Atlas-X1 Cat 6A Shielded Jack with Shutter Tool free - Black","","","","",""
"POE.48.24W.G","Ubiquiti POE Injector, 48VDC, 24W","","","","",""
"004.004.9003.10PACK","1m CAT6 Ultra Thin LSZH Ethernet Network Cable | 10 Pack Grey","","","","",""
"015.007.0060","OE Elsafe QIKFIT 2x Data Cutout Black","","","","",""
"FL.OM4LCST3M","3m LC-ST OM4 Multimode Backwards compatible with OM3 Fibre Optic Duplex LSZH Patch Lead : 2mm Oversleeving | AQUA","","","","",""
"001.006.1400","4Pro's KATT Style Replacement Blade","","","","",""
"002.008.0045","4Cabling 1RU Vertical Cable Management Rail | 15 Ring | 2 Pack","","","","",""
"002.008.1010","Medium Metal Cable Management Ring 40 x 65mm","","","","",""
"004.004.9000.50PACK","0.15m CAT6 Ultra Thin LSZH Ethernet Network Cable | 50 Pack Grey","","","","",""
"012.002.3005","4Cabling Ergonomic Desk Mount Double Monitor Bracket","","","","",""
"015.004.0028","Small DIN Mount/Wall Mount | Up to 24 Fibres (24 x LC or 12 x SC/ST)","","","","",""
"DNWP1-2.0","Wall Plate - Dual Jacks","","","","",""
"FL.OM4SCSC10M","10m SC-SC OM4 Multimode Fibre Optic Cable: Aqua","","","","",""
"FL.OM4SCST2MP","2m SC-ST OM4 Multimode Fibre Optic Cable: Salmon Pink","","","","",""
"UB.U7.PRO","Ubiquiti | Unifi Access Point | UAP-U7-PRO | WiFi 7 ** PoE Injector not included **","","","","",""
"002.003.2081","4Cabling 1RU Universal Fixed Shelf for Server Racks with Rail to Rail Depth up to 730mm","","","","",""
"004.004.1002.10PACK","0.5m CAT6 Ultra Thin LSZH Ethernet Network Cable | 10 Pack Red","","","","",""
"004.004.9001.10PACK","0.25m CAT6 Ultra Thin LSZH Ethernet Network Cable | 10 Pack Grey","","","","",""
"005.004.0206","USB 3.1 Type-C Male to HDMI® Converter | 20cm","","","","",""
"011.060.1026","Cable Ties 100mm x 2.5mm (4"") Natural | Bag of 1000","","","","",""
"040.000.0125","4C | Straight Plug IP66 250V 3Flat Pin 15A","","","","",""
"FL.OM4LCLC05MEV","0.5m LC-LC OM4 Multimode Fibre Optic Patch Cable: Erika Violet","","","","",""
"FL.OM4SCSC1MB","1m SC-SC OM4 Multimode Fibre Optic Cable: Blue","","","","",""
"FL.OS2LCLC10MBL","10m LC-LC OS1 / OS2 Singlemode Fibre Optic Cable: Black","","","","",""
"TT.PR5MEC12","Teltonika | PR5MEC12 | Surface Mounting Kit","","","","",""
"002.010.0062","4Cabling 2RU 19"" Snap-In Metal Blanking Panel","","","","",""
"004.100.0050","50m CAT6A S/FTP LSZH Ethernet Network Cable | Blue","","","","",""
"008.008.7008","RG59 PUSH ON F Connector - Individual","","","","",""
"015.010.3100","0.5m LC Flexi Boot - LC Flexi Boot OS1 / OS2 Singlemode Fibre Optic Duplex Cable","","","","",""
"017.121.0305","FC Male to LC Female Simplex Adaptor","","","","",""
"022.007.0003","3M Ultra Slim Premium High Speed HDMI® cable with Ethernet Supports 4K@60Hz as specified in HDMI 2.0 /w Chipset","","","","",""
"BISFP-U-20-PLU","Plusoptic 1.25G, BiDi SFP, TX1310nm / RX1490nm, 20KM Transceiver, LC Connector for SMF with DOM","","","","",""
"FL.OS2LCLC1.5MP","1.5m LC-LC OS1 / OS2 Singlemode Fibre Optic Cable: Salmon Pink","","","","",""
"004.004.4003.10PACK","1m CAT6 Ultra Thin LSZH Ethernet Network Cable | 10 Pack Purple","","","","",""
"004.018.0010","DVI-Digital to DVI Digital M-M: 10m","","","","",""
"005.002.0112","8 Position Stranded RJ45 Cat 5E Crimp Plug 100 Pack","","","","",""
"011.180.1805","5m Medical IEC C13 to 10A Mains Power Cord | Orange","","","","",""
"AL-AP7-PRO","Alta Labs | AP7 Pro Enterprise Access Point, WiFi 7 benefits, 4x4, Cloud Managed (PoE+ injector is not included AL-INJECTOR-POE)","","","","",""
"FL.OS2LCLC1MR","1m LC-LC OS1 / OS2 Singlemode Fibre Optic Cable: Red","","","","",""
"004.004.7003.10PACK","1m CAT6 Ultra Thin LSZH Ethernet Network Cable | 10 Pack Pink","","","","",""
"004.650.0004.10PACK","1.5m CAT6A THIN U/UTP LSZH 28 AWG RJ45 Network Cable | 10 Pack Blue","","","","",""
"006.008.0106","TP-Link | POE380S | Omada 10G PoE++ Injector Adapter","","","","",""
"016.000.1003","Bullnose Reverse Wall Plate: Black","","","","",""
"040.040.0361","4C | Solid Elbow Grey 25mm - 20 Pack","","","","",""
"002.004.0015","4Cabling 1RU Digital Temperature Unit with 2 Way Cooling Fans","","","","",""
"002.008.0202","OE Elsafe: Umbilical Cable Management: Pathfinder Floor to Desk 780mm: Black","","","","",""
"004.100.0004","2m CAT6A S/FTP LSZH Ethernet Network Cable | Blue","","","","",""
"004.100.3020","15m CAT6A S/FTP LSZH Ethernet Network Cable | White","","","","",""
"020.016.0071","OE Elsafe | Workstation Data Bezel - 25.4sq Cutout to suit AU/ NZ | Black","","","","",""
"040.050.0043","4C | 32mm Nylon Cable Gland Long Threaded with Washer - 5 Pack","","","","",""
"FL.OM4LCSC05MB","0.5m LC-SC OM4 Multimode Fibre Optic Cable | Blue","","","","",""
"SFP-1G-LX-MOX","Moxa compatible 1.25G, SFP, 1310nm, 10KM Transceiver, LC Connector for SMF with DOM","","","","",""
"UB.NBE.5AC.GEN2","Ubiquiti NanoBeam AC Gen 2 airMAX ac CPE","","","","",""
"002.001.1880","4Cabling 18RU 600mm Wide x 800mm Deep Server Rack","","","","",""
"004.004.3016.10PACK","0.75m CAT6 Ultra Thin LSZH Ethernet Network Cable | 10 Pack White","","","","",""
"022.002.0303","3m HDMI® Male to DVI-D Dual Link Male","","","","",""
"040.000.0076","4C | Ultima Double Power Point 250V 10A with 16AX Extra Switch | Horizontal","","","","",""
"040.050.0039","4C | 12mm Nylon Cable Gland | 8mm Long Threaded with Washer - 40 Pack","","","","",""
"FL.OS1LCAPCLCAPC9.5M.T","9.5m LC/APC-LC/APC OS1 / OS2 Singlemode Fibre Optic Duplex Patch Cable 2mm Oversleeving | Yellow | No Packaging","","","","",""
"004.002.5022","20m RJ45 CAT6 Ethernet Network Cable | Orange","","","","",""
"004.004.2001.50PACK","0.25m CAT6 Ultra Thin LSZH Ethernet Network Cable | 50 Pack Black","","","","",""
"008.008.7010","RG6 PUSH ON F Connector - Individual","","","","",""
"016.000.1000","Bullnose Wall Plate: White","","","","",""
"004.300.0006.10PACK","3m CAT6A RJ45 S/FTP THIN LSZH 30 AWG Network Cable | 10 Pack Blue","","","","",""
"006.008.0096","TP-Link | POE160S | Omada PoE+ Injector, 1Gbps Port Speed, 802.3af/at, Integrated Power Supply, Wall Mountable, Plug & Play","","","","",""
"040.0.0099","4C | Elegant Double Power Point 250V 10A | Vertical","","","","",""
"CU3AMAF-3.0","USB 3.0 Extension (A Male To A Female) Cable 3M","","","","",""
"FL.OS2LCLC1.5MR","1.5m LC-LC OS1 / OS2 Singlemode Fibre Optic Cable: Red","","","","",""
"004.004.7006.10PACK","3m CAT6 Ultra Thin LSZH Ethernet Network Cable | 10 Pack Pink","","","","",""
"FL.OM1LCSC2MP","2m LC-SC OM1 Multimode Fibre Optic Cable | Salmon Pink","","","","",""
"LE-SST-ECA-B305BU","LEVITON - Cat 6A U/UTP 4 Pair LSHF/LSZH small diameter Cable Blue 305m – EuroClass Eca","","","","",""
"US-KIT-150-050-200","Metal Shelving 2000H x 1500W x 500D","","","","",""
"002.010.2001","4C | 1RU 100mm Depth Extension / Recess Brackets | 1 PAIR","","","","",""
"004.004.7002.10PACK","0.5m CAT6 Ultra Thin LSZH Ethernet Network Cable | 10 Pack Pink","","","","",""
"015.004.0110","10 Pair Lead-In Gel Snap Closure, Toolless, suitable for 2 x 10 pair in-line & butt-end cables, 0.40 & 0.64mm conductor size NBN SKU 10028622 / Telstra SKU 51300205 ** Not re-enterable – single use only **","","","","",""
"FL.OM1LCSC3M","3m LC-SC OM1 Multimode Fibre Optic Cable: Orange","","","","",""
"FL.OS2LCSC20M","20m LC-SC OS1 / OS2 Singlemode Fibre Optic Cable : Yellow","","","","",""
"LW-DLB-5-15AC-WBK","Ligowave | DLB 5-15AC WBK Wireless Bridge Kit for PTP/PTMP | 5GHz 802.11ac with 15dBi Antenna","","","","",""
"PDU.12WV.15A","Vertical 19"" 12 Way PDU Rack Mount Power Rail","","","","",""
"SFP-10G-T-CIS","Cisco compatible (SFP-10G-T-X) 10G, Copper SFP+, 30M Transceiver, RJ-45 Connector for Copper - CAT6","","","","",""
"004.009.0029","Gender Changer DB9 Male to Male","","","","",""
"004.100.3022","20m CAT6A S/FTP LSZH Ethernet Network Cable | White","","","","",""
"005.008.0061","F Type to F Type Coupler (WHITE)","","","","",""
"015.006.0021","OE Elsafe Starter Socket Female","","","","",""
"FL.OS2LCLC05MR","0.5m LC-LC OS1 / OS2 Singlemode Fibre Optic Cable: Red","","","","",""
"FL.OS2LCLC5MR","5m LC-LC OS1 / OS2 Singlemode Fibre Optic Cable: Red","","","","",""
"004.002.2002.10PACK","0.5m RJ45 CAT6 Ethernet Network Cable | 10 Pack Black","","","","",""
"004.002.6022","20m RJ45 CAT6 Ethernet Network Cable | Yellow","","","","",""
"004.650.0001.10PACK","0.5m CAT6A THIN U/UTP LSZH 28 AWG RJ45 Network Cable | 10 Pack Blue","","","","",""
"004.650.0003.50PACK","1m CAT6A THIN U/UTP LSZH 28 AWG RJ45 Network Cable | 50 Pack Blue","","","","",""
"004.650.9001","0.5m CAT6A THIN U/UTP LSZH 28 AWG RJ45 Network Cable | Pink","","","","",""
"015.004.0002","FOBOT SC Simplex LC Duplex 6 Port Wall Mount Fibre Optic Patch Panel","","","","",""
"040.000.0309.10PACK","4C | Classic Single Power Point 250V 10A with 16AX Extra Switch - Horizontal - 10 Pack with 10 FREE C-Clips","","","","",""
"FL.OM4SCSC05MEV","0.5m SC-SC OM4 Multimode Fibre Optic Patch Cable: Erika Violet","","","","",""
"LE-61UJK-SW6","LEVITON - Atlas-X1 Cat 6 Unshielded Jack with Shutter Tool free - White","","","","",""
"004.100.7022","20m CAT6A S/FTP LSZH Ethernet Network Cable | Grey","","","","",""
"005.002.0013","CAT5E 8 Position Solid RJ45 Crimp Plug | 10 Pack","","","","",""
"013.294.8130","OE Elsafe Prodigy 1550 mm Single Tier Cable Management Basket Black","","","","",""
"016.002.0008","2 Way Australian Style Wall Plate Black","","","","",""
"040.000.0060","4C | Classic Double Power Point with Extra Switch Polycarbonate Cover Plate - Black Colour","","","","",""
"004.300.3005.10PACK","2m CAT6A RJ45 S/FTP THIN LSZH 30 AWG Network Cable | 10 Pack White","","","","",""
"006.008.0097","TP-Link | POE170S | Omada PoE++ Injector, 2 Gigabit Ports, 802.3af/at/bt, Integrated Power Supply, Wall Mountable, Plug & Play","","","","",""
"013.294.8020","OE Elsafe Prodigy 1250 mm Single Tier Cable Management Basket White","","","","",""
"040.040.0369","4C | Inspection Tee 20mm - 20 Pack","","","","",""
"040.040.0416","4C | 25mm Plain to Screwed Coupling - 50 Pack","","","","",""
"FL.OM1LCSC05M","0.5m LC-SC OM1 Multimode Fibre Optic Cable: Orange","","","","",""
"FL.OM4LCSC1MP","1m LC-SC OM4 Multimode Fibre Optic Cable: 2mm Oversleeving - Salmon Pink","","","","",""
"SFP-T-GFE-CIS","Cisco compatible (SFP-GFE-T) 10/100/1000Mbps, Copper SFP, 100M Transceiver, RJ-45 Connector for Copper | Plusoptic SFP-T-GFE-CIS","","","","",""
"004.004.9002.10PACK","0.5m CAT6 Ultra Thin LSZH Ethernet Network Cable | 10 Pack Grey","","","","",""
"012.001.0114","4Cabling Heavy Duty TV Ceiling Mount Bracket 37"" to 80"" | Max VESA 600 x 400","","","","",""
"015.021.0004","OE Elsafe: QIKFIT Dual Auto Switched Power Outlet - 2 x GPO: White","","","","",""
"LC-LC-OM1-1M-DX","Fibre Patch, LC-LC, OM1, 1M, Multimode Duplex","","","","",""
"RL10","RAPIDlink | RL10 Managed Dual-SIM 4G LTE Router | PSU not Included","","","","",""
"UB.U7.LR","Ubiquiti | U7-LR | UniFi Wi-Fi 7 Long-Range AP with 5 spatial streams ** PoE Injector not included **","","","","",""
"012.001.0009","4Cabling Heavy-Duty Tilting Wall Mount TV Bracket to 32'' to 55""","","","","",""
"015.021.0000","OE Elsafe: QIKFIT Dual Auto Switched Power Outlet - 2 x GPO: Black","","","","",""
"020.010.0117","RackStuds Series II DUO | 50 Pack","","","","",""
"040.000.0137","4C | Surface Switch IP66 2Pole 500V 32A","","","","",""
"040.050.0041","4C | 20mm Nylon Cable Gland Long Threaded with Washer - 25 Pack","","","","",""
"FL.OM4SCSC1MEV","1m SC-SC OM4 Multimode Fibre Optic Patch Cable: Erika Violet","","","","",""
"NOV.RJ45.1CAT6","Novaris | RJ45-1CAT6 | Data LAN Protector | RJ45 Connectors for 1000BaseT | CAT6 & PoE","","","","",""
"002.013.0430","4Cabling 4RU 600mm Wide x 300mm Deep Wall Mount Server Rack","","","","",""
"015.002.0075","LC/APC Singlemode Through Coupler DUPLEX","","","","",""
"040.000.0127","4C | Straight Plug IP66 500V 4Pin 20A","","","","",""
"SFP28-SR-CIS","Cisco compatible (SFP-25G-SR-S) 25G, SFP28, 850nm, 100M Transceiver, LC Connector for MMF with DOM","","","","",""
"ZZZ-OSMOM2-LCST-2M","2m LC - ST FIBRE OPTIC CABLE 50/125 Simplex mode OM2 Patch Lead","","","","",""
"001.006.0006","4Pro's Professional 110 Punch Down Tool","","","","",""
"002.008.0021","4Cabling 1RU 19"" Snap-In Brush Panel","","","","",""
"004.004.6000.50PACK","0.15m CAT6 Ultra Thin LSZH Ethernet Network Cable | 50 Pack Yellow","","","","",""
"004.004.7000.50PACK","0.15m CAT6 Ultra Thin LSZH Ethernet Network Cable | 50 Pack Pink","","","","",""
"004.004.9004.10PACK","1.5m CAT6 Ultra Thin LSZH Ethernet Network Cable | 10 Pack Grey","","","","",""
"006.008.9020","KVM 1080P@60Hz HDMI Extender over CAT6 up to 70 Meters","","","","",""
"040.040.0350","4C | Plain Coupling Orange 32mm - 20 Pack","","","","",""
"SFP-1G-SX-MOX","Moxa compatible 1.25G, SFP, 850nm, 550M Transceiver, LC Connector for MMF with DOM","","","","",""
"002.013.0445","4Cabling 4RU 600mm Width x 450mm Deep Wall Mount Server Rack","","","","",""
"004.650.0006.10PACK","3m CAT6A THIN U/UTP LSZH 28 AWG RJ45 Network Cable | 10 Pack Blue","","","","",""
"005.008.0057","BNC to BNC Panel Mount","","","","",""
"006.008.0006","TP-Link TL-SG1005D: 5-port Unmanaged Gigabit Desktop Switch","","","","",""
"011.060.1027","Cable Ties 100mm x 2.5mm (4"") Black | Bag of 1000","","","","",""
"015.006.0032","OE Elsafe: Wall Starter Side Entry Black","","","","",""
"019.098.0039","OE Elsafe: Starter Cable 10A 2000mm Lead & Thermal Overload | Black","","","","",""
"FL.OM4SCSC1.5M","1.5m SC-SC OM4 Multimode Fibre Optic Cable: Aqua","","","","",""
"ZZZ-OSMOM2-LCST-1M","1m LC - ST FIBRE OPTIC CABLE 50/125 Simplex Single mode OM2 Patch Lead","","","","",""
"001.006.0510","4Cabling CAT6A Field Termination Plug Crimp Tool","","","","",""
"002.003.4800","4Cabling 1RU Sliding Shelf for 800mm Deep Rack","","","","",""
"004.300.6001","0.5m CAT6A RJ45 S/FTP THIN LSZH 30 AWG Network Cable | Yellow","","","","",""
"015.002.0107","Field Assembly Optical Singlemode Connector | LC UPC Connector | Bag of 6","","","","",""
"016.008.0005","8 Port Keystone Surface Mount Box","","","","",""
"022.002.0450","1.5m Mini DisplayPort Male - HDMI® Cable Male: Black","","","","",""
"FL.OM1LCSC5M","5m LC-SC OM1 Multimode Fibre Optic Cable: Orange","","","","",""
"FL.OM4SCSC3MR","3m SC-SC OM4 Multimode Fibre Optic Patch Cable | Red","","","","",""
"FL.OS2LCST5M","5m LC-ST OS1 / OS2 Singlemode Fibre Optic Cable : Yellow","","","","",""
"TT.RUT241","Teltonika | RUT241 | Compact 4G LTE CAT4 Industrial Router","","","","",""
"ZZZ-OMMOM2-LCST-2M","2M LC - ST FIBRE OPTIC CABLE 50/125 Duplex Multimode OM2 Patch Lead","","","","",""
"004.002.0001.50PACK","0.25m RJ45 CAT6 Ethernet Network Cable | 50 Pack Blue","","","","",""
"004.004.6005.10PACK","2m CAT6 Ultra Thin LSZH Ethernet Network Cable | 10 Pack Yellow","","","","",""
"004.004.9016.10PACK","0.75m CAT6 Ultra Thin LSZH Ethernet Network Cable | 10 Pack Grey","","","","",""
"040.000.0181","4C | Extension Socket IP66 250V 3 Round Pin 32A","","","","",""
"040.000.0266","4C | Industrial Straight Plug 250V 3 round Pin 32A","","","","",""
"FL.OS2SCSC05MBL","0.5m SC-SC OS1 / OS2 Singlemode Fibre Optic Cable: Black","","","","",""
"M2.SWARM.SYSTEM","Mercku M2 Swarm Pack Wi-Fi MESH System","","","","",""
"SLD.C6UTP.GREY.R","CAT6 Ethernet Cable Reel Box UTP LAN Cable w/ Solid Conductor| 305m Grey","","","","",""
"003.024.1110","Cable Labels: Pack of 10 (49 Labels / Sheet): White","","","","",""
"004.002.1022","20m RJ45 CAT6 Ethernet Network Cable | Red","","","","",""
"004.002.3005.10PACK","2m RJ45 CAT6 Ethernet Network Cable | 10 Pack White","","","","",""
"004.004.5003.10PACK","1m CAT6 Ultra Thin LSZH Ethernet Network Cable | 10 Pack Orange","","","","",""
"004.004.7005.10PACK","2m CAT6 Ultra Thin LSZH Ethernet Network Cable | 10 Pack Pink","","","","",""
"013.012.1041","Cable Cover for Carpet 900mm Black","","","","",""
"040.000.0069","4C | Ultima 3 Gang Switch 250V 16AX - Horizontal","","","","",""
"FL.OM1LCLC5MP","5m LC-LC OM1 Multimode Fibre Optic Cable: Salmon Pink","","","","",""
"FL.OS2LCSC3MBL","3m LC-SC OS1 / OS2 Singlemode Fibre Optic Cable: Black","","","","",""
"004.100.9030","30m CAT6A S/FTP LSZH Ethernet Network Cable | Pink","","","","",""
"004.650.3004.10PACK","1.5m CAT6A THIN U/UTP LSZH 28 AWG RJ45 Network Cable | 10 Pack White","","","","",""
"004.650.7003","1m CAT6A THIN U/UTP LSZH 28 AWG RJ45 Network Cable | Grey","","","","",""
"040.000.0275","4C | Industrial Straight Plug 500V 5Pin 20A","","","","",""
"FL.OM4SCST5MP","5m SC-ST OM4 Multimode Fibre Optic Cable | Salmon Pink","","","","",""
"US-KIT-150-060-270","Heavy Duty Storage Shelving 2700H x 1500W x 600D","","","","",""
"US-KIT-200-060-200","Heavy Duty Storage Shelving 2000H x 2000W x 600D","","","","",""
"002.003.2089","4Cabling 1RU Universal Fixed Shelf for Server Racks with Rail to Rail Depth up to 630mm","","","","",""
"004.002.2003.10PACK","1m RJ45 CAT6 Ethernet Network Cable | 10 Pack Black","","","","",""
"004.004.7004.10PACK","1.5m CAT6 Ultra Thin LSZH Ethernet Network Cable | 10 Pack Pink","","","","",""
"004.004.8001.10PACK","0.25m CAT6 Ultra Thin LSZH Ethernet Network Cable | 10 Pack Green","","","","",""
"004.100.8030","30m CAT6A S/FTP LSZH Ethernet Network Cable | Green","","","","",""
"004.650.7003.10PACK","1m CAT6A THIN U/UTP LSZH 28 AWG RJ45 Network Cable | 10 Pack Grey","","","","",""
"015.003.0001","LC SM M to F/M Attenuator 10dB","","","","",""
"FL.OS2SCAPCSCAPC1.5M","1.5m SC/APC-SC/APC OS1 / OS2 Singlemode Fibre Optic Duplex Cable","","","","",""
"004.004.5007","5m CAT6 Ultra Thin LSZH Ethernet Network Cable | Orange","","","","",""
"004.004.6003.50PACK","1m CAT6 Ultra Thin LSZH Ethernet Network Cable | 50 Pack Yellow","","","","",""
"004.100.8019","7m CAT6A S/FTP LSZH Ethernet Network Cable | Green","","","","",""
"015.004.0008","12 Port SC Simplex / LC Duplex FOBOT Faceplate suitable for 015.004.0026 & 015.004.0028","","","","",""
"040.000.0133","4C | Extension Socket IP66 500V 32A 4Pin","","","","",""
"040.040.0428","4C | 25mm Corrugated Conduit Heavy Duty Orange 25 meter/roll","","","","",""
"SLD.C6UTP.PINK.R","CAT6 Ethernet Cable Reel Box UTP LAN Cable w/ Solid Conductor | 305m Pink","","","","",""
"001.006.0520","4Cabling Insta Crimp Tool","","","","",""
"006.016.0043","TP-Link | MC110CS | 10/100Mbps Single-Mode Media Converter","","","","",""
"011.060.0033","Cable Ties - Nylon 157mm(L) x 4.6mm (W) Black | Bag of 100","","","","",""
"016.000.1002","Bullnose Reverse Wall Plate: White","","","","",""
"040.000.0030","4C | Classic Double Power Point with Extra Switch Cover Plate - White ***","","","","",""
"FL.OM1SCSC1MP","1m SC-SC OM1 Multimode Fibre Optic Cable | Salmon Pink","","","","",""
"FL.OS2LCST3M","3m LC-ST OS1 / OS2 Singlemode Fibre Optic Cable : Yellow","","","","",""
"004.002.7030","30m RJ45 CAT6 Ethernet Network Cable | Pink","","","","",""
"004.004.2003.50PACK","1m CAT6 Ultra Thin LSZH Ethernet Network Cable | 50 Pack Black","","","","",""
"007.003.0020","6 Core 14/0.20mm² Shielded, 200m Security Cable LSZH","","","","",""
"015.013.4104","3m SC-SC Flexi Boot OM4 Multimode Fibre Optic Duplex Patch Leads","","","","",""
"019.098.0040","OE Elsafe: Starter Cable 10A 2000mm Lead & Thermal Overload | White","","","","",""
"FL.OS2LCST2M","2m LC-ST OS1 / OS2 Singlemode Fibre Optic Cable : Yellow","","","","",""
"FL.OS2SCST2M","2m SC-ST OS1 / OS2 Singlemode Fibre Optic Cable : Yellow","","","","",""
"004.004.2016.10PACK","0.75m CAT6 Ultra Thin LSZH Ethernet Network Cable | 10 Pack Black","","","","",""
"004.004.4007.10PACK","5m CAT6 Ultra Thin LSZH Ethernet Network Cable | 10 Pack Purple","","","","",""
"004.100.1022","20m CAT6A S/FTP LSZH Ethernet Network Cable | Red","","","","",""
"004.100.3030","30m CAT6A S/FTP LSZH Ethernet Network Cable | White","","","","",""
"004.100.7020","15m CAT6A S/FTP LSZH Ethernet Network Cable | Grey","","","","",""
"011.060.0026","Cable Ties 100mm","","","","",""
"015.000.0020","OE Elsafe: IC Cable 5000m: White","","","","",""
"022.009.2003","3m Premium Certified High Speed HDMI® Cable with Ethernet | Supports 4K@60Hz","","","","",""
"040.000.0124","4C | Straight Plug IP66 250V 3Flat Pin 10A","","","","",""
"040.040.0409","4C | Corrugated Conduit Gland Grey 50mm","","","","",""
"FL.OM4SCSC5MEV","5m SC-SC OM4 Multimode Fibre Optic Patch Cable: Erika Violet","","","","",""
"UB.U7.PRO.OUTDOOR","Ubiquiti | U7-Pro-Outdoor | UniFi WiFi 7 Outdoor AP, All-weather IP67 WiFi 7 AP 2.5G IP67 Outdoor With Omni Antenna Kit | PoE Injector not included","","","","",""
"UB.UVC.G5.TURRET.ULTRA","Ubiquiti | UVC-G5-Turret-Ultra | UniFi Protect Ultra-Compact & IK04 Tamper-Resistant, Weatherproof PoE Camera","","","","",""
"003.001.0121","RJ45 Keystone to Australian Style Bezel |10 Pack White","","","","",""
"003.025.0231","Brother Strong Adhesive TZe Tape - Black on White - 12mm","","","","",""
"004.004.1017.10PACK","2.5m CAT6 Ultra Thin LSZH Ethernet Network Cable | 10 Pack Red","","","","",""
"004.004.8003.50PACK","1m CAT6 Ultra Thin LSZH Ethernet Network Cable | 50 Pack Green","","","","",""
"004.100.2030","30m CAT6A S/FTP LSZH Ethernet Network Cable | Black","","","","",""
"004.100.9019","7m CAT6A S/FTP LSZH Ethernet Network Cable | Pink","","","","",""
"004.300.3006.10PACK","3m CAT6A RJ45 S/FTP THIN LSZH 30 AWG Network Cable | 10 Pack White","","","","",""
"004.300.3016.10PACK","0.75m CAT6A RJ45 S/FTP THIN LSZH 30 AWG Network Cable | 10 Pack White","","","","",""
"013.001.7070","Slotted Cable Ducting - 2m Length 100 x 100mm: White","","","","",""
"017.121.0252","Fibre Push Cleaner | Suitable for LC/ MU, APC & UPC","","","","",""
"040.000.0300","4C | Classic 6 Gang Switch 250V 16AX | Vertical","","","","",""
"040.040.0338","4C | 32mm Sweep Bend 90° White Medium Duty UV resistance","","","","",""
"LE-VPK-M4TLC1200-01","LEVITON - Pigtail Kit OM4 Multimode 12 Pigtails TIA Colors 1-12 900 Micron Tight Buffer LSZH LC/UPC 1 Meter Sustainably Smart Packaging","","","","",""
"UB.CM.MG","Ubiquiti | UACC-CM-RJ45-MG | SFP+ Multi-Gigabit Transceiver Module, SFP+ to 10/5/2.5/1 GbE RJ45 supersedes the UACC-CM-RJ45-10G & UF-RJ45-10G","","","","",""
"ZZZ-OSMOM1-LCSC-1M","1m LC - SC FIBRE OPTIC CABLE 50/125 Simplex OM1 Patch Lead","","","","",""
"002.001.4296","4Cabling 42RU 600mm Wide x 1000mm Deep Server Rack","","","","",""
"004.004.5006.10PACK","3m CAT6 Ultra Thin LSZH Ethernet Network Cable | 10 Pack Orange","","","","",""
"004.100.5007","5m CAT6A S/FTP LSZH Ethernet Network Cable | Orange","","","","",""
"007.004.0030","CAT6 UTP LAN Outdoor GEL Filled Cable on a Reel | 305m Roll Black","","","","",""
"ST-ST-OM3-2M-DX3","PlusOptic Fibre Patch, ST-ST, OM3, 2M, 3mm, Multimode Duplex","","","","",""
"002.001.2260","4Cabling 22RU 600mm Wide x 600mm Deep Server Rack","","","","",""
"002.015.0664.G","6RU 600mm Wide x 400mm Deep Galvanized Steel OUTDOOR Wall Mount Cabinet | IP65 Standard IEC 60529:2013 | Grey","","","","",""
"004.004.6006.10PACK","3m CAT6 Ultra Thin LSZH Ethernet Network Cable | 10 Pack Yellow","","","","",""
"004.650.0005.10PACK","2m CAT6A THIN U/UTP LSZH 28 AWG RJ45 Network Cable | 10 Pack Blue","","","","",""
"006.008.0102","TP-Link | POE260S | 2.5G PoE+ Injector Adapter","","","","",""
"015.012.7317","Fibre Pigtail SC OM1 Multimode 2m - 6 Pack Rainbow","","","","",""
"016.002.0007","1 Way Australian Style Wall Plate Black","","","","",""
"FL.OM4SCSC5MP","5m SC-SC OM4 Multimode Fibre Optic Cable: Salmon Pink - 2mm","","","","",""
"002.001.4280","4Cabling 42RU 600mm Wide x 800mm Deep Server Rack","","","","",""
"004.001.7006","3m RJ45 CAT5E Ethernet Network Cable | Pink","","","","",""
"004.001.8007","5m RJ45 CAT5E Ethernet Network Cable | Green","","","","",""
"004.002.0003.50PACK","1m RJ45 CAT6 Ethernet Network Cable | 50 Pack Blue","","","","",""
"004.650.1001.10PACK","0.5m CAT6A THIN U/UTP LSZH 28 AWG RJ45 Network Cable | 10 Pack Red","","","","",""
"006.008.0024","TP-Link TL-SF1008D: 8-port Unmanaged 10/100M Ethernet Switch","","","","",""
"015.000.0012","OE Elsafe: IC Cable 3000mm: White","","","","",""
"022.002.0310","10m HDMI® Male to DVI-D Dual Link Male","","","","",""
"040.000.0061","4C | Ultima 1 Gang Switch 250V 16AX | Vertical","","","","",""
"FL.OM4LCLC25M","25m LC-LC OM4 Multimode Fibre Optic Patch Cable: Aqua","","","","",""
"FL.OS2SCSCAPC3M","3m SC-SC/APC OS1 / OS2 Singlemode Fibre Optic Duplex Cable","","","","",""
"ZBENCH1M60-K","Metal Work Bench 900H x 1000W x 600D - EOL","","","","",""
"004.002.3003.10PACK","1m RJ45 CAT6 Ethernet Network Cable | 10 Pack White","","","","",""
"004.002.4022","20m RJ45 CAT6 Ethernet Network Cable | Purple","","","","",""
"004.004.5016.10PACK","0.75m CAT6 Ultra Thin LSZH Ethernet Network Cable | 10 Pack Orange","","","","",""
"011.165.5801","White 6 Outlet Powerboard | 1m Lead","","","","",""
"015.004.1152","4C | 2RU Fibre Patch Panel | Rodent-Proof Unloaded FOBOT | 48SC / 96LC","","","","",""
"ANTH4G","Permaconn | ANTH4G | 4G High Gain Antenna | Includes wall mount bracket & 2m cable","","","","",""
"FL.OM4SCSC3MP","3m SC-SC OM4 Multimode Fibre Optic Cable: Salmon Pink","","","","",""
"FL.OS2LCSCAPC20","20m LC-SC/APC OS1 / OS2 Singlemode Fibre Optic Duplex Cable","","","","",""
"K11","11 Way Back Mount Frame","","","","",""
"LW-LIGOVISION-5-15AC-WBK","LigoWave | LigoVision 5-15ac Wireless Bridge Kit – Pre-Configured 5GHz Outdoor Kit for CCTV & PTP/PTMP Applications | 15dBi Antenna, Dual Ethernet Ports","","","","",""
"ZZZ-OSMOM1-LCST-2M","2m LC - ST FIBRE OPTIC CABLE 50/125 Simplex OM1 Patch Lead","","","","",""
"002.015.0014","Replacment Filter for 4Cabling Outdoor Ventilated Cabinets","","","","",""
"003.001.0111","RJ45 Keystone to Australian Style Bezel |10 Pack White","","","","",""
"004.004.4005.10PACK","2m CAT6 Ultra Thin LSZH Ethernet Network Cable | 10 Pack Purple","","","","",""
"004.004.6017.10PACK","2.5m CAT6 Ultra Thin LSZH Ethernet Network Cable | 10 Pack Yellow","","","","",""
"004.100.1050","50m CAT6A S/FTP LSZH Ethernet Network Cable | Red","","","","",""
"004.100.8010","10m CAT6A S/FTP LSZH Ethernet Network Cable | Green","","","","",""
"004.650.3006.10PACK","3m CAT6A THIN U/UTP LSZH 28 AWG RJ45 Network Cable | 10 Pack White","","","","",""
"UB.QUICK.MOUNT","Ubiquiti | Mounts | Quick-Mount | Tool-less Quick-Mounts for Ubiquiti CPE Products","","","","",""
"UB.SM.1G","Ubiquiti | UACC-OM-SM-1G-S-2 | Single-Mode Fibre SFP Module, BiDi | 2 Pack","","","","",""
"UB.UVC.G6.BULLET.WT","Ubiquiti | UVC-G6-Bullet-W | UniFi Protect All-weather 4K PoE camera with a 1/1.8"" 8MP image sensor, Multi-TOPS AI Engine, and long-range IR night vision - WHITE","","","","",""
"001.006.0007","4Pro's Professional Crimp Tool with Ratchet","","","","",""
"004.002.0011","50m RJ45 CAT6 Ethernet Network Cable | Blue","","","","",""
"004.002.4030","30m RJ45 CAT6 Ethernet Network Cable | Purple","","","","",""
"004.650.0002.50PACK","0.15m CAT6A THIN U/UTP LSZH 28 AWG RJ45 Network Cable | 50 Pack Blue","","","","",""
"015.002.0100","Field Assembly Fibre Optical Singlemode Connector | SC Connector | Bag of 6","","","","",""
"015.013.4102","1.5m SC-SC Flexi Boot OM4 Multimode Fibre Optic Duplex Patch Leads","","","","",""
"040.040.0348","4C | Plain Coupling Orange 20mm - 50 Pack","","","","",""
"FL.OM4LCST5M","5m LC-ST OM4 Multimode Backwards compatible with OM3 Fibre Optic Duplex LSZH Patch Lead : 2mm Oversleeving | AQUA","","","","",""
"FL.OM4STST2M","2m ST-ST OM4 Multimode Fibre Optic Cable: Aqua","","","","",""
"SLD.C6UTP.PURPLE.R","CAT6 Ethernet Cable Reel Box UTP LAN Cable w/ Solid Conductor | 305m Purple","","","","",""
"UB.MM.10G","Ubiquiti | UACC-OM-MM-10G-D-2 | Multi Mode Fibre SFP+ Module | 2 Pack","","","","",""
"002.014.8014","4Cabling 42RU & 45RU Copper Earthing Bar with Fixings","","","","",""
"004.002.6030","30m RJ45 CAT6 Ethernet Network Cable | Yellow","","","","",""
"004.002.8030","30m RJ45 CAT6 Ethernet Network Cable | Green","","","","",""
"004.100.1019","7m CAT6A S/FTP LSZH Ethernet Network Cable | Red","","","","",""
"004.650.0016.10PACK","0.75m CAT6A THIN U/UTP LSZH 28 AWG RJ45 Network Cable | 10 Pack Blue","","","","",""
"040.000.0038","4C | Classic Single Power Point Polycarbonate Cover Plate - Gold Colour","","","","",""
"SFP-1G-LX-PLUI","Plusoptic 1.25G, SFP, 1310nm, 10KM Transceiver, LC Connector for SMF with DOM | Industrial temperature rated","","","","",""
"UB.U7.MESH","Ubiquiti | U7-Mesh | UniFi Wi-Fi 7 Compact indoor / Outdoor AP with integrated long-range antenna system, PoE Injector included","","","","",""
"002.003.0450","4Cabling 1RU Fixed Shelf for 450mm Deep Wall Mount Server Rack","","","","",""
"002.013.0960","4Cabling 9RU 600mm Wide x 600mm Deep Wall Mount Server Rack | Without Fan","","","","",""
"004.002.8050","50m RJ45 CAT6 Ethernet Network Cable | Green","","","","",""
"040.0.0104","4C | Elegant 3 Gang Aluminium Cover Plate - Silver Matt","","","","",""
"CA-AD-HMDF","HDMI Male to DVI Female Adapter","","","","",""
"FL.OM1LCSC1M","1m LC-SC OM1 Multimode Fibre Optic Cable: Orange","","","","",""
"FL.OS2SCSC5M","5m SC-SC OS1 / OS2 Singlemode Fibre Optic Cable : Yellow","","","","",""
"004.650.3002.50PACK","0.15m CAT6A THIN U/UTP LSZH 28 AWG RJ45 Network Cable | 50 Pack White","","","","",""
"006.008.0025","TP-Link TL-SG1008D: 8-port Unmanaged Gigabit Ethernet Switch","","","","",""
"015.004.0105","5 Pair Lead-In Gel Snap Closure, Toolless, suitable for lead-in cables up to 2/0.64 cable, In-line, Butt & T Splice joints only NBN SKU 10027491 / Telstra SKU 51300180","","","","",""
"040.000.0276","4C | Industrial Straight Plug 500V 5Pin 32A","","","","",""
"040.050.0040","4C | 16mm Nylon Cable Gland Long Threaded with Washer - 30 Pack","","","","",""
"040.050.0045","4C | 50mm Nylon Cable Gland Long Threaded with Washer - 2 Pack","","","","",""
"FL.OS2LCSC05MP","0.5m LC-SC OS1 / OS2 Singlemode Fibre Optic Cable: Salmon Pink","","","","",""
"SLD.C6AUUTP.YELLOW","4C | CAT6A U/UTP 23AWGx4P, PVC Jacket | Supplied on Plastic Reel | 305m Yellow","","","","",""
"US-KIT-150-030-200","Heavy Duty Storage Shelving 2000H x 1500W x 300D","","","","",""
"001.006.0520.BLADE","Blade for insta Crimp Tool 001.006.0520","","","","",""
"004.004.5000.50PACK","0.15m CAT6 Ultra Thin LSZH Ethernet Network Cable | 50 Pack Orange","","","","",""
"004.004.5004.10PACK","1.5m CAT6 Ultra Thin LSZH Ethernet Network Cable | 10 Pack Orange","","","","",""
"004.100.9007","5m CAT6A S/FTP LSZH Ethernet Network Cable | Pink","","","","",""
"006.008.1042","KVM Console Extender Over Cat 6/6A 70m with HDMI® Loop-Through","","","","",""
"BISFP-D-10-PLU","Plusoptic 1.25G, BiDi SFP, TX-1490nm / RX-1310nm, 10KM Transceiver, LC Connector for SMF fibre with DDMI","","","","",""
"FL.OM1LCLC1MP","1m LC-LC OM1 Multimode Fibre Optic Cable | Salmon Pink","","","","",""
"FL.OM4LCST1M","1m LC-ST OM4 Multimode Fibre Optic Cable: Aqua","","","","",""
"SFP-100FE-LX-MOXI","Moxa Compatible 100Mbps, 100Base SFP, 1310nm, 10KM Transceiver, LC Connector for SMF with DOM | Industrial temperature rated","","","","",""
"004.002.5020","15m RJ45 CAT6 Ethernet Network Cable | Orange","","","","",""
"004.100.4004","1.5m CAT6A S/FTP LSZH Ethernet Network Cable | Purple","","","","",""
"004.100.4022","20m CAT6A S/FTP LSZH Ethernet Network Cable | Purple","","","","",""
"005.002.0303","PortaPow Fast Charge Micro USB Cable - 300cm","","","","",""
"006.016.0040","Omada 10G SFP+ Media Converter","","","","",""
"006.016.0041","TP-Link 10/100Mbps Multi-Mode Media Converter MC100CM","","","","",""
"029.053.0017","OE Elsafe: QIKFIT Mounting Clips - Individual","","","","",""
"040.000.0063","4C | Ultima 3 Gang Switch 250V 16AX - Vertical","","","","",""
"040.000.0309","4C | Classic Single Power Point 250V 10A with 16AX Extra Switch - Horizontal","","","","",""
"040.000.0355","4C | Suspended Switched Socket 250V 10A","","","","",""
"DNC5MST-100.0","CAT5E RJ45 Modular Plugs - Bag Of 100 Stranded","","","","",""
"FL.OM1LCSC5MP","5m LC-SC OM1 Multimode Fibre Optic Cable: Salmon Pink","","","","",""
"FL.OM1LCST10M","10m LC-ST OM1 Multimode Fibre Optic Cable: Orange","","","","",""
"FL.OS2LCSC1MR","1m LC-SC OS1 / OS2 Singlemode Fibre Optic Cable: Red","","","","",""
"US-MKIT-150-060-270","Heavy Duty Mobile Shelving 2700H x 1500W x 600D","","","","",""
"ZZZ-OSMOM3-LCST-2M","2m LC - ST FIBRE OPTIC CABLE 50/125 Simplex OM3 Patch Lead | Aqua","","","","",""
"002.008.0025","Easy Wrap Cable Spiral: White","","","","",""
"004.650.3001.10PACK","0.5m CAT6A THIN U/UTP LSZH 28 AWG RJ45 Network Cable | 10 Pack White","","","","",""
"015.010.3105","5m LC Flexi Boot - LC Flexi Boot OS1 / OS2 Singlemode Fibre Optic Duplex Cable","","","","",""
"016.004.0001","HDMI® Wall Plate with Dongle","","","","",""
"020.010.0116","RackStuds Series II | 100 Pack Purple","","","","",""
"022.000.0038","10m 3.5mm Audio Cable, Stereo Jack to Stereo Jack","","","","",""
"040.040.0397","4C | Deep Junction Box 25mm 4 Way - 10 Pack","","","","",""
"FL.OM4LCST15M","15m LC-ST OM4 Multimode Fibre Optic Cable: Aqua","","","","",""
"FL.OS2SCSCAPC5M","5m SC-SC/APC OS1 / OS2 Singlemode Fibre Optic Duplex Cable","","","","",""
"PDU-V-10","Power Rail - 10 Way Vertical Mount","","","","",""
"002.004.5042","Vertical PDU Mounting Rails | Suitable for 42RU Cabinet | 2 Pack","","","","",""
"004.004.3000.50PACK","0.15m CAT6 Ultra Thin LSZH Ethernet Network Cable | 50 Pack White","","","","",""
"011.165.1170","Thor | RF11P | 1RU 11 Way Smart Rack Guard Surge Protected Power Rail","","","","",""
"015.010.3104","3m LC Flexi Boot - LC Flexi Boot OS1 / OS2 Singlemode Fibre Optic Duplex Cable","","","","",""
"FL.OM1LCSC10M","10m LC-SC OM1 Multimode Fibre Optic Cable: Orange","","","","",""
"FL.OS2LCSC05MR","0.5m LC-SC OS1 / OS2 Singlemode Fibre Optic Cable: Red","","","","",""
"FL.OS2SCSC1.5MR","1.5m SC-SC OS1 / OS2 Singlemode Fibre Optic Cable | Red","","","","",""
"UB.INS.3AF.I.G","Ubiquiti Instant 802.3AF Indoor Gigabit POE Converter","","","","",""
"US-MKIT-150-060-200","Heavy Duty Mobile Shelving 2000H x 1500W x 600D","","","","",""
"003.023.2004","Brother: 12mm BLACK on WHITE TZE-231 Tape x 8m","","","","",""
"004.100.4005","2m CAT6A S/FTP LSZH Ethernet Network Cable | Purple","","","","",""
"004.300.0000.50PACK","0.25m CAT6A RJ45 S/FTP THIN LSZH 30 AWG Network Cable | 50 Pack Blue","","","","",""
"004.300.1018","4m CAT6A RJ45 S/FTP THIN LSZH 30 AWG Network Cable | Red","","","","",""
"005.002.0040","4Cabling CAT5e UTP RJ45 Insta Crimp Plug 100 pack","","","","",""
"011.180.0056","3m IEC C19 to Mains Power Cable 15A Black","","","","",""
"011.180.2300","RL PSU 14.5V | 14.5V 1A Power Supply, with Terminal Block attached Suitable for RapidLink RL10","","","","",""
"040.040.0412","4C | Adaptable Box 211 x 108 x 81mm","","","","",""
"040.040.0423","4C | 25mm Corrugated Conduit Medium Duty Grey 25 meter/roll","","","","",""
"004.100.2050","50m CAT6A S/FTP LSZH Ethernet Network Cable | Black","","","","",""
"004.100.6022","20m CAT6A S/FTP LSZH Ethernet Network Cable | Yellow","","","","",""
"006.008.9023","HDMI® Extender 4K@ 60Hz Support | IR Passback with HDMI Loop Through and PoC | Up to 50m","","","","",""
"011.165.1182","Thor | RJ45-S | Smart Series: RJ45-S high speed network protection","","","","",""
"015.011.4100","0.5m LC-SC Flexi Boot OM4 Multimode Fibre Optic Duplex Patch Leads","","","","",""
"FL.OM4LCSC2MR","2m LC-SC OM4 Multimode Fibre Optic Patch Cable: Red","","","","",""
"002.004.0009","Baying Kit for Server Racks | 2 Pack","","","","",""
"004.004.3003.50PACK","1m CAT6 Ultra Thin LSZH Ethernet Network Cable | 50 Pack White","","","","",""
"004.100.7018","4m CAT6A S/FTP LSZH Ethernet Network Cable | Grey","","","","",""
"004.100.8050","50m CAT6A S/FTP LSZH Ethernet Network Cable | Green","","","","",""
"013.002.1616","Cable Ducting 16mm(W) x 16mm(H) x 2m: White","","","","",""
"013.012.1050","Cable Cover for Carpet | Box of 25m Black","","","","",""
"015.000.0079","OE Elsafe: IC Cable 600mm: Black","","","","",""
"018.004.0100","Optical Fibre Warning Tape","","","","",""
"027.080.0000","OE Elsafe: Falcon Chassis and Lid with Built-in Screed Floor Box","","","","",""
"040.0.0099.10PACK","4C | Elegant Double Power Point 250V 10A | Vertical | 10 Pack with 10 FREE C-Clips","","","","",""
"040.000.0291","4C | Classic 3 Gang Switch 250V 16AX | Horizontal","","","","",""
"FL.OM1SCSC1M","1m SC-SC OM1 Multimode Fibre Optic Cable: Orange","","","","",""
"UB.INS.3AF.O.G","Ubiquiti Instant 802.3AF Outdoor Gigabit PoE Converters","","","","",""
"US-BENCH2M80-K","Metal Work Bench 900H x 2000W x 800D","","","","",""
"002.001.4260","4Cabling 42RU 600mm Wide x 600mm Deep Server Rack","","","","",""
"002.013.0630","4Cabling 6RU W600mm x D300mm Wall Mount Server Rack","","","","",""
"003.025.0020","Self Adhesive Mount 28mm x 28mm - White - 100pk","","","","",""
"004.002.8019","7m RJ45 CAT6 Ethernet Network Cable | Green","","","","",""
"004.004.2005.50PACK","2m CAT6 Ultra Thin LSZH Ethernet Network Cable | 50 Pack Black","","","","",""
"004.100.6030","30m CAT6A S/FTP LSZH Ethernet Network Cable | Yellow","","","","",""
"025.000.0004","OE Elsafe: Wieland GST Locking Clip","","","","",""
"040.040.0385","4C | Junction Box 25mm 3 Way - 10 Pack","","","","",""
"FL.OM1LCLC05MP","0.5m LC-LC OM1 Multimode Fibre Optic Cable: Salmon Pink","","","","",""
"FL.OM4LCSC5MEV","5m LC-SC OM4 Multimode Fibre Optic Patch Cable: Erika Violet","","","","",""
"FL.OS2LCAPCLCAPC5M","5m LC/APC - LC/APC OS1 / OS2 Singlemode Fibre Optic Duplex Cable","","","","",""
"FL.OS2LCSC1.5MBL","1.5m LC-SC OS1 / OS2 Singlemode Fibre Optic Cable: Black","","","","",""
"FL.OS2SCSCAPC1M","1m SC-SC/APC OS1 / OS2 Singlemode Fibre Optic Duplex Cable","","","","",""
"SFP-1G-LX-CISI","Cisco compatible (GLC-LX-SM-RGD) 1.25G, SFP, 1310nm, 10KM Transceiver, LC Connector for SMF with DOM | Industrial temperature rated","","","","",""
"UB.UISP.PRO","Ubiquiti UISP-Pro Outdoor Carrier-Class Shielded Ethernet Cable W/Integrated ESD Drain Wire 305m Box","","","","",""
"ZZZ-OSMOM3-LCST-1M","1m LC - ST FIBRE OPTIC CABLE 50/125 Simplex OM3 Patch Lead | Aqua","","","","",""
"001.006.0500","4Cabling CAT6A FTP Keystone Jack Crimp Tool","","","","",""
"004.002.5030","30m RJ45 CAT6 Ethernet Network Cable | Orange","","","","",""
"004.100.4030","30m CAT6A S/FTP LSZH Ethernet Network Cable | Purple","","","","",""
"015.002.0072","LC OM3 / OM4 Multimode Through Coupler Flangeless Quad Ceramic Sleeve | Aqua","","","","",""
"015.008.1103","3m LC-LC OM1 Multimode Fibre Optic Cable| 3mm Oversleeving | Salmon Pink","","","","",""
"018.040.0001","OE Elsafe: Qiksilva 35 - 2 x GPO & TUF A+C with 800mm Lead and Desktop Clamp Bracket","","","","",""
"040.040.0339","4C | 50mm Sweep Bends 90° White Medium Duty UV resistance","","","","",""
"FL.OM4LCSC05MP","0.5m LC-SC OM4 Multimode Fibre Optic Cable | 2mm Oversleeving | Salmon Pink","","","","",""
"FL.OS2LCSC1MBL","1m LC-SC OS1 / OS2 Singlemode Fibre Optic Cable: Black","","","","",""
"SFP-1G-LX-CIS.TAA","Cisco compatible 1.25G, SFP, 1310nm, 10KM Transceiver, LC Connector for SMF with DOM | TAA Compatible","","","","",""
"004.004.1005.50PACK","2m CAT6 Ultra Thin LSZH Ethernet Network Cable | 50 Pack Red","","","","",""
"004.004.1016.10PACK","0.75m CAT6 Ultra Thin LSZH Ethernet Network Cable | 10 Pack Red","","","","",""
"004.100.5020","15m CAT6A S/FTP LSZH Ethernet Network Cable | Orange","","","","",""
"004.300.0001.10PACK","0.5m CAT6A RJ45 S/FTP THIN LSZH 30 AWG Network Cable | 10 Pack Blue","","","","",""
"006.008.0138","TP-Link TL-SG105 | 5 port Gigabit Desktop Switch | Desktop Steel Case","","","","",""
"011.060.0045","Cable Ties - Nylon 685mm(L) x 9mm(W) Black | Bag of 100","","","","",""
"012.008.0650","Socomec NeTYS PE 650VA Tower UPS","","","","",""
"040.000.0042","4C | Classic 2 Gang Switch Polycarbonate Cover Plate - Silver Colour","","","","",""
"P.SOC.SM.SC.APC.3","SC Singlemode APC Splice-On Connector - 3.0mm Boots","","","","",""
"SFP-10G-LR-FOR","Fortinet compatible (FG-TRAN-SFP+LR) 10G, SFP+, 1310nm, 10KM Transceiver, LC Connector for SMF with DOM","","","","",""
"UB.UAP.AC.PRO","Ubiquiti Unifi UAP-AC-Pro-V2 Access Point - Wi-Fi 802.11ac | Includes POE Injector","","","","",""
"002.004.5027","Vertical PDU Mounting Rails | Suitable for 27RU Freestanding Cabinet | 2 Pack","","","","",""
"003.025.0251","Brother TZES251 | 24mm Black on White Strong Adhesive TZE Tape","","","","",""
"004.002.1030","30m RJ45 CAT6 Ethernet Network Cable | Red","","","","",""
"004.300.0004.10PACK","1.5m CAT6A RJ45 S/FTP THIN LSZH 30 AWG Network Cable | 10 Pack Blue","","","","",""
"004.300.2000.10PACK","0.25m CAT6A RJ45 S/FTP THIN LSZH 30 AWG Network Cable | 10 Pack Black","","","","",""
"006.010.0018","2 WAY HDMI SPLITTER 1 IN 2 OUT. displays an UItra HD source to two UItra HD displays","","","","",""
"007.003.0001","Jumper Wire - 100m Roll Red White","","","","",""
"008.008.1641","4 Core Speaker Cable, 16 AWG, LSZH Jacket, 152m","","","","",""
"040.000.0050","4C | Classic Double Power Point with Extra Switch Cover Plate - Silver","","","","",""
"FL.OM1LCLC30M","30m LC-LC OM1 Multimode Fibre Optic Cable: Orange","","","","",""
"FL.OM4LCSC10M","10m LC-SC OM4 Multimode Fibre Optic Duplex Patch Lead: Aqua","","","","",""
"LC-LC-OM1-3M-DX","Fibre Patch, LC-LC, OM1, 3M, Multimode Duplex","","","","",""
"ZCOMP-F-060","Full Space Maximiser Kit","","","","",""
"ZZZ-OSMOM1-LCSC-2M","2m LC - SC FIBRE OPTIC CABLE 50/125 Simplex OM1 Patch Lead","","","","",""
"004.002.9020","15m RJ45 CAT6 Ethernet Network Cable | Grey","","","","",""
"004.100.9022","20m CAT6A S/FTP LSZH Ethernet Network Cable | Pink","","","","",""
"006.008.0072","TP-Link | SM5110-SR | Omada 10Gbase-SR SFP+ LC Transceiver","","","","",""
"015.007.0071","OE Elsafe: QIKFIT 4 x Data Cutout: White","","","","",""
"018.004.0070","Electrical Insulation Tape - Rainbow: 10 Pack","","","","",""
"022.009.4570","Detachable 70m Premium High Speed HDMI® cable with Ethernet | Active Optical Cable | AOC cable | Supports 4K@60Hz as specified in HDMI 2.0","","","","",""
"040.000.0344","4C | Rewireable Plug 250V 15A Clear - 10 Pack","","","","",""
"AL-INJECTOR-POE","Alta Labs | INJECTOR-POE+-AU PoE+ Injector, Suitable for AP6 & AP6-PRO Access Points","","","","",""
"FL.OM4SCST5MB","5m SC-ST OM4 Multimode Fibre Optic Cable | Blue","","","","",""
"SFP28-LR-PLU","Plusoptic 25G, SFP28, 1310nm, 10KM Transceiver, LC Connector for SMF with DOM","","","","",""
"002.004.4240","4Cabling 400mm Wide Cable Tray Suitable for 42RU Server Rack | 2 Pack","","","","",""
"004.004.9017.10PACK","2.5m CAT6 Ultra Thin LSZH Ethernet Network Cable | 10 Pack Grey","","","","",""
"004.300.0016.10PACK","0.75m CAT6A RJ45 S/FTP THIN LSZH 30 AWG Network Cable | 10 Pack Blue","","","","",""
"004.650.7006.10PACK","3m CAT6A THIN U/UTP LSZH 28 AWG RJ45 Network Cable | 10 Pack Grey","","","","",""
"015.010.4105","5m LC Flexi Boot - LC Flexi Boot OM4 Multimode Fibre Optic Duplex Patch Lead","","","","",""
"015.011.4105","5m LC-SC Flexi Boot OM4 Multimode Fibre Optic Duplex Patch Leads","","","","",""
"040.040.0360","4C | Solid Elbow Grey 20mm - 20 Pack","","","","",""
"FL.OS2LCSC1.5MR","1.5m LC-SC OS1 / OS2 Singlemode Fibre Optic Cable: Red","","","","",""
"LC-LC-OM1-2M-DX","Fibre Patch, LC-LC, OM1, 2M, Multimode Duplex","","","","",""
"SFP-10G-SR-CIS.TAA","Cisco compatible 10G, SFP+, 850nm, 300M Transceiver, LC Connector for MMF with DOM | TAA compliance","","","","",""
"004.100.2022","20m CAT6A S/FTP LSZH Ethernet Network Cable | Black","","","","",""
"004.300.2016.10PACK","0.75m CAT6A RJ45 S/FTP THIN LSZH 30 AWG Network Cable | 10 Pack Black","","","","",""
"006.008.0148","TP-Link TL-SG1428PE | 28 port Gigabit Easy Smart Switch with 24 port PoE+","","","","",""
"010.003.0013","Keystone Blank Inserts-White Pack of 10","","","","",""
"011.180.2123","2m Lockable IEC C13 - Australian 3-Pin Plug","","","","",""
"012.001.1021","4Cabling Single Monitor Premium Aluminum Articulating Monitor Bracket | Metallic Grey | 8KG Max | 17""-32""","","","","",""
"DACSFP-10G-2M-CIS","Cisco compatible DAC, SFP+ to SFP+, 10G, 2M, Twinax Cable | Plusoptic DACSFP+-2M-CIS","","","","",""
"FL.OM1LCSC3MP","3m LC-SC OM1 Multimode Fibre Optic Cable: Salmon Pink","","","","",""
"FL.OM4STST3M","3m ST-ST OM4 Multimode Fibre Optic Cable: Aqua","","","","",""
"LE-61UJK-SE6","LEVITON - Atlas-X1 Cat 6 Unshielded Jack with Shutter Tool free - Black","","","","",""
"UB.USW.LITE.8.POE","Ubiquiti Unifi Switch USW-LITE-8-POE | UniFi Switch Lite 8 Port with 4 Port POE","","","","",""
"004.100.4001","0.25m CAT6A S/FTP LSZH Ethernet Network Cable | Purple","","","","",""
"004.100.6019","7m CAT6A S/FTP LSZH Ethernet Network Cable | Yellow","","","","",""
"004.300.3001.10PACK","0.5m CAT6A RJ45 S/FTP THIN LSZH 30 AWG Network Cable | 10 Pack White","","","","",""
"007.003.0125","7 Core 14/0.20mm² shielded Jelly Filled Outdoor Cable | 300m Black","","","","",""
"013.012.1060","Cable Cover for Hard Floors | Box of 5m Black","","","","",""
"015.009.0005","Fibre Keystone Insert for LC and SC - 10 Pack","","","","",""
"015.012.7316","Fibre Pigtail ST OM1 Multimode 2m - 6 Pack Rainbow","","","","",""
"020.010.0200","Universal Cage Nut Insertion/Extraction Tool","","","","",""
"040.000.0071","4C | Ultima 5 Gang Switch 250V 16AX - Horizontal","","","","",""
"040.000.0272","4C | Industrial Extension Socket 500V 5Pin 20Amp","","","","",""
"040.000.0295","4C | Classic 1 Gang Switch 250V 16AX | Vertical","","","","",""
"FL.OM4LCST1MB","1m LC-ST OM4 Multimode Fibre Optic Cable: Blue","","","","",""
"FL.OM4SCSC1.5MP","1.5m SC-SC OM4 Multimode Fibre Optic Cable | Salmon Pink - 2mm","","","","",""
"FL.OS2SCSC5MR","5m SC-SC OS1 / OS2 Singlemode Fibre Optic Cable: Red","","","","",""
"UB.UVC.G5.BULLET","Ubiquiti UniFi Video Camera G5 Bullet with IR and 30 FPS | 2K HD | UVC-G5-Bullet","","","","",""
"004.004.1001.50PACK","0.25m CAT6 Ultra Thin LSZH Ethernet Network Cable | 50 Pack Red","","","","",""
"004.004.2018.10PACK","4m CAT6 Ultra Thin LSZH Ethernet Network Cable | 10 Pack Black","","","","",""
"004.004.6007.10PACK","5m CAT6 Ultra Thin LSZH Ethernet Network Cable | 10 Pack Yellow","","","","",""
"004.020.0030","Gender Changer HD15 VGA Female to Female","","","","",""
"011.060.0041","Cable Ties - Nylon 380mm(L) x 7.6mm(W) Natural | Bag of 100","","","","",""
"011.060.1033","Cable Ties 160mm x 4.8mm Black | Bag of 1000","","","","",""
"022.000.0043","3.5mm Stereo Socket to Socket","","","","",""
"040.000.0066","4C | Ultima 6 Gang Switch 250V 16AX - Vertical","","","","",""
"040.040.0367","4C | Tee 20x20x20mm - 20 Pack","","","","",""
"FL.OM4LCSC5MR","5m LC-SC OM4 Multimode Fibre Optic Patch Cable | Red","","","","",""
"FL.OS2LCSC05MBL","0.5m LC-SC OS1 / OS2 Singlemode Fibre Optic Cable: Black","","","","",""
"LW-RAPIDFIRE-5-23","LigoWave | 5GHz Wireless Bridge for Long-Distance Heavy-Duty Point-to-Point Applications Featuring Fully Integrated Directional Antenna","","","","",""
"UB.LOCOM5","Ubiquiti Nano Station locoM5 Indoor/ Outdoor AirMAX CPE","","","","",""
"003.024.0231","Brother | TZE-FX231 | 12mm BLACK on WHITE Flexible TZE Tape","","","","",""
"004.002.2005.10PACK","2m RJ45 CAT6 Ethernet Network Cable | 10 Pack Black","","","","",""
"004.002.5050","50m RJ45 CAT6 Ethernet Network Cable | Orange","","","","",""
"004.004.1007.10PACK","5m CAT6 Ultra Thin LSZH Ethernet Network Cable | 10 Pack Red","","","","",""
"004.004.8017.10PACK","2.5m CAT6 Ultra Thin LSZH Ethernet Network Cable | 10 Pack Green","","","","",""
"004.300.0003.50PACK","1m CAT6A RJ45 S/FTP THIN LSZH 30 AWG Network Cable | 50 Pack Blue","","","","",""
"004.300.2003.10PACK","1m CAT6A RJ45 S/FTP THIN LSZH 30 AWG Network Cable | 10 Pack Black","","","","",""
"006.008.0058","TP-Link | SM5310-T | Omada 10GBASE-T RJ45 - SFP+ Module","","","","",""
"011.165.5803","3m Handset Curly Cord | 4P4C IVORY","","","","",""
"FL.OM1LCLC20M","20m LC-LC OM1 Multimode Fibre Optic Cable: Orange","","","","",""
"FL.OM1SCSC3MP","3m SC-SC OM1 Multimode Fibre Optic Cable | Salmon Pink","","","","",""
"FL.OM4LCSC2MBL","2m LC-SC OM4 Multimode Fibre Optic Patch Cable: Black","","","","",""
"FL.OS2LCLC10MR","10m LC-LC OS1 / OS2 Singlemode Fibre Optic Cable | Red","","","","",""
"004.650.7002.50PACK","0.15m CAT6A THIN U/UTP LSZH 28 AWG RJ45 Network Cable | 50 Pack Grey","","","","",""
"006.008.0156","TP-Link | TL-SG1005LP | 5 port Gigabit Desktop Switch with 4 port PoE+","","","","",""
"006.016.0019","TP-Link | RackMount Kit-19 | 19-Inch Rack-Mounting Bracket Kit","","","","",""
"015.000.0082","OE Elsafe: IC Cable 1500mm: Black","","","","",""
"BISFP-U-40-PLUI","Plusoptic 1.25G, BiDi SFP, TX1310nm / RX1490nm, 40KM Transceiver, LC Connector for SMF with DOM | Industrial temperature rated","","","","",""
"FL.OM1LCLC5M","5m LC-LC OM1 Multimode Fibre Optic Cable: Orange","","","","",""
"FL.OM4LCSC1.5MP","1.5m LC-SC OM4 Multimode Fibre Optic Cable: 2mm Oversleeving - Salmon Pink","","","","",""
"FL.OM4SCSC05M","0.5m SC-SC OM4 Multimode Fibre Optic Cable: Aqua","","","","",""
"FL.OM4SCSC3M","3m SC-SC OM4 Multimode Fibre Optic Cable | Aqua","","","","",""
"FL.OS2SCSCAPC10M","10m SC-SC/APC OS1 / OS2 Singlemode Fibre Optic Duplex Cable","","","","",""
"TP.TL.SG108PE","TP-Link JetStream 8-Port Gigabit Easy Smart Switch with 4-Port PoE","","","","",""
"ZZZ-OSMOM1-LCST-1M","1m LC - ST FIBRE OPTIC CABLE 50/125 Simplex OM1 Patch Lead","","","","",""
"002.003.0300","4Cabling 1RU Fixed Rack Shelf Suitable for 300mm Deep Rack","","","","",""
"002.007.0220","4Cabling 2RU 300mm Deep Wall Mount Server Rack Frame","","","","",""
"004.002.1050","50m RJ45 CAT6 Ethernet Network Cable | Red","","","","",""
"004.004.3017.10PACK","2.5m CAT6 Ultra Thin LSZH Ethernet Network Cable | 10 Pack White","","","","",""
"004.300.3000.10PACK","0.25m CAT6A RJ45 S/FTP THIN LSZH 30 AWG Network Cable | 10 Pack White","","","","",""
"005.001.1034","20cm USB 3.1 Type-C Male to Female Ethernet Adapter","","","","",""
"011.060.1042","Cable Ties 380mm(L) x 7.6mm(W) Black | Bag of 1000","","","","",""
"012.007.0016","APC Easy UPS On-Line SRV RM 2000 VA 230V with Rail Kit | SRV2KRIRK","","","","",""
"015.007.0039","Fibre 60mm Heat Fusion Splice Protector - 100 pack","","","","",""
"015.012.1404","2m Fibre Pigtail ST OM4 Multimode Backward Compatible With OM3 | 12 Pack","","","","",""
"FL.OM1STST3M","3m ST-ST OM1 Multimode Fibre Optic Cable: Orange","","","","",""
"FL.OS2LCSC15M","15m LC-SC OS1 / OS2 Singlemode Fibre Optic Cable : Yellow","","","","",""
"UB.USW.FLEX","Ubiquiti | USW-Flex | UniFi Indoor/Outdoor 5 Port Gigabit Switch with PoE support","","","","",""
"002.007.0420","4Cabling 4RU 300mm Deep Wall Mount Server Rack Frame","","","","",""
"004.002.3004.10PACK","1.5m RJ45 CAT6 Ethernet Network Cable | 10 Pack White","","","","",""
"004.004.6004.50PACK","1.5m CAT6 Ultra Thin LSZH Ethernet Network Cable | 50 Pack Yellow","","","","",""
"004.100.4020","15m CAT6A S/FTP LSZH Ethernet Network Cable | Purple","","","","",""
"004.100.5030","30m CAT6A S/FTP LSZH Ethernet Network Cable | Orange","","","","",""
"004.100.9020","15m CAT6A S/FTP LSZH Ethernet Network Cable | Pink","","","","",""
"004.300.0004.50PACK","1.5m CAT6A RJ45 S/FTP THIN LSZH 30 AWG Network Cable | 50 Pack Blue","","","","",""
"005.005.0004","Modular Coupler 3-Way straight thru","","","","",""
"015.004.0007","6 Port SC Duplex / LC Quad FOBOT Faceplate suitable for 015.004.0026 & 015.004.0028","","","","",""
"015.011.4104","3m LC-SC Flexi Boot OM4 Multimode Fibre Optic Duplex Patch Leads","","","","",""
"015.012.1304","Fibre Pigtail LC/APC OS2 / OS1 Singlemode 2m - 6 Pack Rainbow","","","","",""
"040.0.0116","4C | Elegant Single Power Point Cover plate- White","","","","",""
"AL-AP6W","Alta Labs | AP6W Enterprise Access Point, WiFi6, 2x2, Cloud Managed, Wall Mount Enterprise Access Point","","","","",""
"DACSFP-10G-1M-HPA","HP Aruba Compatible DAC, SFP+ to SFP+, 10G, 1M, Passive Cable DACSFP+-1M-HPA","","","","",""
"FL.OM1STST1M","1m ST-ST OM1 Multimode Fibre Optic Cable: Orange","","","","",""
"FL.OM4LCSC05MBL","0.5m LC-SC OM4 Multimode Fibre Optic Patch Cable | Black","","","","",""
"FL.OM4LCSC3MR","3m LC-SC OM4 Multimode Fibre Optic Patch Cable: Red","","","","",""
"FL.OM4SCSC1MBL","1m SC-SC OM4 Multimode Fibre Optic Patch Cable | Black","","","","",""
"FL.OM4SCSC5MR","5m SC-SC OM4 Multimode Fibre Optic Patch Cable | Red","","","","",""
"US-KIT-150-060-240","Heavy Duty Storage Shelving 2400H x 1500W x 600D","","","","",""
"002.002.0042","Mesh Door for 4Cabling 42RU Free Standing Server Racks 600mm Wide","","","","",""
"004.004.6001.50PACK","0.25m CAT6 Ultra Thin LSZH Ethernet Network Cable | 50 Pack Yellow","","","","",""
"004.300.0007.10PACK","5m CAT6A RJ45 S/FTP THIN LSZH 30 AWG Network Cable | 10 Pack Blue","","","","",""
"004.300.0017.10PACK","2.5m CAT6A RJ45 S/FTP THIN LSZH 30 AWG Network Cable | 10 Pack Blue","","","","",""
"006.008.0129","TP-Link TL-SG105E | 5 port Gigabit Unmanaged Pro Switch","","","","",""
"012.008.2000","Socomec NeTYS PE 2000VA Tower LCD UPS","","","","",""
"015.004.0039","Blank Panel FOBOT Faceplate suitable for 015.004.0026 and 015.004.0028","","","","",""
"015.010.4102","1.5m LC Flexi Boot - LC Flexi Boot OM4 Multimode Fibre Optic Duplex Patch Lead","","","","",""
"040.000.0051","4C | Classic 1 Gang Switch Polycarbonate Cover Plate - Black Colour","","","","",""
"040.000.0158","4C | 2 Module Mounting Base","","","","",""
"DACSFP-10G-0.5M-HPA","HP Aruba Compatible DAC, SFP+ to SFP+, 10G, 0.5M, Passive Cable DACSFP+-0.5M-HPA","","","","",""
"FL.OM4LCSC1.5MEV","1.5m LC-SC OM4 Multimode Fibre Optic Patch Cable: Erika Violet","","","","",""
"FL.OS2SCST3M","3m SC-ST OS1 / OS2 Singlemode Fibre Optic Cable | Yellow","","","","",""
"LE-C6U-ECA-B305VT4","LEVITON - Cat 6 24 AWG U/UTP 4 Pair LSHF/LSZH Cable Violet 305m - EuroClass Eca","","","","",""
"US-ADD-120-060-200","Heavy Duty Storage Shelving 2000H x 1200W x 600D Extension Kit","","","","",""
"002.015.1266.V.G","12RU 600mm Wide x 600mm Deep Galvanized Steel OUTDOOR VENTILATED Wall Mount Cabinet | IP45 Standard IEC 60529:2013 | Grey","","","","",""
"004.002.8020","15m RJ45 CAT6 Ethernet Network Cable | Green","","","","",""
"004.004.9005.10PACK","2m CAT6 Ultra Thin LSZH Ethernet Network Cable | 10 Pack Grey","","","","",""
"004.100.5022","20m CAT6A S/FTP LSZH Ethernet Network Cable | Orange","","","","",""
"004.300.0005.10PACK","2m CAT6A RJ45 S/FTP THIN LSZH 30 AWG Network Cable | 10 Pack Blue","","","","",""
"006.008.0066","TP-Link | SM331T | Omada 1000BASE-T RJ45 - SFP Module","","","","",""
"011.165.6225","Jackson 6 Outlet Switched Power Board with 5m Lead","","","","",""
"012.008.0850","Socomec NeTYS PE 850VA Tower UPS","","","","",""
"015.000.0010","OE Elsafe: IC Cable 2500mm: White","","","","",""
"015.000.0080","OE Elsafe: IC Cable 1000mm: Black","","","","",""
"016.009.0001","11 Way AMFIL Frame","","","","",""
"018.004.0075","Electrical Insulation Tape - White: 10 Pack","","","","",""
"CSMM-5.0","Video SVGA (M-M) Cables 5M","","","","",""
"UB.SM.10G","Ubiquiti | UACC-OM-SM-10G-D-2 | Single Mode Fibre SFP Module | 2 Pack","","","","",""
"UB.U7.PRO.XG","Ubiquiti | U7-Pro-XG | UniFi Wi-Fi 7 10G Indoor AP with 6Ghz support and 6 spacial streams - WHITE ** PoE Injector not included **","","","","",""
"UB.USW.FLEX.2.5G8.POE","Ubiquiti | USW-Flex-2.5G-8-PoE | UniFi Compact 8 Port Gigabit Desktop PoE Switch, 8 x 2.5G PoE++ ports, 1 x 10G PoE+++ input port for power / SFP+ port combo","","","","",""
"US-KIT-120-060-270","Heavy Duty Storage Shelving 2700H x 1200W x 600D","","","","",""
"003.025.0021","Self Adhesive Tie Mount 28 x 28mm x 4.8mm - Colour: Black | 100 pk","","","","",""
"004.004.3002.50PACK","0.5m CAT6 Ultra Thin LSZH Ethernet Network Cable | 50 Pack White","","","","",""
"004.004.5001.50PACK","0.25m CAT6 Ultra Thin LSZH Ethernet Network Cable | 50 Pack Orange","","","","",""
"004.020.0017","SVGA Monitor Extension Cable M-F: 3m","","","","",""
"004.020.0029","Gender Changer HD15 VGA Male to Male","","","","",""
"004.300.3007.10PACK","5m CAT6A RJ45 S/FTP THIN LSZH 30 AWG Network Cable | 10 Pack White","","","","",""
"004.650.3003.10PACK","1m CAT6A THIN U/UTP LSZH 28 AWG RJ45 Network Cable | 10 Pack White","","","","",""
"005.012.0005","RJ45 Cable Boots - 10 Pack-Purple","","","","",""
"006.016.0013","TP-Link | RackMount Kit-13 | 13-Inch Rack-Mounting Bracket Kit","","","","",""
"011.060.1035","Cable Ties - Nylon 199mm(L) x 4.6mm (W) Natural | Bag of 1000","","","","",""
"011.165.4070","PowerCube 4 Power Outlet 2 USB A and 1 USB C 20W charging outlets | 1.5m Grey","","","","",""
"015.004.0003","FOBOT SC 6 Port Wall Mount Fibre Optic Patch Panel","","","","",""
"015.006.0008","OE Elsafe: T Connector 1 Male / 2 Female Black","","","","",""
"DL.DGS.105","D-Link | DGS-105 | 5 Port Gigabit Desktop Switch (Metal Housing)","","","","",""
"FL.OM1LCSC05MB","0.5m LC-SC OM1 Multimode Fibre Optic Cable | Blue","","","","",""
"FL.OM1LCSC1MP","1m LC-SC OM1 Multimode Fibre Optic Cable: Salmon Pink","","","","",""
"FL.OM4LCLC50M","50m LC-LC OM4 Multimode Fibre Optic Patch Cable: Aqua","","","","",""
"FL.OM4STST1M","1m ST-ST OM4 Multimode Fibre Optic Cable: Aqua","","","","",""
"FL.OS2SCSC2MBL","2m SC-SC OS1 / OS2 Singlemode Fibre Optic Cable | Black","","","","",""
"POE.24.24W.G","Ubiquiti - POE Injector, 24VDC, 24Watt","","","","",""
"SFP-T-EXTI","Extreme compatible (SFP-T-EXTi) 1.25G, Copper SFP, 100M Transceiver, RJ-45 Connector for Copper | Industrial temperature rated","","","","",""
"UB.UAP.AC.M.PRO","Ubiquiti | UAP-AC-M-PRO | UniFi AC 802.11ac Outdoor Mesh Pro AP","","","","",""
"US-ADD-090-060-200","Heavy Duty Storage Shelving 2000H x 900W x 600D Extension Kit","","","","",""
"US-KIT-090-060-200","Heavy Duty Storage Shelving 2000H x 900W x 600D","","","","",""
"US-KIT-090-060-270","Heavy Duty Storage Shelving 2700H x 900W x 600D","","","","",""
"US-MKIT-090-060-200","Heavy Duty Mobile Shelving 2000H x 900W x 600D","","","","",""
"US-MKIT-090-060-270","Heavy Duty Mobile Shelving 2700H x 900W x 600D","","","","",""
"002.013.1266","4Cabling 12RU 600mm Wide x 600mm Deep Wall Mount Server Rack | Without Fan","","","","",""
"004.004.5017.10PACK","2.5m CAT6 Ultra Thin LSZH Ethernet Network Cable | 10 Pack Orange","","","","",""
"004.100.1004","1.5m CAT6A S/FTP LSZH Ethernet Network Cable | Red","","","","",""
"018.004.0018","Double Sided Tape - Foam Green 18mm x 50m Roll","","","","",""
"040.040.0404","4C | Plastic Saddle 25mm Grey - 100 Pack","","","","",""
"040.040.0419","4C | Saddle Spacer 20mm Grey - 50 Pack","","","","",""
"040.050.0013","4C | Neutral Link 100A 500V 5 Hole | Black","","","","",""
"FL.OM4LCSC5MBL","5m LC-SC OM4 Multimode Fibre Optic Patch Cable | Black","","","","",""
"FL.OM4LCST05M","0.5m LC-ST OM4 Multimode Fibre Optic Cable: Aqua","","","","",""
"FL.OS2LCSC2MR","2m LC-SC OS1 / OS2 Singlemode Fibre Optic Cable: Red","","","","",""
"FL.OS2SCSC15M","15m SC-SC OS1 / OS2 Singlemode Fibre Optic Cable : Yellow","","","","",""
"LE-VPC-S2R2LPLP0010","LEVITON - Fiber Patch Cord OS2 Singlemode Yellow 2.0 mm DUP-RND, LC/UPC/UNIBOOT-LC/UPC/UNIBOOT, 1.0 Meter","","","","",""
"SFP-T-HP","HP / Aruba compatible (J8177A J8177B J8177C J8177D) 1000Mbps, Copper SFP, 100M Transceiver, RJ-45 Connector for Copper","","","","",""
"UB.UVC.G6.TURRET.WT","Ubiquiti | UVC-G6-Turret-W | UniFi Protect All-weather, tamper-resistant 4K PoE camera with a 1/1.8"" 8MP image sensor, Multi-TOPS AI Engine, and 3-axis manual adjustment for flexible installation - WHITE","","","","",""
"ZZZ-OMMOM3-LCST-1M","1M LC - ST FIBRE OPTIC CABLE 50/125 Duplex Multimode OM3 Patch Lead","","","","",""
"002.003.0355","1RU Sliding Shelf for most 600mm Deep Server Racks","","","","",""
"002.003.4999","4Cabling 1RU Sliding Shelf for 1000mm Deep Rack","","","","",""
"004.004.0018.10PACK","4m CAT6 Ultra Thin LSZH Ethernet Network Cable | 10 Pack Blue","","","","",""
"004.650.2004.10PACK","1.5m CAT6A THIN U/UTP LSZH 28 AWG RJ45 Network Cable | 10 Pack Black","","","","",""
"004.650.2006.10PACK","3m CAT6A THIN U/UTP LSZH 28 AWG RJ45 Network Cable | 10 Pack Black","","","","",""
"004.650.3005.10PACK","2m CAT6A THIN U/UTP LSZH 28 AWG RJ45 Network Cable | 10 Pack White","","","","",""
"040.000.0132","4C | Extension Socket IP66 500V 20A 4Pin","","","","",""
"FL.OM1STST2M","2m ST-ST OM1 Multimode Fibre Optic Cable: Orange","","","","",""
"FL.OM4SCST3M","3m SC-ST OM4 Multimode Fibre Optic Cable: Aqua","","","","",""
"FL.OS2SCAPCSCAPC10M","10m SC/APC - SC/APC OS1 / OS2 Singlemode Fibre Optic Duplex Cable","","","","",""
"LC-LC-OM1-5M-DX","Fibre Patch, LC-LC, OM1, 5M, Multimode Duplex","","","","",""
"US-KIT-120-060-200","Heavy Duty Storage Shelving 2000H x 1200W x 600D","","","","",""
"001.006.0530","4C | Crimp Tool suitable for 4C CAT 6A UTP 4up4down Termination Plug | 2 Pcs Extra Blades","","","","",""
"002.008.0215","OE Elsafe: Umbilical Cable Management - Pathfinder Ceiling to Floor 2820mm in White","","","","",""
"004.004.2004.50PACK","1.5m CAT6 Ultra Thin LSZH Ethernet Network Cable | 50 Pack Black","","","","",""
"004.650.7005.10PACK","2m CAT6A THIN U/UTP LSZH 28 AWG RJ45 Network Cable | 10 Pack Grey","","","","",""
"005.001.1037","USB to Cat 5E Adaptor (up to 50m)","","","","",""
"012.008.1000","Socomec NeTYS PE 1000VA Tower LCD UPS","","","","",""
"014.001.0003","5m Line Cord RJ12/RJ45","","","","",""
"015.013.4105","5m SC-SC Flexi Boot OM4 Multimode Fibre Optic Duplex Patch Leads","","","","",""
"040.050.0006","4C | Half Saddle Galvanized Steel 25mm | 100 Pack","","","","",""
"AL-ROUTE10","Alta Labs | Route 10 supports up to 2.5 Gbps Ethernet connections & Two 10 Gbps SFP+ Ports","","","","",""
"FL.OM1LCSC2MB","2m LC-SC OM1 Multimode Fibre Optic Cable: Blue","","","","",""
"FL.OM4LCST10M","10m LC-ST OM4 Multimode Fibre Optic Cable: Aqua","","","","",""
"FL.OM4LCST5MP","5m LC-ST OM4 Multimode Fibre Optic Cable | Salmon Pink","","","","",""
"FL.OM4SCST5M","5m SC-ST OM4 Multimode Fibre Optic Cable: Aqua","","","","",""
"FL.OS2LCST10M","10m LC-ST OS1 / OS2 Singlemode Fibre Optic Cable: Yellow","","","","",""
"POE.24.7W","Ubiquiti POE-24-7W-G-WH | PoE Injector, 24VDC, 0.3A, Gigabit","","","","",""
"TT.PR317AUA","Teltonika | PR317AUA | 2 Pin AU Power Supply Unit 62W | Suitable for TSW200","","","","",""
"UB.UISP.CON","Ubiquiti |UISP-Connector-SHD | TOUGH Cables Ethernet Connectors RJ45 Shielded | 100-pack","","","","",""
"UB.UMR.INDUSTRIAL","Ubiquiti | UMR-Industrial | Compact and Ruggedized LTE Cat 4 Mobile Wi-Fi Router","","","","",""
"US-ADD-150-030-200","Heavy Duty Storage Shelving 2000H x 1500W x 300D Extension Kit","","","","",""
"US-KIT-120-060-240","Heavy Duty Storage Shelving 2400H x 1200W x 600D","","","","",""
"US-MKIT-150-060-240","Heavy Duty Mobile Shelving 2400H x 1500W x 600D","","","","",""
"ZZZ-OSMOM2-LCSC-2M","2m LC - SC FIBRE OPTIC CABLE 50/125 Simplex OM2 Patch Lead","","","","",""
"002.001.2760","4Cabling 27RU 600mm Wide x 600mm Deep Server Rack","","","","",""
"002.014.8008","4Cabling 150mm High Floor Mount Plinth | Suitable for 800mm x 800mm","","","","",""
"003.002.0001","Catenary Wire 180m","","","","",""
"004.004.0016.50PACK","0.75m CAT6 Ultra Thin LSZH Ethernet Network Cable | 50 Pack Blue","","","","",""
"004.004.4001.50PACK","0.25m CAT6 Ultra Thin LSZH Ethernet Network Cable | 50 Pack Purple","","","","",""
"004.100.1018","4m CAT6A S/FTP LSZH Ethernet Network Cable | Red","","","","",""
"004.300.3017.10PACK","2.5m CAT6A RJ45 S/FTP THIN LSZH 30 AWG Network Cable | 10 Pack White","","","","",""
"004.650.8003.10PACK","1m CAT6A THIN U/UTP LSZH 28 AWG RJ45 Network Cable | 10 Pack Green","","","","",""
"006.008.9022","HDMI® Extender 4K@ 60Hz Support | IR Repeat with HDMI Loop Through | Up to 50m","","","","",""
"007.003.0041","6 Core 14/0.20mm² Jelly Filled Security Cable | 300m Black","","","","",""
"015.011.4101","1m LC-SC Flexi Boot OM4 Multimode Fibre Optic Duplex Patch Leads","","","","",""
"016.000.1001","Bullnose Wall Plate: Black","","","","",""
"FL.OM4SCSC10MP","10m SC-SC OM4 Multimode Fibre Optic Cable: Salmon Pink - 2mm","","","","",""
"FL.OM4SCST1MP","1m SC-ST OM4 Multimode Fibre Optic Cable | Salmon Pink","","","","",""
"FL.OS2LCSC10MBL","10m LC-SC OS1 / OS2 Singlemode Fibre Optic Cable | Black","","","","",""
"SFP-10G-SR-PLUI","Plusoptic (SFP-10G-SR-PLUi) 10G, SFP+, 850nm, 300M Transceiver, LC Connector for MMF with DOM","","","","",""
"TT.PR3PRAU6","Teltonika | PR3PRAU6 | 2 Pin AU Power Supply Unit 9W","","","","",""
"UB.USW.FLEX.MINI","Ubiquiti | Unifi Switch | USW-Flex-Mini | Layer 2 Managed Gigabit Switch, 5x GbE RJ45 Ports, Powerable Via PoE (802.3af) or USB Type-C 5V 1A","","","","",""
"004.100.4017","2.5m CAT6A S/FTP LSZH Ethernet Network Cable | Purple","","","","",""
"004.650.0004.50PACK","1.5m CAT6A THIN U/UTP LSZH 28 AWG RJ45 Network Cable | 50 Pack Blue","","","","",""
"007.003.0061","2 Pair 7/0.25mm² Individual Screened Gel Filled Data Cable | 300m Black","","","","",""
"015.011.3102","1.5m LC-SC Flexi Boot OS1/OS2 Singlemode Fibre Optic Cable","","","","",""
"022.000.0022","3.5mm Stereo Extension Cable 2m","","","","",""
"040.000.0018.10PACK","4C | Classic Single Power Point 250V 10A - Vertical - 10 Pack with 10 FREE C-Clips","","","","",""
"FL.OM1LCLC3M","3m LC-LC OM1 Multimode Fibre Optic Cable: Orange","","","","",""
"FL.OM1STST20M","20m ST-ST OM1 Multimode Fibre Optic Cable | Orange","","","","",""
"FL.OM1STST5M","5m ST-ST OM1 Multimode Fibre Optic Cable: Orange","","","","",""
"FL.OM4SCST2MB","2m SC-ST OM4 Multimode Fibre Optic Cable | Blue","","","","",""
"FL.OS2SCSC1.5M","1.5m SC-SC OS1 / OS2 Singlemode Fibre Optic Cable : Yellow","","","","",""
"SFP28-LR-CIS","Cisco compatible (SFP-25G-LR-S) 25G, SFP28, 1310nm, 10KM Transceiver, LC Connector for SMF with DOM","","","","",""
"SLD.C6AUUTP.WHITE","4C | CAT6A U/UTP 23AWGx4P, PVC Jacket | Supplied on Plastic Reel | 305m White","","","","",""
"UB.U7.PRO.XGS","Ubiquiti | U7-Pro-XGS | UniFi Wi-Fi 7 10G Indoor AP with 6Ghz support and 8 spacial streams - WHITE ** PoE Injector not included **","","","","",""
"UB.USW.PRO.8POE","Ubiquiti | USW-Pro-8-PoE | UniFi 8 Port (6x 1G PoE+ Ports and 2x 1G PoE++ Ports) Pro Gigabit Managed PoE+ Layer 2 Switch, with Layer 3 Features, with 2 SFP+ Ports, Wall Mount","","","","",""
"US-KIT-090-060-240","Heavy Duty Storage Shelving 2400H x 900W x 600D","","","","",""
"002.001.4510","4Cabling 45RU 600mm Wide x 1000mm Deep Free Standing Server Rack","","","","",""
"002.001.4580","4Cabling 45RU 800mm Wide x 1000mm Deep Server Rack with Bi-Fold Mesh Door","","","","",""
"004.002.6020","15m RJ45 CAT6 Ethernet Network Cable | Yellow","","","","",""
"004.004.3001.50PACK","0.25m CAT6 Ultra Thin LSZH Ethernet Network Cable | 50 Pack White","","","","",""
"004.004.5003.50PACK","1m CAT6 Ultra Thin LSZH Ethernet Network Cable | 50 Pack Orange","","","","",""
"004.004.9003.50PACK","1m CAT6 Ultra Thin LSZH Ethernet Network Cable | 50 Pack Grey","","","","",""
"004.650.1003.10PACK","1m CAT6A THIN U/UTP LSZH 28 AWG RJ45 Network Cable | 10 Pack Red","","","","",""
"004.650.7016.10PACK","0.75m CAT6A THIN U/UTP LSZH 28 AWG RJ45 Network Cable | 10 Pack Grey","","","","",""
"013.002.6060","Cable Ducting 100mm(W) x 50mm(H) x 2m: White","","","","",""
"015.050.0032","OE Elsafe PixelTUF 1x GPO and Twin USB A+C White/Silver","","","","",""
"040.000.0290","4C | Classic 2 Gang Switch 250V 16AX | Horizontal","","","","",""
"FL.OS2SCSC10M","10m SC-SC OS1 / OS2 Singlemode Fibre Optic Cable : Yellow","","","","",""
"MDR-60-24","Mean Well | MDR-60-24 | 24V Slim DIN Rail Power Supply 2.5A 60W","","","","",""
"MPOFF-OS2-3M-8","3m MPO-MPO 8F Single mode G652D Fiber Optic Cable | Yellow","","","","",""
"002.001.4210","4Cabling 42RU 800mm Wide x 1000mm Deep Server Rack with Bi-Fold Mesh Door","","","","",""
"003.021.0019","Double Cable Saddle | Pressure clip for 16 cables","","","","",""
"004.004.2017.10PACK","2.5m CAT6 Ultra Thin LSZH Ethernet Network Cable | 10 Pack Black","","","","",""
"004.004.7017.10PACK","2.5m CAT6 Ultra Thin LSZH Ethernet Network Cable | 10 Pack Pink","","","","",""
"004.300.3018.10PACK","4m CAT6A RJ45 S/FTP THIN LSZH 30 AWG Network Cable | 10 Pack White","","","","",""
"004.650.0003.10PACK","1m CAT6A THIN U/UTP LSZH 28 AWG RJ45 Network Cable | 10 Pack Blue","","","","",""
"006.008.0190","Omada 5-Port Gigabit Easy Managed Switch","","","","",""
"013.012.9015","Cable Covers - 90mm x 19mm x 2m: Grey","","","","",""
"015.002.0105","Field Assembly Fibre Optical Connector | SC / APC Connector | Bag of 6","","","","",""
"015.004.0052","12 Port SC Simplex Front Plate - Numbered 13 to 24 | suitable for Mini DIN FOBOT 015.004.0011","","","","",""
"015.011.3104","3m LC-SC Flexi Boot OS1/OS2 Singlemode Fibre Optic Cable","","","","",""
"022.000.0041","2m Stereo 3.5mm Plug to 2 x Red White RCA Cable","","","","",""
"040.000.0072","4C | Ultima 6 Gang Switch 250V 16AX - Horizontal","","","","",""
"FL.OM1SCST1M","1m SC-ST OM1 Multimode Fibre Optic Cable: Orange","","","","",""
"FL.OM1SCST3M","3m SC-ST OM1 Multimode Fibre Optic Cable | Orange","","","","",""
"FL.OS2LCAPCLCAPC2M","2m LC/APC-LC/APC OS1 / OS2 Singlemode Fibre Optic Duplex Patch Cable : Yellow","","","","",""
"FL.OS2STST3M","3m ST-ST OS1 / OS2 Singlemode Fibre Optic Cable : Yellow","","","","",""
"MC-SFP-SFP-MM-SM","Plusoptic Fibre SFP to Fibre SFP media converter. Convert signals between different fiber types/modes","","","","",""
"PDU.10V.15A","4C | 10-Way vertical Power Rail 1U AU with 15A IP56 Captive Plug | aluminium shell | 2m power cord","","","","",""
"RSL2.2R20.S2","RackStuds Series II | 20 Pack Maroon","","","","",""
"SFP-100FE-LX-CISI","Plusoptic | SFP-100FE-LX-CISI | Cisco Compatible 100Mbps, 100Base SFP, 1310nm, 10KM Transceiver, LC Connector for SMF with DOM | Industrial temperature rated","","","","",""
"SFP-1G-SX-PLUI","Plusoptic 1.25G, SFP, 850nm, 550M Transceiver, LC Connector for MMF with DOM | Industrial temperature rated","","","","",""
"SFP-T-GFE-EXT","Extreme compatible (10065 10070H) 10/100/1000Mbps, Copper SFP, 100M Transceiver, RJ-45 Connector for Copper","","","","",""
"UB.UISP.CARRIER","Ubiquiti UISP-Carrier Outdoor Carrier-Class Shielded Ethernet Cable W/Integrated ESD Drain Wire 305m Box","","","","",""
"UB.USW.PRO.24POE","Ubiquiti UniFi USW-PRO-POE-24-POE Gen 2 | UniFi 24 Port Gigabit Switch PoE and SFP+","","","","",""
"US-MKIT-090-060-240","Heavy Duty Mobile Shelving 2400H x 900W x 600D","","","","",""
"VIGI.S485","VIGI 8MP Full-Color Turret Network Camera","","","","",""
"002.002.0627","Mesh Door for 4Cabling 27RU Free Standing Server Rack 600mm Wide","","","","",""
"004.004.6005.50PACK","2m CAT6 Ultra Thin LSZH Ethernet Network Cable | 50 Pack Yellow","","","","",""
"004.300.0001.50PACK","0.5m CAT6A RJ45 S/FTP THIN LSZH 30 AWG Network Cable | 50 Pack Blue","","","","",""
"004.300.0005.50PACK","2m CAT6A RJ45 S/FTP THIN LSZH 30 AWG Network Cable | 50 Pack Blue","","","","",""
"004.650.0005.50PACK","2m CAT6A THIN U/UTP LSZH 28 AWG RJ45 Network Cable | 50 Pack Blue","","","","",""
"006.008.0153","TP-Link TL-SG1210P | 10 port Gigabit Desktop Switch with 8 Port PoE+","","","","",""
"006.008.0155","TP-Link | TL-SG1005P | 5 port Gigabit Desktop Switch with 4 Port PoE","","","","",""
"008.008.0083","Figure 8 Speaker Cable (105/0.16mm) 14AWG - 100m Roll","","","","",""
"011.180.2121","1m Lockable IEC C13 - Australian 3-Pin Plug: Black","","","","",""
"012.008.1500","Socomec NeTYS PE 1500VA Tower LCD UPS","","","","",""
"015.000.0086","OE Elsafe: IC Cable 2500mm: Black","","","","",""
"015.003.0003","LC SM M to F/M Attenuator 5dB","","","","",""
"015.022.0000","OE Elsafe: QIKFIT Twin USB Fast Charger TUF - White","","","","",""
"016.008.0004","6 Port Keystone Surface Mount Box","","","","",""
"040.000.0126","4C | Straight Plug IP66 500V 4Pin 10A","","","","",""
"040.040.0437","4C | 20mm Corrugated Conduit Medium Duty White 25 meter/roll","","","","",""
"BISFP-D-40-PLUI","Plusoptic 1.25G, BiDi SFP, TX1490nm / RX1310nm, 40KM Transceiver, LC Connector for SMF with DOM | Industrial temperature rated","","","","",""
"DACSFP-10G-3M-CIS","Cisco compatible DAC, SFP+ to SFP+, 10G, 3M, Twinax Cable | Plusoptic DACSFP+-3M-CIS","","","","",""
"FL.OM4LCSC10MEV","10m LC-SC OM4 Multimode Fibre Optic Patch Cable: Erika Violet","","","","",""
"FL.OS2SCSCAPC2M","2m SC-SC/APC OS1 / OS2 Singlemode Fibre Optic Duplex Cable","","","","",""
"SFP-1G-2KM-CIS","Cisco compatible 1.25G, SFP, 1310nm, 2KM Transceiver, LC Connector for MMF with DOM","","","","",""
"SFP-1G-2KM-HP","HP / Aruba compatible 1.25G, SFP, 1310nm, 2KM Transceiver, LC Connector for MMF with DOM","","","","",""
"TT.TSW010","Teltonika | TSW010 | 5 Port Industrial DIN Rail Unmanaged Ethernet Switch, Plug-N-Play","","","","",""
"US-MKIT-120-060-270","Heavy Duty Mobile Shelving 2700H x 1200W x 600D","","","","",""
"002.001.4288","4Cabling 42RU 800mm Wide x 800mm Deep Server Rack with Bi-Fold Mesh Doors","","","","",""
"002.004.0022","4Cabling 4 Way Fan Kit | Suitable for 4C 600mm & 800mm Premium Cabinets","","","","",""
"004.002.2002.50PACK","0.5m RJ45 CAT6 Ethernet Network Cable | 50 Pack Black","","","","",""
"004.004.5007.10PACK","5m CAT6 Ultra Thin LSZH Ethernet Network Cable | 10 Pack Orange","","","","",""
"004.004.9007.10PACK","5m CAT6 Ultra Thin LSZH Ethernet Network Cable | 10 Pack Grey","","","","",""
"004.004.9016.50PACK","0.75m CAT6 Ultra Thin LSZH Ethernet Network Cable | 50 Pack Grey","","","","",""
"004.300.2006.10PACK","3m CAT6A RJ45 S/FTP THIN LSZH 30 AWG Network Cable | 10 Pack Black","","","","",""
"004.650.0001.50PACK","0.5m CAT6A THIN U/UTP LSZH 28 AWG RJ45 Network Cable | 50 Pack Blue","","","","",""
"011.165.1140","Thor Smart Filter DUO+ | 2 Outlet Smart Filter Surge Protected Power Board","","","","",""
"012.001.4058","4Cabling Video Wall Mount EDGE","","","","",""
"015.031.0004","OE Elsafe PB Series 4 GPO Frame and Face Plates Black","","","","",""
"018.004.0073","Electrical Insulation Tape - Black: 10 Pack","","","","",""
"022.002.0461","1.5m Mini DisplayPort Male to HDMI® Male Cable | Supports 4K@60Hz as specified in HDMI 2.0","","","","",""
"040.040.0365","4C | Inspection Elbow 25mm - 20 Pack","","","","",""
"DACQSFP-40G-4-0.5M-JUN","Juniper compatible 40G DAC with QSFP+ to QSFP+ connectors, 0.5M, Twinax, Passive Cable | Plusoptic DACQSFP-40G-4-0.5M-JUN","","","","",""
"FL.OM1STST10M","10m ST-ST OM1 Multimode Fibre Optic Cable: Orange","","","","",""
"FL.OM4LCSC05MEV","0.5m LC-SC OM4 Multimode Fibre Optic Patch Cable: Erika Violet","","","","",""
"FL.OM4LCSC30M","30m LC-SC OM4 Multimode Fibre Optic Cable | Aqua","","","","",""
"FL.OS2LCSC3MR","3m LC-SC OS1 / OS2 Singlemode Fibre Optic Cable: Red","","","","",""
"FL.OS2SCSCAPC1.5M","1.5m SC-SC/APC OS1 / OS2 Singlemode Fibre Optic Duplex Cable","","","","",""
"UB.USW.LITE.16.POE","Ubiquiti UniFi USW-LITE-16-POE | UniFi 16 Port Gigabit Switch 8 PoE","","","","",""
"US-BENCH2M60-K","Metal Work Bench 900H x 2000W x 600D","","","","",""
"US-MKIT-120-060-240","Heavy Duty Mobile Shelving 2400H x 1200W x 600D","","","","",""
"003.024.0241","Brother Flexible TZe Tape - Black on White - 18mm","","","","",""
"004.002.3003.50PACK","1m RJ45 CAT6 Ethernet Network Cable | 50 Pack White","","","","",""
"004.004.1000.50PACK","0.15m CAT6 Ultra Thin LSZH Ethernet Network Cable | 50 Pack Red","","","","",""
"004.004.7002.50PACK","0.5m CAT6 Ultra Thin LSZH Ethernet Network Cable | 50 Pack Pink","","","","",""
"004.100.7030","30m CAT6A S/FTP LSZH Ethernet Network Cable | Grey","","","","",""
"015.000.0049","OE Elsafe: IC Cable 600mm: White","","","","",""
"DACSFP-10G-1M-CIS","Cisco compatible DAC, SFP+ to SFP+, 10G, 1M, Twinax Cable | Plusoptic DACSFP+-1M-CIS","","","","",""
"FL.OM4SCSC30M","30m SC-SC OM4 Multimode Fibre Optic Cable: Aqua","","","","",""
"UB.USW.ULTRA.210W","Ubiquiti | USW-Ultra-210W | 210W Compact 8 Port Layer 2 GbE PoE Switch Versatile Mounting, 7 GbE PoE+ Output, 1 GbE Port - PSU Included","","","","",""
"US-MKIT-120-060-200","Heavy Duty Mobile Shelving 2000H x 1200W x 600D","","","","",""
"002.001.3260","4Cabling 32RU 600mm Wide x 600mm Deep Server Rack","","","","",""
"002.013.0536","4Cabling 5RU 1090mm High x 250mm Deep Vertical Wall Mount Cabinet","","","","",""
"003.025.0221","Brother Strong Adhesive TZe Tape - Black on White - 9mm","","","","",""
"004.004.5005.10PACK","2m CAT6 Ultra Thin LSZH Ethernet Network Cable | 10 Pack Orange","","","","",""
"004.004.5018.10PACK","4m CAT6 Ultra Thin LSZH Ethernet Network Cable | 10 Pack Orange","","","","",""
"004.300.2001.10PACK","0.5m CAT6A RJ45 S/FTP THIN LSZH 30 AWG Network Cable | 10 Pack Black","","","","",""
"004.650.1001.50PACK","0.5m CAT6A THIN U/UTP LSZH 28 AWG RJ45 Network Cable | 50 Pack Red","","","","",""
"006.016.0071","Media Converter RJ45-ST 10/100 Multimode","","","","",""
"008.008.1004","4 Way Splitter F Type 5-2400MHz All Ports Power Pass","","","","",""
"011.165.1145","Thor 4 Outlet Smart Filter Surge Protected Power Board","","","","",""
"040.000.0019","4C | Classic Single Power Point 250V 15A - Vertical","","","","",""
"040.040.0347","4C | Plain Coupling Grey 50mm - 10 Pack","","","","",""
"040.050.0005","4C | Half Saddle Galvanized Steel 20mm | 100 Pack","","","","",""
"BEE","Mercku M2 Bee Node Amplifier Wi-Fi MESH System","","","","",""
"FL.OM1LCLC5MB","5m LC-LC OM1 Multimode Fibre Optic Cable: Blue","","","","",""
"FL.OM4LCSC10MBL","10m LC-SC OM4 Multimode Fibre Optic Patch Cable: Black","","","","",""
"FL.OM4SCSC10MEV","10m SC-SC OM4 Multimode Fibre Optic Patch Cable: Erika Violet","","","","",""
"FL.OS2STST5M","5m ST-ST OS1 / OS2 Singlemode Fibre Optic Cable : Yellow","","","","",""
"LE-5F100-4LL","LEVITON - SDX Adaptor Plate (Blue) 24F OS2 quad LC zirconia ceramic sleeve","","","","",""
"LE-FPCC1SXSM48LC2","LEVITON - Optical Panel loaded with 24 LC Duplex Singlemode adapters - Black","","","","",""
"UB.U6.MESH.PRO","Ubiquiti | U6-Mesh-Pro | UniFi WiFi6 Outdoor Enterprise Mesh Access Point","","","","",""
"UB.USW.24.POE","Ubiquiti UniFi USW-24-POE Gen 2 | UniFi 24 Port Gigabit Switch PoE+ and SFP","","","","",""
"UB.UVC.G5.TURRET.ULTRA.B","Ubiquiti | UVC-G5-Turret-Ultra-B | UniFi Protect Ultra-Compact & IK04 Tamper-Resistant, Weatherproof 2K HD PoE Camera, Long-range Night Vision - BLACK","","","","",""
"US-KIT-200-030-200","Heavy Duty Storage Shelving 2000H x 2000W x 300D","","","","",""
"002.001.4508","4Cabling 45RU 800mm Wide x 800mm Deep Server Rack with Bi-Fold Mesh Door","","","","",""
"002.008.0212","OE Elsafe: Umbilical Cable Management - Pathfinder Ceiling to Desk 2140mm in Black","","","","",""
"004.650.0000.50PACK","0.25m CAT6A THIN U/UTP LSZH 28 AWG RJ45 Network Cable | 50 Pack Blue","","","","",""
"008.008.1002","2 Way Splitter F type 5-2400MHz All Ports Power Pass","","","","",""
"011.165.1015","Jackson 4 USB Charging Outlet w/ Mains Power","","","","",""
"016.010.0002","20 Pair Loaded Voice Box","","","","",""
"040.000.0139","4C | Surface Switch IP66 3Pole 500V 20A","","","","",""
"040.000.0151","4C | Combination Switched socket 4Pin IP66 500V 10A","","","","",""
"040.040.0392","4C | Deep Junction Box 20mm 2 Way Right Angle - 10 Pack","","","","",""
"FL.OM1LCLC05MB","0.5m LC-LC OM1 Multimode Fibre Optic Cable: Blue","","","","",""
"FL.OM1SCSC2M","2m SC-SC OM1 Multimode Fibre Optic Cable: Orange","","","","",""
"FL.OM4LCSC20M","20m LC-SC OM4 Multimode Fibre Optic Cable: Aqua","","","","",""
"FL.OM4LCST3MP","3m LC-ST OM4 Multimode Fibre Optic Cable: Salmon Pink","","","","",""
"FL.OM4STST5M","5m ST-ST OM4 Multimode Fibre Optic Cable | Aqua","","","","",""
"UB.USW.48.POE","Ubiquiti UniFi USW-48-POE Gen 2 | UniFi 48 Port Gigabit Switch with 32 PoE+ and 4 SFP","","","","",""
"002.004.0003","4Cabling 2 Way Fan Kit | Suitable for 4C Wall Mount Cabinets & Vertical Wall Mount Cabinets","","","","",""
"002.008.0210","OE Elsafe: Umbilical Cable Management - Pathfinder Ceiling to Desk 2140mm in White","","","","",""
"002.015.0022","4Cabling Replacement 2 Way Fan Unit | Suitable for 4Cabling Outdoor Wall Mount Ventilated Cabinets","","","","",""
"004.004.7004.50PACK","1.5m CAT6 Ultra Thin LSZH Ethernet Network Cable | 50 Pack Pink","","","","",""
"004.300.0016.50PACK","0.75m CAT6A RJ45 S/FTP THIN LSZH 30 AWG Network Cable | 50 Pack Blue","","","","",""
"006.008.0073","TP-Link | SM5110-LR | Omada 10Gbase-LR SFP+ LC Transceiver","","","","",""
"008.008.0084","Figure 8 Speaker Cable (168/0.16mm) 12AWG - 100m Roll","","","","",""
"022.009.4550","Detachable 50m Premium High Speed HDMI® cable with Ethernet | Active Optical Cable | AOC cable | Supports 4K@60Hz as specified in HDMI 2.0","","","","",""
"040.000.0026","4C | Classic 6 Gang Switch Grid and Cover Plate - White","","","","",""
"040.040.0420","4C | Saddle Spacer 25mm Grey - 50 Pack","","","","",""
"040.040.0426","4C | 20mm Corrugated Conduit Heavy Duty Orange 25 meter/roll","","","","",""
"LE-AC6-DCZ-ECA-500VT","LEVITON - Cat 6A Zone U/FTP 4 Pair LSHF/LSZH Cable Violet - EuroClass Eca","","","","",""
"UB.UCG.ULTRA","Ubiquiti | UCG-Ultra | UniFi Controller Cloud Gateway Ultra","","","","",""
"UB.UCK.G2.SSD","Ubiquiti | UCK-G2-SSD | UniFi Controller Cloud Key Gen2 Plus with 1 TB SSD, Connect & Power via PoE, Optional USB C Power","","","","",""
"002.001.3760","4Cabling 37RU 600mm Wide x 600mm Deep Server Rack","","","","",""
"002.003.1001","4Cabling 1RU Fixed Shelf for 1000/1070mm Deep Free Standing Server Rack","","","","",""
"004.002.0002.50PACK","0.5m RJ45 CAT6 Ethernet Network Cable | 50 Pack Blue","","","","",""
"004.004.4003.50PACK","1m CAT6 Ultra Thin LSZH Ethernet Network Cable | 50 Pack Purple","","","","",""
"004.004.6016.50PACK","0.75m CAT6 Ultra Thin LSZH Ethernet Network Cable | 50 Pack Yellow","","","","",""
"004.650.7000.50PACK","0.25m CAT6A THIN U/UTP LSZH 28 AWG RJ45 Network Cable | 50 Pack Grey","","","","",""
"008.008.0082","Figure 8 Speaker Cable (65/0.16mm) 16AWG - 100m Roll","","","","",""
"010.003.1001U","Australian Style Cat 5E RJ45 Jack. Universal Termination. 10 pack. White","","","","",""
"015.004.0099","Fibre wall outlet base splice tray, shuttered, SC/A through connectors, with cover | White **NBN SKU 10002863**","","","","",""
"016.009.0002","27 Way AMFIL Frame","","","","",""
"040.040.0417","4C | Corrugated to Screw Adaptor Grey 20mm - 50 Pack","","","","",""
"FL.OM4SCSC05MP","0.5m SC-SC OM4 Multimode Fibre Optic Cable: Salmon Pink - 2mm","","","","",""
"FL.OM4SCSC1.5MB","1.5m SC-SC OM4 Multimode Fibre Optic Cable | Blue","","","","",""
"FL.OM4SCSC10MB","10m SC-SC OM4 Multimode Fibre Optic Cable: Blue","","","","",""
"LC-LC-OM1-10M-DX","Fibre Patch, LC-LC, OM1, 10M, Multimode Duplex","","","","",""
"MPOFF-OM4-5M-12-M","5m MPO-MPO 12F Multimode OM4 Fiber Optic Cable | Magenta","","","","",""
"PDU.20WV.15A","Vertical 19"" 20 Way PDU Rack Mount Power Rail","","","","",""
"UB.LOCOM2","Ubiquiti | AirMAX CPE | LocoM2 | 2.4GHz NanoStation Loco MIMO","","","","",""
"UB.U7.IW","Ubiquiti U7 In-Wall","","","","",""
"UB.UX7","Ubiquiti | UniFi Express Cloud Gateway with Wi-Fi 7","","","","",""
"004.004.1002.50PACK","0.5m CAT6 Ultra Thin LSZH Ethernet Network Cable | 50 Pack Red","","","","",""
"004.004.1018.10PACK","4m CAT6 Ultra Thin LSZH Ethernet Network Cable | 10 Pack Red","","","","",""
"004.004.4002.50PACK","0.5m CAT6 Ultra Thin LSZH Ethernet Network Cable | 50 Pack Purple","","","","",""
"004.004.4005.50PACK","2m CAT6 Ultra Thin LSZH Ethernet Network Cable | 50 Pack Purple","","","","",""
"004.004.8001.50PACK","0.25m CAT6 Ultra Thin LSZH Ethernet Network Cable | 50 Pack Green","","","","",""
"004.300.2004.10PACK","1.5m CAT6A RJ45 S/FTP THIN LSZH 30 AWG Network Cable | 10 Pack Black","","","","",""
"007.003.0035","4 Core 14/0.20 Jelly Filled Underground Security Cable | 300m Black","","","","",""
"011.060.0315","Cable Tie 130 x 2.5mm w/ Marker Panel 28 x 20mm | Natural 100 pack","","","","",""
"013.002.7070","Cable Ducting 100mm(W) x 100mm(H) x 2m: White","","","","",""
"015.002.0108","Field Assembly Optical Singlemode Connector | LC APC Connector | Bag of 6","","","","",""
"022.009.4000","0.5m Ultra High Speed HDMI® Cable with Ethernet | Supports 8K@60Hz as specified in HDMI 2.1","","","","",""
"040.060.0118","6 Core OS2 Loosetube Drycore x 150m, 2mm oversleeving, 400mm stagger with LC-LC Terminations, pulling socks & on a drum","","","","",""
"FL.OM4LCST20M","20m LC-ST OM4 Multimode Fibre Optic Cable: Aqua","","","","",""
"FL.OM4LCST2MB","2m LC-ST OM4 Multimode Fibre Optic Cable: Blue","","","","",""
"IV2422X","IVSEC LARGE CONDUIT BOX HOUSING TYPES FOR NC312*, NC323*, NC512*, NC528*IV2422X","","","","",""
"LW-DLB-5AC","Ligowave | DLB 5AC High-Performance Wireless Bridge for PTP/PTMP Scenarios | 802.11ac 5GHz","","","","",""
"MC-MM-1000MB-SC","Plusoptic | Adaptive 10Mb/100Mb/1000Mb Copper to 1G Fibre Media Converter with Duplex SC Fibre Connector. For Multimode Fibre, 850nm, 550M Reach. (1 x RJ45 Port, 1 x SC Fibre Port)","","","","",""
"UB.USW.PRO.48POE","Ubiquiti UniFi USW-PRO-POE-48-POE Gen 2 | UniFi 48 Port Gigabit Switch PoE and SFP+","","","","",""
"US-ADD-090-060-240","Heavy Duty Storage Shelving 2400H x 900W x 600D Extension Kit","","","","",""
"004.002.3001.50PACK","0.25m RJ45 CAT6 Ethernet Network Cable | 50 Pack White","","","","",""
"004.002.7050","50m RJ45 CAT6 Ethernet Network Cable | Pink","","","","",""
"004.004.8007.10PACK","5m CAT6 Ultra Thin LSZH Ethernet Network Cable | 10 Pack Green","","","","",""
"004.004.8016.10PACK","0.75m CAT6 Ultra Thin LSZH Ethernet Network Cable | 10 Pack Green","","","","",""
"004.004.8018.10PACK","4m CAT6 Ultra Thin LSZH Ethernet Network Cable | 10 Pack Green","","","","",""
"004.650.2003.50PACK","1m CAT6A THIN U/UTP LSZH 28 AWG RJ45 Network Cable | 50 Pack Black","","","","",""
"005.002.0087","Wire Cable Tap Connectors Tool","","","","",""
"006.016.0010","Omada 48V 24W Passive PoE Adapter","","","","",""
"008.008.0424","Figure 8 Cable 24/0.20 | 250m Black / White","","","","",""
"011.180.2312","12V 1A power adaptor, Switch-mode with 2 metre 2-Wire lead, Bare wires | Suitable for RapidLink RL10","","","","",""
"015.004.0037","12 Port ST Simplex FOBOT Faceplate suitable for 015.004.0026 & 015.004.0028","","","","",""
"040.0.0094.10PACK","4C | Elegant Single Power Point 250V 10A | Horizontal |10 Pack with 10 FREE C-Clips","","","","",""
"040.040.0380","4C | Junction Box 20mm 2 Way Right Angle - 10 Pack","","","","",""
"AL-S8-POE","Alta Labs | S8-POE 8-Port Enterprise Network Switch, 4 port support PoE+, 60W PoE","","","","",""
"FL.OM1LCLC10MB","10m LC-LC OM1 Multimode Fibre Optic Cable | Blue","","","","",""
"FL.OM1LCST20M","20m LC-ST OM1 Multimode Fibre Optic Cable: Orange","","","","",""
"FL.OM4LCSC10MR","10m LC-SC OM4 Multimode Fibre Optic Patch Cable | Red","","","","",""
"FL.OS2LCSC30M","30m LC-SC OS1 / OS2 Singlemode Fibre Optic Cable : Yellow","","","","",""
"LE-49256-H24","LEVITON - Angled Patch Panel Quickport 24 Port 1U","","","","",""
"TT.TSW100","Teltonika | TSW100 | 5 Port Industrial Unmanaged Gigabit Switch with 4 Port PoE+, Plug-N-Play","","","","",""
"TT.TSW210.DR","Teltonika | TSW210 | 10 Port Industrial Unmanaged Switch | Rear Panel with DIN Rail Holder ** PSU not included **","","","","",""
"UB.UAP.AC.M","Ubiquiti UniFi AC Mesh UAP-AC-M 802.11AC Outdoor Access Point","","","","",""
"UB.UBB","Ubiquiti Building Bridge","","","","",""
"UB.USW.ULTRA.60W","Ubiquiti | USW-Ultra-60W | 60W Compact 8 Port Layer 2 GbE PoE Switch, Versatile Mounting, 7 GbE PoE+ Output, 1 GbE Port - PSU included","","","","",""
"ZZZ-OSMOM2-LCSC-1M","1m LC - SC FIBRE OPTIC CABLE 50/125 Simplex Single mode OM2 Patch Lead","","","","",""
"002.001.2296","22RU 600mm Wide x 1000mm Deep Server Rack","","","","",""
"002.001.4590","4Cabling 45RU 800mm Wide x 1070mm Deep Premium Server Rack With Bi-Fold Mesh Door","","","","",""
"002.004.5045","Vertical PDU Mounting Rails | Suitable for 45RU Freestanding Cabinet | 2 Pack","","","","",""
"003.001.0122","RJ45 Keystone to Australian Style Bezel |10 Pack White","","","","",""
"004.004.3005.50PACK","2m CAT6 Ultra Thin LSZH Ethernet Network Cable | 50 Pack White","","","","",""
"004.004.5002.50PACK","0.5m CAT6 Ultra Thin LSZH Ethernet Network Cable | 50 Pack Orange","","","","",""
"004.004.7016.10PACK","0.75m CAT6 Ultra Thin LSZH Ethernet Network Cable | 10 Pack Pink","","","","",""
"004.650.2001.50PACK","0.5m CAT6A THIN U/UTP LSZH 28 AWG RJ45 Network Cable | 50 Pack Black","","","","",""
"004.650.7001.10PACK","0.5m CAT6A THIN U/UTP LSZH 28 AWG RJ45 Network Cable | 10 Pack Grey","","","","",""
"006.008.0051","TP-Link | SG2210P | Omada 8 Port Gigabit Smart PoE+ Switch with 2 SFP Slots - 61W Allowance","","","","",""
"006.016.0011","Omada 48V 18W Passive PoE Adapter","","","","",""
"006.016.0063","TP-Link | EAP610 | Omada AX1800 Ceiling Mount Dual-Band Wi-Fi 6 Access Point","","","","",""
"013.002.0034","OE Elsafe | 132034 | 80mm Brush Grommet | Silver","","","","",""
"015.000.0088","OE Elsafe: IC Cable 3000mm: Black","","","","",""
"015.004.0012","12 Port ST Simplex FOBOT DIN Mini Frontplate | Suitable for 015.004.0011","","","","",""
"040.0.0096","4C | Elegant Single Power Point 250V 15A | Horizontal","","","","",""
"AL-S24-POE.KIT","Alta Labs | S24-POE 24-Port Enterprise Network Switch, 16 port support PoE+ & 2xSFP+ port, 240W PoE with AU plug","","","","",""
"FL.OS2LCSC2MBL","2m LC-SC OS1 / OS2 Singlemode Fibre Optic Cable: Black","","","","",""
"LW-DLB-5-90AC","LigoWave | LigoDLB 5-90ac – Cost-Effective 5GHz Base Station with Integrated 90° Sector Antenna for PTMP Applications","","","","",""
"US-ADD-090-030-200","Heavy Duty Storage Shelving 2000H x 900W x 300D Extension Kit","","","","",""
"US-ADD-120-060-240","Heavy Duty Storage Shelving 2400H x 1200W x 600D Extension Kit","","","","",""
"US-M-1500-500-2000","Metal Shelving 2000H x 1500W x 500D Bolted Set","","","","",""
"ZM-2000-600-2000","Metal Shelving 2000H x 2000W x 600D Bolted Set","","","","",""
"002.008.0218","OE Elsafe: Umbilical Cable Management - Pathfinder Ceiling to Floor 2820mm in Black","","","","",""
"004.002.3050","50m RJ45 CAT6 Ethernet Network Cable | White","","","","",""
"004.004.4000.50PACK","0.15m CAT6 Ultra Thin LSZH Ethernet Network Cable | 50 Pack Purple","","","","",""
"004.004.8002.50PACK","0.5m CAT6 Ultra Thin LSZH Ethernet Network Cable | 50 Pack Green","","","","",""
"004.004.9001.50PACK","0.25m CAT6 Ultra Thin LSZH Ethernet Network Cable | 50 Pack Grey","","","","",""
"004.100.3050","50m CAT6A S/FTP LSZH Ethernet Network Cable | White","","","","",""
"004.100.4050","50m CAT6A S/FTP LSZH Ethernet Network Cable | Purple","","","","",""
"004.300.3016.50PACK","0.75m CAT6A RJ45 S/FTP THIN LSZH 30 AWG Network Cable | 50 Pack White","","","","",""
"004.650.2005.10PACK","2m CAT6A THIN U/UTP LSZH 28 AWG RJ45 Network Cable | 10 Pack Black","","","","",""
"004.650.2005.50PACK","2m CAT6A THIN U/UTP LSZH 28 AWG RJ45 Network Cable | 50 Pack Black","","","","",""
"004.650.7003.50PACK","1m CAT6A THIN U/UTP LSZH 28 AWG RJ45 Network Cable | 50 Pack Grey","","","","",""
"004.650.7004.50PACK","1.5m CAT6A THIN U/UTP LSZH 28 AWG RJ45 Network Cable | 50 Pack Grey","","","","",""
"006.008.0028","TP-Link TL-SF1008P: 8 Port. 4 POE Switch","","","","",""
"007.003.0009","6 Core Security Cable 14/0.20mm² - 300m - Grey","","","","",""
"018.040.0002","OE Elsafe: Qiksilva 70 - 4 x GPO / 3 x Data Cutouts (AUNZ) with 800mm Lead and 2 x Desktop Clamp Bracket","","","","",""
"040.050.0020","4C | Switch Mechanism Insulating Shroud | 20 Pack Black","","","","",""
"DACSFP-10G-0.5M-CIS","Cisco compatible DAC, SFP+ to SFP+, 10G, 0.5M, Twinax Cable | Plusoptic DACSFP+-0.5M-CIS","","","","",""
"FL.OM1SCST10M","10m SC-ST OM1 Multimode Fibre Optic Cable | Orange","","","","",""
"FL.OM4LCLC10MB","10m LC-LC OM4 Multimode Fibre Optic Cable: Blue","","","","",""
"FL.OM4SCSC20M","20m SC-SC OM4 Multimode Fibre Optic Cable: Aqua","","","","",""
"FL.OS2SCSC1.5MBL","1.5m SC-SC OS1 / OS2 Singlemode Fibre Optic Cable: Black","","","","",""
"FL.OS2STST10","10m ST-ST OS1 / OS2 Singlemode Fibre Optic Cable | Yellow","","","","",""
"LE-5F100-2LL","LEVITON - SDX Adaptor Plate (Blue) 12F OS2 duplex LC zirconia ceramic sleeve","","","","",""
"SFP-10G-SR-MER","Meraki compatible (MA-SFP-10GB-SR) 10G, SFP+, 850nm, 300M Transceiver, LC Connector for MMF with DOM","","","","",""
"TT.TSW200.DR","Teltonika | TSW200 | 10 Port Industrial Unmanaged Switch with 8 Port PoE+ and 2 SFP slots ** PSU not included **","","","","",""
"UB.UF.AE","Ubiquiti | UF-AE | UFibre ActiveEthernet Fiber to Ethernet Converter | Ethernet to SFP Media Converter","","","","",""
"UB.USW.48N","Ubiquiti UniFi USW-48 Gen 2 | UniFi 48 Port 48 Port Gigabit Switch with 4 SFP","","","","",""
"002.008.0200","OE Elsafe: Umbilical Cable Management: Pathfinder Floor to Desk 780mm: White","","","","",""
"002.009.1230","Spiral Binding Cable Wrap - 30.5m x 12mm: Natural","","","","",""
"002.013.1845","4Cabling 18RU 600mm Width x 450mm Deep Wall Mount Server Rack","","","","",""
"003.024.0251","Brother TZEFX251 | 24mm BLACK on WHITE Flexible TZE Tape","","","","",""
"004.004.3018.10PACK","4m CAT6 Ultra Thin LSZH Ethernet Network Cable | 10 Pack White","","","","",""
"004.004.5004.50PACK","1.5m CAT6 Ultra Thin LSZH Ethernet Network Cable | 50 Pack Orange","","","","",""
"004.004.9004.50PACK","1.5m CAT6 Ultra Thin LSZH Ethernet Network Cable | 50 Pack Grey","","","","",""
"004.300.0003.10PACK","1m CAT6A RJ45 S/FTP THIN LSZH 30 AWG Network Cable | 10 Pack Blue","","","","",""
"006.008.8899","TP-Link | SG2428P | Omada 28 Port Gigabit Smart Switch with 24 Port PoE+ with 4× Gigabit SFP Slots","","","","",""
"007.003.0072","2 Pair 7/0.25 Individually Screened Data Cable | 100m Grey","","","","",""
"007.003.0088","Figure 8 Cable 24/0.20 Jelly Filled Underground | 300m Black","","","","",""
"008.008.0075","RG6 Quad-shield Coaxial Cable 305m","","","","",""
"012.001.0222","4Cabling Wall Mount Gas Spring TV Bracket for 23"" to 43""","","","","",""
"017.121.0303","Fibre Cleaver","","","","",""
"040.040.0438","4C | 25mm Corrugated Conduit Medium Duty White 25 meter/roll","","","","",""
"BISFP-U-10-EXT","Extreme Compatible BiDi SFP, 1.25G, TX1310nm / RX1490nm, 10KM Transceiver, LC Connector for SMF with DDMI","","","","",""
"FL.OM1LCSC1MB","1m LC-SC OM1 Multimode Fibre Optic Cable: Blue","","","","",""
"FL.OM1LCSC20M","20m LC-SC OM1 Multimode Fibre Optic Cable | Orange","","","","",""
"FL.OM1LCSC5MB","5m LC-SC OM1 Multimode Fibre Optic Cable | Blue","","","","",""
"FL.OM1SCST15M","15m SC-ST OM1 Multimode Fibre Optic Cable | Orange","","","","",""
"LE-FPCC1SXMM48LC2","LEVITON - Optical Panel loaded with 24 LC Duplex Multimode adapters - Black","","","","",""
"TT.TSW030","Teltonika | TSW030 | 8 Port Industrial Unmanaged Ethernet Switch ** PSU not included **","","","","",""
"TT.TSW101","Teltonika | TSW101 | 5 Port Automotive Unmanaged Gigabit Switch with 4 Port PoE+ ** PSU not included **","","","","",""
"UB.LOCO5AC","Ubiquiti | Loco5AC | NanoStation 5AC Loco 300mW 13dBi CPE / Bridge Radio **PoE Injector Not Included**","","","","",""
"UB.U7.OUTDOOR","Ubiquiti | U7-Outdoor | UniFi Wi-Fi 7 Outdoor All Weather Access Point ** PoE Injector not included **","","","","",""
"US-ADD-150-060-240","Heavy Duty Storage Shelving 2400H x 1500W x 600D Extension Kit","","","","",""
"US-ADD-200-030-200","Heavy Duty Storage Shelving 2000H x 2000W x 300D Extension Kit","","","","",""
"001.003.0005","Fiberglass Fishing Tape, with Glow in the Dark Wheels one End | 5m","","","","",""
"002.002.0004","Mesh Front Door for 4RU Wall Mount Server Racks 600mm Wide","","","","",""
"002.004.0025","4Cabling Replacement 2 Way Fan Kit | Suitable for 600mm Deep Standard Rack Range","","","","",""
"004.002.7022","20m RJ45 CAT6 Ethernet Network Cable | Pink","","","","",""
"004.002.9030","30m RJ45 CAT6 Ethernet Network Cable | Grey","","","","",""
"004.100.7050","50m CAT6A S/FTP LSZH Ethernet Network Cable | Grey","","","","",""
"004.300.2003.50PACK","1m CAT6A RJ45 S/FTP THIN LSZH 30 AWG Network Cable | 50 Pack Black","","","","",""
"004.300.3001.50PACK","0.5m CAT6A RJ45 S/FTP THIN LSZH 30 AWG Network Cable | 50 Pack White","","","","",""
"006.008.0151","TP-Link TL-SG1218MP |18 Port Gigabit Rackmount Switch with 16 port PoE+","","","","",""
"006.008.9021","HDMI® Extender 4K@ 60Hz Support | IR Repeat with HDMI Loop Through| Up to 90m","","","","",""
"010.004.0005U","Australian Style CAT6 RJ45 Jack Universal Termination | 50 Pack Black","","","","",""
"040.000.0054","4C | Classic 4 Gang Switch Polycarbonate Cover Plate - Black Colour","","","","",""
"040.050.0015","4C | Neutral Link 100A 500V 7 Hole | Black","","","","",""
"FL.OM1LCSC15M","15m LC-SC OM1 Multimode Fibre Optic Cable: Orange","","","","",""
"FL.OM1LCSC30M","30m LC-SC OM1 Multimode Fibre Optic Cable | Orange","","","","",""
"FL.OM4LCST5MB","5m LC-ST OM4 Multimode Fibre Optic Cable: Blue","","","","",""
"FL.OM4SCSC2MBL","2m SC-SC OM4 Multimode Fibre Optic Patch Cable: Black","","","","",""
"FL.OM4SCST1M","1m SC-ST OM4 Multimode Fibre Optic Cable: Aqua","","","","",""
"MPO-LC-12A-CASSETTE","MPO CASSETTE 12 Port LC/UPC OM4 (1 x 12 Core MPO-LC) Type A","","","","",""
"UB.INS.3AF.USB","Ubiquiti | INS-3AF-USB | Instant 802.3af to USB Converter, 5VDC, 2A Output","","","","",""
"UB.U7.PRO.MAX","Ubiquiti | U7-Pro-Max | UniFi Wi-Fi 7 High Capacity Indoor Access Point ** PoE Injector not included **","","","","",""
"002.008.0050","4Cabling 1RU Wide Vertical Cable Management Rail | 47 Slot | 2 Pack","","","","",""
"004.004.4004.50PACK","1.5m CAT6 Ultra Thin LSZH Ethernet Network Cable | 50 Pack Purple","","","","",""
"004.650.0016.50PACK","0.75m CAT6A THIN U/UTP LSZH 28 AWG RJ45 Network Cable | 50 Pack Blue","","","","",""
"006.008.0019","TP-Link TL-SG1016D: 16-Port Gigabit Ethernet Switch","","","","",""
"006.008.7008","KVM 1RU Rackmount Switch w/ 19"" Monitor: 8-Port VGA","","","","",""
"006.010.0019","4 Way HDMI Splitter 1 In 4 Out","","","","",""
"007.003.0007","6 Core Security Cable 14/0.20mm² - 300m - White","","","","",""
"011.165.1180","Thor | RF11iQP | 1RU 11 Way Smart Guard Remote Power Rail","","","","",""
"040.040.0393","4C | Deep Junction Box 25mm 2 Way Right Angle - 10 Pack","","","","",""
"040.060.0134","6 Core OS2 Loosetube Drycore x 200m, 2mm oversleeving, 400mm stagger with LC-LC Terminations, pulling socks & on a drum","","","","",""
"DACSFP-10G-3M-HPA","HP Aruba Compatible DAC, SFP+ to SFP+, 10G, 3M, Passive Cable DACSFP+-3M-HPA","","","","",""
"FL.OM1SCSC5MP","5m SC-SC OM1 Multimode Fibre Optic Cable | Salmon Pink","","","","",""
"FL.OM4LCSC3MBL","3m LC-SC OM4 Multimode Fibre Optic Patch Cable: Black","","","","",""
"FL.OM4SCSC1.5MR","1.5m SC-SC OM4 Multimode Fibre Optic Patch Cable | Red","","","","",""
"FL.OM4SCSC5MB","5m SC-SC OM4 Multimode Fibre Optic Cable: Blue","","","","",""
"LE-5F100-2QL","LEVITON - SDX Adaptor Plate (Aqua) 12F OM3 duplex LC zirconia ceramic sleeve","","","","",""
"LE-5F100-4QL","LEVITON - SDX Adaptor Plate (Aqua) 24F OM3 quad LC zirconia ceramic sleeve","","","","",""
"NDR-240-48","Mean Well | NDR-240-48 | 48v DIN Rail Power Supply 5A 240W","","","","",""
"SFP-100FE-FX-CISI","Cisco Compatible (GLC-FE-100FX), 100Mbps, 100Base SFP, 1310nm, 2KM Transceiver, LC Connector for MMF with DDMI | Industrial Temperature Rated","","","","",""
"SFP-1G-EX-PLU","Plusoptic | 1.25G, SFP, 1310nm, 40KM Transceiver, LC Connector for SMF with DOM","","","","",""
"SFP-1G-SX-DLI","D-Link compatible (DEM-311GT) 1.25G, SFP, 850nm, 550M Transceiver, LC Connector for MMF with DOM","","","","",""
"TT.PR2FK20M","Teltonika | PR2FK20M | 4 Pin Power Cable with 4-Way Screw Terminal Adds DI/DO Functionality and allows for Direct Solar/DC Power","","","","",""
"UB.U7.PRO.WALL","Ubiquiti | U7-Pro-Wall | UniFi In-Wall Wi-Fi 7 Access Point ** PoE Injector not included **","","","","",""
"002.001.1810","4Cabling 18RU 600mm Wide x 1000mm Deep Server Rack","","","","",""
"002.002.0012","Mesh Door for 4Cabling 12RU Wall Mount Server Racks","","","","",""
"002.002.0018","Mesh Door for 4Cabling 18RU Free Standing Server Rack 600mm Wide","","","","",""
"002.004.2230","4C | 300mm Wide Cable Tray Suitable for 22RU Server Rack | Pack of 2","","","","",""
"003.023.2007","Brother: 9mm BLACK on WHITE TZE Tape x 8m","","","","",""
"003.025.0241","Brother Strong Adhesive TZe Tape - Black on White - 18mm","","","","",""
"004.004.6018.10PACK","4m CAT6 Ultra Thin LSZH Ethernet Network Cable | 10 Pack Yellow","","","","",""
"004.004.8005.50PACK","2m CAT6 Ultra Thin LSZH Ethernet Network Cable | 50 Pack Green","","","","",""
"005.008.0051","BNC Male to RCA Female","","","","",""
"006.008.0048","TP-Link TL-SG1048: 48 Port Gigabit Ethernet Rackmount Switch","","","","",""
"006.016.0051","TP-Link EAP225 |AC1350 Wireless MU-MIMO Gigabit Ceiling Mount Access Point","","","","",""
"020.091.0014","OE Elsafe: Swift Chassis and Stainless Steel Floor Mounted Power","","","","",""
"022.001.0065","RCA Adaptor","","","","",""
"040.0.0101.10PACK","4C | Elegant Double Power Point 250V 10A with Extra Switch | Vertical | 10 Pack with 10 FREE C-Clips","","","","",""
"040.000.0335","4C | Ultima 5 Gang Switch Grid and Cover Plate - White","","","","",""
"040.050.0009","4C | Girder Clip 25-32mm | 100 Pack","","","","",""
"FL.OM4LCSC1.5MB","1.5m LC-SC OM4 Multimode Fibre Optic Cable: Blue","","","","",""
"FL.OM4LCSC1.5MBL","1.5m LC-SC OM4 Multimode Fibre Optic Patch Cable | Black","","","","",""
"FL.OM4LCSC1.5MR","1.5m LC-SC OM4 Multimode Fibre Optic Patch Cable: Red","","","","",""
"FL.OM4SCST10M","10m SC-ST OM4 Multimode Fibre Optic Cable: Aqua","","","","",""
"FL.OS2SCSC10MBL","10m SC-SC OS1 / OS2 Singlemode Fibre Optic Cable | Black","","","","",""
"NDR-240-24","Mean Well | NDR-240-24 | 24v DIN Rail Power Supply 10A 240W","","","","",""
"TO-DC-MULTITESTER","Multifunction Cable Tester","","","","",""
"UB.RP.5AC.GEN2","Ubiquiti | Airmax AP | RP-5AC-GEN2 | Ubiquiti Rocket AC Prism Gen2 5GHz Radio with speeds up to 500+Mbps","","","","",""
"UB.UDM.PRO","Ubiquiti UniFi UDM-PRO | UniFi Dream Machine Pro with UniFi Controller","","","","",""
"US-KIT-600-060-200","Heavy Duty Storage Shelving 2000H x 6000W x 600D","","","","",""
"US-M-2000-500-2000","Metal Shelving 2000H x 2000W x 500D Bolted Set","","","","",""
"002.001.4560","4Cabling 45RU 600mm Wide x 600mm Deep Server Rack","","","","",""
"002.002.0045","Mesh Door for 4Cabling 45RU Free Standing Server Racks 600mm Wide","","","","",""
"004.004.2016.50PACK","0.75m CAT6 Ultra Thin LSZH Ethernet Network Cable | 50 Pack Black","","","","",""
"004.004.6002.50PACK","0.5m CAT6 Ultra Thin LSZH Ethernet Network Cable | 50 Pack Yellow","","","","",""
"004.004.7007.10PACK","5m CAT6 Ultra Thin LSZH Ethernet Network Cable | 10 Pack Pink","","","","",""
"006.008.0027","TP-Link TL-SG1008: 8-port Unmanaged Gigabit Rackmount Ethernet Switch","","","","",""
"006.016.0012","Omada 24V 12W Passive PoE Adapter","","","","",""
"007.003.0117","6 Core 7/0.20 Over ALL Screened (OAS) Data Cable | 250m Grey","","","","",""
"015.012.1112","Fibre Pigtail ST OS1/ OS2 Singlemode 2m - 6 Pack Rainbow","","","","",""
"016.009.0005","27 Way Cover for Standard Backmount","","","","",""
"040.050.0010","4C | BP Cable Connector Single Screw for 2 x 6mm² Cables | 100 Pack","","","","",""
"040.050.0019","4C | Insulating Shroud Black Standard Size | 20 Pack","","","","",""
"FL.OM1LCLC10M","10m LC-LC OM1 Multimode Fibre Optic Cable: Orange","","","","",""
"FL.OM1LCST1M","1m LC-ST OM1 Multimode Fibre Optic Cable: Orange","","","","",""
"FL.OM1SCST2M","2m SC-ST OM1 Multimode Fibre Optic Cable: Orange","","","","",""
"FL.OM1STST15M","15m ST-ST OM1 Multimode Fibre Optic Cable | Orange","","","","",""
"FL.OM4LCST2MP","2m LC-ST OM4 Multimode Fibre Optic Cable: Salmon Pink","","","","",""
"MTRJ-MTRJ-OM1-1M-SX","Fibre Patch, MTRJ-MTRJ, OM1, 1M, Multimode Simplex","","","","",""
"UB.UVC.G6.INS.WT","Ubiquiti | UVC-G6-INS-W | UniFi Protect Plug-and-play, 4K WiFi-connected camera with a 1/1.8"" 8MP image sensor, Multi-TOPS AI Engine, and two-way audio - WHITE","","","","",""
"US-M-1200-500-2000","Metal Shelving 2000H x 1200W x 500D Bolted Set","","","","",""
"001.004.0013","Test Cord IDC 6P2C","","","","",""
"002.015.0964.G","9RU 600mm Wide x 400mm Deep Galvanized Steel OUTDOOR Wall Mount Cabinet | IP65 Standard IEC 60529:2013| Grey","","","","",""
"003.025.0211","Brother TZES211 | 6mm Black on White Strong Adhesive TZE Tape","","","","",""
"004.001.4001","0.25m RJ45 CAT5E Ethernet Network Cable | Purple","","","","",""
"004.002.2001.50PACK","0.25m RJ45 CAT6 Ethernet Network Cable | 50 Pack Black","","","","",""
"004.100.5050","50m CAT6A S/FTP LSZH Ethernet Network Cable | Orange","","","","",""
"004.300.2017.10PACK","2.5m CAT6A RJ45 S/FTP THIN LSZH 30 AWG Network Cable | 10 Pack Black","","","","",""
"004.650.7001.50PACK","0.5m CAT6A THIN U/UTP LSZH 28 AWG RJ45 Network Cable | 50 Pack Grey","","","","",""
"005.002.0049","RJ11 4P4C Crimp Plugs 10 Pack","","","","",""
"006.008.0062","TP-Link TL-SG1024: 24-Port Unmanaged Gigabit Ethernet Switch","","","","",""
"006.008.7030","4Cabling 1.8M USB KVM Cable for 4Cabling Rackmount KVM Switch","","","","",""
"012.001.0041","4Cabling Aluminium Mobile TV Display Cart for 37"" to 70""","","","","",""
"013.012.6013","Cable Cover - 60mm x 13mm x 2m | White","","","","",""
"015.006.0020","OE Elsafe Starter Socket Female Black","","","","",""
"016.009.0004","11 Way Cover for Standard Backmount","","","","",""
"022.001.0010","RCA Audio and Video Cable 10m","","","","",""
"029.041.0088","OE Elsafe | QIKFIT QF5 - 1 x VGA Coupler - White","","","","",""
"040.040.0372","4C | Plain to Screw Adaptor 20mm with Lock Ring - 50 Pack","","","","",""
"040.050.0008","4C | Girder Clip 16 - 20mm | 100 Pack","","","","",""
"LC-LC-OM1-15M-DX","Fibre Patch, LC-LC, OM1, 15M, Multimode Duplex","","","","",""
"LC-LC-OM3-15M-DX","Fibre Patch, LC-LC, OM3, 15M, Multimode Duplex","","","","",""
"SCA-LC-OS1-20M-DX3","PlusOptic Fibre Patch cable, SCA to LC connector, Singlemode Duplex Fibre, 20 Metres, 3mm Sleeve","","","","",""
"UB.PBE.5AC.GEN2","Ubiquiti AIRMAX AC Bridge PBE-5AC-Gen2 | PowerBeam 25dBi 5GHz","","","","",""
"002.001.4261","4Cabling 42RU 600mm Wide x 1070mm Deep Premium Server Rack","","","","",""
"002.014.6008","4Cabling 150mm High Floor Mount Plinth | Suitable for 600mm x 800mm","","","","",""
"003.001.0014","RJ45 Keystone to Australian Style Bezel |10 Pack Yellow","","","","",""
"004.004.8016.50PACK","0.75m CAT6 Ultra Thin LSZH Ethernet Network Cable | 50 Pack Green","","","","",""
"004.004.9002.50PACK","0.5m CAT6 Ultra Thin LSZH Ethernet Network Cable | 50 Pack Grey","","","","",""
"004.650.3004.50PACK","1.5m CAT6A THIN U/UTP LSZH 28 AWG RJ45 Network Cable | 50 Pack White","","","","",""
"006.008.0185","TP-Link | SG2428LP | Omada 28 Port Gigabit Smart Switch with 16 Port PoE+","","","","",""
"008.008.1006","6 Way Splitter F Type 5-2400MHz All Ports Power Pass **DC ONLY**","","","","",""
"011.165.1152","Thor 8 Way Smart Filter Surge Protected Power Board","","","","",""
"012.001.4056","4Cabling Video Wall Mount ARM","","","","",""
"040.0.0091.10PACK","4C | Elegant Wall Switch 5 Gang 250V 16A - Vertical - 10 Pack with 10 FREE C-Clips","","","","",""
"040.040.0353","4C | Orange Bend 25mm - 20 Pack","","","","",""
"040.040.0362","4C | Solid Elbow Orange 20mm - 20 Pack","","","","",""
"040.040.0363","4C | SoLid Elbow- Orange25mm - 20 Pack","","","","",""
"040.040.0377","4C | Junction Box 25mm 1 Way - 10 Pack","","","","",""
"040.040.0413","4C | 20mm End Plug - 100 Pack","","","","",""
"040.060.0117","6 Core OS2 Loosetube Drycore x 100m, 2mm oversleeving, 400mm stagger with LC-LC Terminations, pulling socks & on a drum","","","","",""
"AL-S16-POE.KIT","Alta Labs | S16-POE 16-Port Enterprise Network Switch, 8 port support PoE+ & 2xSFP port, 120W PoE with AU plug","","","","",""
"BISFP-U-10-EXTI","Extreme Compatible 1.25G, BiDi SFP, TX-1310nm / RX-1490nm, 10KM Transceiver, LC Connector for SMF fibre with DDMI, Industrial temp rated | Industrial temperature rated","","","","",""
"DACSFP-10G-7M-DEL","Dell compatible 10G DAC with SFP+ to SFP+ connectors, 7M, Twinax, Passive Cable DACSFP+-7M-DEL","","","","",""
"DL.DGS.108","D-Link | DGS-108 | 8 Port Gigabit Desktop Switch (Metal Housing)","","","","",""
"DNC6MST-100.0","CAT6 RJ45 Modular Plugs - Bag Of 100 Stranded","","","","",""
"FL.OM1SCSC10M","10m SC-SC OM1 Multimode Fibre Optic Cable | Orange","","","","",""
"FL.OM4LCSC05MR","0.5m LC-SC OM4 Multimode Fibre Optic Patch Cable | Red","","","","",""
"SFP-T-GFE-FOR","Fortinet compatible 10/100/1000Mbps, Copper SFP, 100M Transceiver, RJ-45 Connector for Copper","","","","",""
"TT.PR2AM20M","Teltonika | PR2AM20M | Automotive 12v Power Supply Unit - Car Lighter Socket","","","","",""
"UB.USP.CABLE","Ubiquiti | Accessories | USP-CABLE | UniFi SmartPower Cable 1.5M - for use with USP-RPS","","","","",""
"UB.UVC.G5.PRO","Ubiquiti UniFi Video Camera Protect G5 Pro 4K 3x Optical Zoom IR Camera | UVC-G5-PRO","","","","",""
"US-KIT-200-060-270","Heavy Duty Storage Shelving 2700H x 2000W x 600D","","","","",""
"WT05018161001","WERA 851 S PH 2 x 70 mm","","","","",""
"ZSH-120-060","1.20m x 0.60m Shelves White Set of 8 (4 bays)","","","","",""
"002.015.1866.V.G","18RU 600mm Wide x 600mm Deep Galvanized Steel OUTDOOR VENTILATED Wall Mount Cabinet | IP45 Standard IEC 60529:2013 | Grey","","","","",""
"002.016.4588","4Cabling 45RU 800 x 800 Premium Server Cabinet | NSW Department of Education Approved","","","","",""
"003.023.2005","Brother: 24mm BLACK on WHITE TZE Tape x 8m","","","","",""
"004.002.0004.50PACK","1.5m RJ45 CAT6 Ethernet Network Cable | 50 Pack Blue","","","","",""
"004.002.2005.50PACK","2m RJ45 CAT6 Ethernet Network Cable | 50 Pack Black","","","","",""
"004.002.6050","50m RJ45 CAT6 Ethernet Network Cable | Yellow","","","","",""
"004.004.1016.50PACK","0.75m CAT6 Ultra Thin LSZH Ethernet Network Cable | 50 Pack Red","","","","",""
"004.004.3016.50PACK","0.75m CAT6 Ultra Thin LSZH Ethernet Network Cable | 50 Pack White","","","","",""
"004.004.7005.50PACK","2m CAT6 Ultra Thin LSZH Ethernet Network Cable | 50 Pack Pink","","","","",""
"004.004.9005.50PACK","2m CAT6 Ultra Thin LSZH Ethernet Network Cable | 50 Pack Grey","","","","",""
"004.300.2000.50PACK","0.25m CAT6A RJ45 S/FTP THIN LSZH 30 AWG Network Cable | 50 Pack Black","","","","",""
"004.300.3003.50PACK","1m CAT6A RJ45 S/FTP THIN LSZH 30 AWG Network Cable | 50 Pack White","","","","",""
"004.650.5017","2.5m CAT6A THIN U/UTP LSZH 28 AWG RJ45 Network Cable | Orange","","","","",""
"006.008.0018","TP-Link TL-SG108E: 8 Port Gigabit Ethernet Switch","","","","",""
"006.008.0145","TP-Link | SG2210MP | Omada 10 Port Gigabit Smart Rackmount Switch with 8 Port PoE+","","","","",""
"011.060.1032","Cable Ties - Nylon 160mm(L) x 4.8mm(W) Natural | Bag of 1000","","","","",""
"015.004.0031","48 Fibre FOBOT Dome Closure | IP68 Rated","","","","",""
"015.011.4102","1.5m LC-SC Flexi Boot OM4 Multimode Fibre Optic Duplex Patch Leads","","","","",""
"018.004.0013","Double Sided Tape - Foam Green 13mm x 50m Roll","","","","",""
"022.000.0047","3m Stereo 3.5mm Plug to 2 x Red White RCA Cable","","","","",""
"040.040.0352","4C | Orange Bend 20mm - 50 Pack","","","","",""
"040.040.0395","4C | Deep Junction Box 25mm 3 Way - 10 Pack","","","","",""
"040.040.0415","4C | 20mm Plain to Screwed Coupling - 50 Pack","","","","",""
"BISFP-D-20-EXTI","Extreme compatible 1.25G, BiDi SFP, TX1490nm / RX1310nm, 20KM Transceiver, LC Connector for SMF with DOM | Industrial temperature rated","","","","",""
"BISFP-U1-20-PLUI","Plusoptic 1.25G, BiDi SFP, TX1310nm / RX1550nm, 20KM Transceiver, LC Connector for SMF with DOM | Industrial temperature rated","","","","",""
"FL.OM1SCSC10MP","10m SC-SC OM1 Multimode Fibre Optic Cable | Salmon Pink","","","","",""
"FL.OM1SCST20M","20m SC-ST OM1 Multimode Fibre Optic Cable | Orange","","","","",""
"FL.OS2LCLC5MP","5m LC-LC OS1 / OS2 Singlemode Fibre Optic Cable | Salmon Pink","","","","",""
"FL.OS2SCAPCSCAPC25MS","25m SC/A - SC/A OS2 / OS1 Singlemode Fibre Optic Simplex LSZH Patch Lead : 2mm Oversleeving | Yellow","","","","",""
"FL.OS2SCSC20M","20m SC-SC OS1 / OS2 Singlemode Fibre Optic Cable: Yellow","","","","",""
"LC-LC-OM1-25M-DX","Fibre Patch, LC-LC, OM1, 25M, Multimode Duplex","","","","",""
"LC-SC-OM1-15M-DX","Fibre Patch, LC-SC, OM1, 15M, Multimode Duplex","","","","",""
"SFP-T-GFE-HP","HP / Aruba compatible 10/100/1000Mbps, Copper SFP, 100M Transceiver, RJ-45 Connector for Copper","","","","",""
"SLD.C6AUUTP.RED","4C | CAT6A U/UTP 23AWGx4P, PVC Jacket | Supplied on Plastic Reel | 305m RED","","","","",""
"TP.TLSG1218MPE","TP-Link TL-SG1218MPE JetStream 16-Port Gigabit Easy Smart PoE/PoE+ Switch","","","","",""
"TT.TSW202","Teltonika | TSW202 | 10 Port Industrial Managed PoE+ Layer 2 Switch with 8 Port PoE+ and 2 SFP slots, Layer3 Features ** PSU not included **","","","","",""
"US-ADD-120-060-270","Heavy Duty Storage Shelving 2700H x 1200W x 600D Extension Kit","","","","",""
"002.013.0900","4C | Universal 900mm Chimney for Network Cabinet | Suitable for cabinet with gland opening (900x410x68)","","","","",""
"004.650.3001.50PACK","0.5m CAT6A THIN U/UTP LSZH 28 AWG RJ45 Network Cable | 50 Pack White","","","","",""
"006.008.0057","TP-Link TL-SG1016PE 16-Port Gigabit Desktop/Rackmount Switch","","","","",""
"006.008.0137","TP-Link TL-SG116 | 16 port Gigabit Desktop Switch | Desktop Steel Case","","","","",""
"006.008.0208","TP-Link | ES208GP | Omada 8 Port Gigabit Easy Managed Switch with 8 Port PoE+","","","","",""
"011.165.4075","PowerCube 4 Power Outlet 2 USB A and 1 USB C 20W charging outlets | 1.5m Black","","","","",""
"015.000.0016","OE Elsafe: IC Cable 4000mm: White","","","","",""
"015.004.0033","24 Fibre FOBOT Dome Closure | IP68 Rated","","","","",""
"040.040.0343","4C | 50mm Sweep Bend 90° Grey Heavy Duty UV resistance","","","","",""
"040.040.0406","4C | Corrugated Conduit Gland Grey 20mm - 50 Pack","","","","",""
"BISFP-U-20-EXTI","Extreme compatible 1.25G, BiDi SFP, TX1310nm / RX1490nm, 20KM Transceiver, LC Connector for SMF with DOM | Industrial temperature rated","","","","",""
"DACSFP-10G-2M-HPA","HP Aruba Compatible DAC, SFP+ to SFP+, 10G, 2M, Passive Cable DACSFP+-2M-HPA","","","","",""
"DACSFP28-3M-CIS","Cisco compatible DAC, SFP28 to SFP28, 25G, 3M, Twinax Cable, DACSFP28-3M-CIS","","","","",""
"FL.OM4LCSC1.5M","1.5m LC-SC OM4 Multimode Fibre Optic Cable: Aqua","","","","",""
"FL.OS2SCST1M","1m SC-ST OS1 / OS2 Singlemode Fibre Optic Cable : Yellow","","","","",""
"LE-AC6U/FTP-HF1-ECA-500VT","LEVITON - Cat 6A 23 AWG U/FTP 4 Pair LSHF/LSZH Cable Violet 500m- EuroClass Eca","","","","",""
"LE-VPC-S2R2LPLP0030","LEVITON - Fiber Patch Cord OS2 Singlemode Yellow 2.0 mm DUP-RND, LC/UPC/UNIBOOT-LC/UPC/UNIBOOT, 3.0 Meters","","","","",""
"QSFP-40G-SR4-PLU","Plusoptic 40G, QSFP+, 850nm, 150M Transceiver, MTP/MPO Connector for MMF with DOM","","","","",""
"SFP-100FE-FX-PLU","Plusoptic (SFP-100FE-FX-PLU) 100Mbps, 100Base SFP, 1310nm, 2KM Transceiver, LC Connector for MMF with DOM","","","","",""
"SFP-10G-LR-MER","Meraki compatible (MA-SFP-10GB-LR) 10G, SFP+, 1310nm, 10KM Transceiver, LC Connector for SMF with DOM","","","","",""
"SFP-10G-LRM-CIS","Cisco compatible (SFP-10G-LRM) 10G, SFP+, 1310nm, 220M Transceiver, LC Connector for MMF with DOM","","","","",""
"SFP-10G-SR-FOR","Fortinet compatible (FN-TRAN-SFP+SR), 10G, SFP+, 850nm, 300M Transceiver, LC Connector for MMF with DOM","","","","",""
"SFPFC-16G-SR-BRO","Brocade compatible (XBR-000192) 16G, Fibre Channel SFP+, 850nm, 100M Transceiver, LC Connector for MMF with DOM","","","","",""
"TT.PR1KCL25","Teltonika | PR1KCL25 | Combo MIMO Flush Mount Mobile Antenna for Vehicle/Cabinet","","","","",""
"UB.U6.MESH","Ubiquiti Unifi UAP U6-MESH - WiFi 6 Indoor/Outdoor Enterprise Mesh Access Point with POE Injector","","","","",""
"UB.UDM.SE","Ubiquiti UniFi UDM-SE | UniFi Dream Machine Special Edition with UniFi Controller","","","","",""
"UB.UDR7","Ubiquiti | UniFi Dream Router Wi-Fi 7","","","","",""
"XFP-10G-LR-JUN","Juniper compatible (EX-XFP-10GE-LR NS-SYS-GBIC-MXLR SRX-XFP-10GE-LR XFP-10G-L-OC192-SR1) 10G, XFP, 1310nm, 10KM Transceiver, LC Connector for SMF with DOM","","","","",""
"002.009.2430","Spiral Binding Cable Wrap - 30.5m x 24mm: Natural","","","","",""
"004.004.4016.50PACK","0.75m CAT6 Ultra Thin LSZH Ethernet Network Cable | 50 Pack Purple","","","","",""
"004.004.5016.50PACK","0.75m CAT6 Ultra Thin LSZH Ethernet Network Cable | 50 Pack Orange","","","","",""
"004.300.2007.10PACK","5m CAT6A RJ45 S/FTP THIN LSZH 30 AWG Network Cable | 10 Pack Black","","","","",""
"004.650.1003.50PACK","1m CAT6A THIN U/UTP LSZH 28 AWG RJ45 Network Cable | 50 Pack Red","","","","",""
"004.650.3003.50PACK","1m CAT6A THIN U/UTP LSZH 28 AWG RJ45 Network Cable | 50 Pack White","","","","",""
"006.016.0109","TP-Link | EAP613 | Omada AX1800 Ceiling Mount Dual-Band Wi-Fi 6 Access Point ** PoE Injector not included **","","","","",""
"008.008.1003","3 Way Splitter F type 5-2400MHz All Ports Power Pass","","","","",""
"011.180.2112","2m Lockable IEC C19 - C20 Cable","","","","",""
"011.180.2125","5m Lockable IEC C13 - Australian Plug","","","","",""
"012.007.0019","APC Easy UPS Online SNMP Card | AP9544 (Only Suits SRV APC Easy Range)","","","","",""
"040.0.0086.10PACK","4C | Elegant Wall Switch 3 Gang 250V 16A | Horizontal | 10 Pack with 10 FREE C-Clips","","","","",""
"040.030.0085","4C | Spring Toggle 1/8"" x 3"" - 50 Pack","","","","",""
"040.040.0359","4C | Plain Reducer 50/40 - 20 Pack","","","","",""
"040.040.0373","4C | Plain to Screw Adaptor 25mm with Lock Ring - 50 Pack","","","","",""
"040.040.0383","4C | Junction Box 25mm 2 Way U type - 10 Pack","","","","",""
"040.040.0445","4C | Plain Coupling Grey 40mm - 20 Pack","","","","",""
"AL-S12","Alta Labs | 12 SFP+, 10 Gbps per port, Managed Enterprise Distribution Network Switch","","","","",""
"FL.OM4SCSC1.5MBL","1.5m SC-SC OM4 Multimode Fibre Optic Patch Cable | Black","","","","",""
"FL.OM4SCSC10MR","10m SC-SC OM4 Multimode Fibre Optic Patch Cable | Red","","","","",""
"FL.OM4SCSC1MR","1m SC-SC OM4 Multimode Fibre Optic Patch Cable | Red","","","","",""
"FL.OM4SCSC2MR","2m SC-SC OM4 Multimode Fibre Optic Patch Cable | Red","","","","",""
"FL.OS2LCST20M","20m LC-ST OS1 / OS2 Singlemode Fibre Optic Cable : Yellow","","","","",""
"HDR-60-24","Mean Well | HDR-60-24 | 24V Step Front DIN Rail Power Supply 2.5A 60W","","","","",""
"NDR-120-12","Mean Well | NDR-120-12 | 12V DIN Rail Power Supply 10A 120W","","","","",""
"SFP100-T-PLUI","Plusoptic, 100Mbps, Copper 100Base SFP, 100M Transceiver, RJ-45 Connector for Copper, -40C-85C temp| Industrial temperature rated","","","","",""
"SFP28-SR-HP","HP / Aruba compatible(JL484A) 25G, SFP28, 850nm, 100M Transceiver, LC Connector for MM","","","","",""
"TT.RUT241.ESIM","Teltonika | RUT241-eSIM | Compact 4G eSIM™ LTE Cat 4 Industrial Router","","","","",""
"UB.UA.HUB.DOOR","Ubiquiti | UA-Hub-Door | UniFi Access Hub Door","","","","",""
"UB.USW.24","Ubiquiti UniFi USW-24 | UniFi 24 Port Managed Gigabit Switch with 2x SFP","","","","",""
"UB.USW.FLEX.2.5G8","Ubiquiti | USW-Flex-2.5G-8 | UniFi Compact 8 Port Gigabit Desktop Switch, 8 x 2.5G ports, 1 x 10G PoE+ input port for power / SFP+ port combo","","","","",""
"US-ADD-200-060-200","Heavy Duty Storage Shelving 2000H x 2000W x 600D Extension Kit","","","","",""
"US-KIT-090-030-200","Heavy Duty Storage Shelving 2000H x 900W x 300D","","","","",""
"US-KIT-090-030-270","Heavy Duty Storage Shelving 2700H x 900W x 300D","","","","",""
"US-KIT-150-030-270","Heavy Duty Storage Shelving 2700H x 1500W x 300D","","","","",""
"XFP-10G-SR-CIS","Cisco compatible (Cisco XFP ONS-XC-10G-SR-MM XFP-10GB-SR XFP-10G-MM-SR) 10G, XFP, 850nm, 300M Transceiver, LC Connector for MMF with DOM","","","","",""
"002.001.3780","4Cabling 37RU 600mm Wide x 800mm Deep Server Rack","","","","",""
"002.004.4220","4Cabling 200mm Wide Cable Tray Suitable for 42RU Server Rack | 2 Pack","","","","",""
"002.004.4230","4Cabling 300mm Wide Cable Tray Suitable for 42RU Server Rack | 2 Pack","","","","",""
"002.014.8010","4Cabling 150mm High Floor Mount Plinth | Suitable for 800mm x 1000mm","","","","",""
"002.015.1264","4Cabling 12RU 600mm Wide x 400mm Deep Grey Outdoor Wall Mount Cabinet | IP65","","","","",""
"004.002.2003.50PACK","1m RJ45 CAT6 Ethernet Network Cable | 50 Pack Black","","","","",""
"004.004.3004.50PACK","1.5m CAT6 Ultra Thin LSZH Ethernet Network Cable | 50 Pack White","","","","",""
"004.004.4018.10PACK","4m CAT6 Ultra Thin LSZH Ethernet Network Cable | 10 Pack Purple","","","","",""
"004.100.7019","7m CAT6A S/FTP LSZH Ethernet Network Cable | Grey","","","","",""
"006.008.0150","TP-Link TL-SG105PE | 5 port Gigabit Easy Smart Switch with 4 port PoE+","","","","",""
"008.007.0009","F TYPE Male - F TYPE Male Patch Lead RG59 Quad Shield 1.8m","","","","",""
"008.008.0039","TV Antenna Cable Adapter - F-TYPE Male - PAL Male Adaptor / Straight","","","","",""
"011.060.1041","Cable Ties 380mm(L) x 7.6mm(W) Natural | Bag of 1000","","","","",""
"011.165.1181","Thor | RJ45-16 | Smart Series: RJ45-16 High Speed Network Protection","","","","",""
"012.001.0116","4Cabling Ceiling Mount Back to Back TV Bracket 37"" to 70""","","","","",""
"012.007.0017","APC Easy UPS On-Line SRV RM 3000 VA 230V with Rail Kit | SRV3KRIRK","","","","",""
"015.002.0109","Field Assembly Optical Multimode Connector | LC UPC Connector | Bag of 6","","","","",""
"015.004.0004","FOBOT ST 6 Port Wall Mount Fibre Optic Patch Panel","","","","",""
"015.004.0038","6 Port ST Simplex FOBOT Faceplate suitable for 015.004.0026 & 015.004.0028","","","","",""
"022.001.0043","RCA Stereo Audio Cable 3m","","","","",""
"040.000.0291.10PACK","4C | Classic 3 Gang Switch 250V 16AX - Horizontal - 10 Pack with 10 FREE C-Clips","","","","",""
"040.040.0357","4C | Plain Reducer 32/25 - 50 Pack","","","","",""
"040.040.0407","4C | Corrugated Conduit Gland Grey 25mm - 50 Pack","","","","",""
"FL.OM1LCLC10MP","10m LC-LC OM1 Multimode Fibre Optic Cable | Salmon Pink","","","","",""
"FL.OM1LCLC2M","2m LC-LC OM1 Multimode Fibre Optic Cable: Orange","","","","",""
"FL.OM1SCSC15M","15m SC-SC OM1 Multimode Fibre Optic Cable | Orange","","","","",""
"IV2477X","IVSEC SMALL CONDUIT JUNCTION BOX (NC110*, NC323*, NC317*)IV2477X","","","","",""
"MPO-PANEL-1U","Fibre Patch Panel | 1U Supports 4 Cassettes","","","","",""
"MPOFF-OS2-5M-8","5m MPO-MPO 8F Single mode G652D Fiber Optic Cable | Yellow","","","","",""
"NDR-120-24","Mean Well | NDR-120-24 | 24V DIN Rail Power Supply 5A 120W","","","","",""
"SC-SC-OS1-15M-DX","Fibre Patch, SC-SC, OS1, 15M, Singlemode Duplex","","","","",""
"TT.PR2PL15B","Teltonika | PR2PL15B | Power Cable with 4-way Open Wire","","","","",""
"US-KIT-400-060-200","Heavy Duty Storage Shelving 2000H x 4000W x 600D","","","","",""
"001.002.0008","3.54m Cable Pulling Tool | Yellow","","","","",""
"002.001.3280","4Cabling 32RU 600mm Wide x 800mm Deep Server Rack","","","","",""
"002.002.0006","Mesh Front Door for 6RU Wall Mount Server Racks 600mm Wide","","","","",""
"002.002.0009","Mesh Front Door for 9RU Wall Mount Server Racks 600mm Wide","","","","",""
"002.002.0637","Mesh Door for 4Cabling 37RU Free Standing Server Rack 600mm Wide","","","","",""
"002.008.1930","Spiral Binding Cable Wrap - 30.5m x 19mm: Black","","","","",""
"002.014.6010","4Cabling 150mm High Floor Mount Plinth | Suitable for 600mm x 1000mm","","","","",""
"003.001.0020","RJ45 Keystone to HPM Adaptor Bezel |10 Pack White","","","","",""
"003.023.1012","Brother PT-H105| P Touch Labeller: WHITE","","","","",""
"004.002.2004.50PACK","1.5m RJ45 CAT6 Ethernet Network Cable | 50 Pack Black","","","","",""
"004.300.2018.10PACK","4m CAT6A RJ45 S/FTP THIN LSZH 30 AWG Network Cable | 10 Pack Black","","","","",""
"004.650.2004.50PACK","1.5m CAT6A THIN U/UTP LSZH 28 AWG RJ45 Network Cable | 50 Pack Black","","","","",""
"004.650.7005.50PACK","2m CAT6A THIN U/UTP LSZH 28 AWG RJ45 Network Cable | 50 Pack Grey","","","","",""
"006.008.0172","TP-Link TL-SL1311P | 8 Port 10/100Mbps + 3 Port Gigabit Desktop Switch with 8 Port PoE+","","","","",""
"006.008.0173","TP-Link TL-SG116P | 16-Port Gigabit Desktop Switch with 16-Port PoE+","","","","",""
"011.060.1038","Cable Ties - Nylon 280mm(L) x 4.8mm(W) Natural | Bag of 1000","","","","",""
"016.008.0006","Six / Twelve Way Keystone Surface Mount Box","","","","",""
"016.049.0005","OE Elsafe | PIP3 649005 | Mounted Desktop Power 2 x GPO 1 x TUF-R 25W with 2000mm Lead and 10a Three Pin Plug | BLACK","","","","",""
"040.000.0140","4C | Surface Switch IP66 3Pole 500V 32A","","","","",""
"040.000.0298.10PACK","4C | Classic 4 Gang Switch 250V 16AX - Vertical - 10 Pack with 10 FREE C-Clips","","","","",""
"AL-S48-APOE.KIT","Alta Labs | 48 Port, Layer 2, 740W PoE, All Ports PoE+, Managed Enterprise Network Switch","","","","",""
"FL.OM1LCLC2MP","2m LC-LC OM1 Multimode Fibre Optic Cable: Salmon Pink","","","","",""
"FL.OM1LCSC10MB","10m LC-SC OM1 Multimode Fibre Optic Cable | Blue","","","","",""
"FL.OM1SCSC5M","5m SC-SC OM1 Multimode Fibre Optic Cable: Orange","","","","",""
"FL.OM4LCSC1MR","1m LC-SC OM4 Multimode Fibre Optic Patch Cable: Red","","","","",""
"FL.OM4SCST2M","2m SC-ST OM4 Multimode Fibre Optic Cable: Aqua","","","","",""
"IVNC110XC","IVSEC TURRET IP CAMERA, 5MP, 2.8MM FIXED LENS, 20FPS, POE, IP66, 30M IR, PIR, MIC, WDRNC110XC","","","","",""
"TT.PR1KC640","Teltonika | PR1KC640 | 5G Combo MIMO Mobile / GNSS / WiFi Roof SMA Antenna","","","","",""
"TT.RUT301","Teltonika | RUT301 | 5 Port Industrial Ethernet Router","","","","",""
"TT.TRB160","Teltonika | TRB160 | Ultra-small, Lightweight Industrial Ethernet to 4G LTE Cat6 IoT Gateway","","","","",""
"UB.UACC.SFP.WIZARD","Ubiquiti | UACC-SFP-Wizard | Ubiquiti Networks SFP Wizard","","","","",""
"US-KIT-800-060-200","Heavy Duty Storage Shelving 2000H x 8000W x 600D","","","","",""
"VIGI.JB.300","VIGI Network Camera Junction Box","","","","",""
"VIGI.S285","VIGI 8MP Full-Colour Dome Network Camera","","","","",""
"002.007.0620","4Cabling 6RU 300mm Deep Wall Mount Server Rack Frame","","","","",""
"004.002.4050","50m RJ45 CAT6 Ethernet Network Cable | Purple","","","","",""
"004.004.7018.10PACK","4m CAT6 Ultra Thin LSZH Ethernet Network Cable | 10 Pack Pink","","","","",""
"004.100.7002","0.5m CAT6A S/FTP LSZH Ethernet Network Cable | Grey","","","","",""
"004.650.2016.10PACK","0.75m CAT6A THIN U/UTP LSZH 28 AWG RJ45 Network Cable | 10 Pack Black","","","","",""
"004.650.3005.50PACK","2m CAT6A THIN U/UTP LSZH 28 AWG RJ45 Network Cable | 50 Pack White","","","","",""
"006.016.0065","TP-Link EAP225-Outdoor | AC1200 Wireless Dual Band Gigabit Outdoor Access Point","","","","",""
"015.012.1406","Fibre Pigtail ST OM4 Multimode 2m - 6 Pack Rainbow. Backward Compatible With OM3","","","","",""
"BISFP-10G-D3-10-EXTI","Extreme compatible 10G, BiDi SFP+, TX1330nm / RX1270nm, 10KM Transceiver, LC Connector for SMF with DOM","","","","",""
"BISFP-D1-10-PLU","Plusoptic 1.25G, BiDi SFP, TX1550nm / RX1310nm, 10KM Transceiver, LC Connector for SMF with DOM","","","","",""
"BISFP-U-20-PLUI","Plusoptic 1.25G, BiDi SFP, TX1310nm / RX1490nm, 20KM Transceiver, LC Connector for SMF with DOM | Industrial temperature rated","","","","",""
"BISFP-U1-10-PLU","Plusoptic 1.25G, BiDi SFP, TX1310nm / RX1550nm, 10KM Transceiver, LC Connector for SMF with DOM","","","","",""
"DACSFP-10G-5M-CIS","Cisco compatible DAC, SFP+ to SFP+, 10G, 5M, Twinax Cable | Plusoptic DACSFP+-5M-CIS","","","","",""
"FL.OM4STST10M","10m ST-ST OM4 Multimode Fibre Optic Cable: Aqua","","","","",""
"FL.OS2LCSC1MP","1m LC-SC OS1 / OS2 Singlemode Fibre Optic Cable: Salmon Pink","","","","",""
"FL.OS2SCAPCSCAPC50MS","50m SC/APC - SC/APC OS1 / OS2 Singlemode Fibre Optic Duplex Cable","","","","",""
"LE-61110-JW6","LEVITON - eXtreme Cat 6 Unshielded Jack 110-Style 150PK with Tool - White","","","","",""
"LE-C6U-HF1-ECA-RLX-305GY","LEVITON - Cat 6 23 AWG U/UTP 4 Pair LSHF/LSZH Cable Grey 305m- EuroClass Eca","","","","",""
"LE-VPK-M4TLC1200-02","LEVITON - Pigtail Kit, OM4 Multimode TIA Colors 1-12, 900 Micron Tight Buffer LSZH, LC/UPC, 2 Meters, Sustainably Smart Packaging","","","","",""
"LW-RAPIDFIRE-N","LigoWave | 5GHz Wireless Bridge for Long-Distance Heavy-Duty Point-to-Point Applications Featuring N-Type Connectors","","","","",""
"MPO-LC-12AF-CASSETTE","MPO CASSETTE 12 Port LC/UPC OM4 (1 x 12 Core MPO-LC) Type AF","","","","",""
"MPOFF-OS2-10M-8","10m MPO-MPO 8F Single mode G652D Fiber Optic Cable | Yellow","","","","",""
"NDR-75-24","Mean Well | NDR-75-24 | 24V DIN Rail Power Supply 3.2A 75W","","","","",""
"SFP-10G-ER-CIS","Cisco compatible (ONS-SC+-10G-ER SFP-10G-ER SFP-10G-ER-S) 10G, SFP+, 1550nm, 40KM Transceiver, LC Connector for SMF with DOM","","","","",""
"SFP-10G-LR-DEL","Dell compatible (330-2404 407-10357 407-10464) 10G, SFP+, 1310nm, 10KM Transceiver, LC Connector for SMF with DOM","","","","",""
"SFP-10G-T-HP","HP / Aruba compatible 10G, Copper SFP+, 30M Transceiver, RJ-45 Connector for Copper - CAT6","","","","",""
"SFP-1G-EX-HP","HP / Aruba compatible 1.25G, SFP, 1310nm, 40KM Transceiver, LC Connector for SMF with DOM","","","","",""
"TT.RUTX50","Teltonika | RUTX50 | Dual SIM 5G LTE CAT20 Industrial Router","","","","",""
"TT.TSW212","Teltonika | TSW212 | 10 Port Industrial Managed Layer 2 Switch with 8 Port Gigabit and 2 SFP slots, Layer3 Features ** PSU not included **","","","","",""
"UB.UCG.MAX","Ubiquiti | UCG-Max | UniFi Controller Cloud Gateway Max","","","","",""
"US-KIT-200-060-240","Heavy Duty Storage Shelving 2400H x 2000W x 600D","","","","",""
"ZBE-090","0.90m Length Set of 8 Orange Beams (4 bays)","","","","",""
"002.004.0006","Castor Wheel Suitable for Freestanding Server Racks | Set of 4","","","","",""
"002.015.0666.V.G","6RU 600mm Wide x 600mm Deep Galvanized Steel OUTDOOR VENTILATED Wall Mount Cabinet | IP45 Standard IEC 60529:2013 | Grey","","","","",""
"004.004.1004.50PACK","1.5m CAT6 Ultra Thin LSZH Ethernet Network Cable | 50 Pack Red","","","","",""
"004.300.2016.50PACK","0.75m CAT6A RJ45 S/FTP THIN LSZH 30 AWG Network Cable | 50 Pack Black","","","","",""
"004.650.2002.50PACK","0.15m CAT6A THIN U/UTP LSZH 28 AWG RJ45 Network Cable | 50 Pack Black","","","","",""
"004.650.3016.10PACK","0.75m CAT6A THIN U/UTP LSZH 28 AWG RJ45 Network Cable | 10 Pack White","","","","",""
"006.008.9024","HDMI™ Matrix Switch – 4K 4096×2160 @ 60Hz with HDR Support","","","","",""
"006.008.9026","4K @60Hz 4 x 1 HDMI® KVM Switch","","","","",""
"016.010.0001","10 Pair Loaded Voice Box","","","","",""
"040.060.0131","Preterm 6 Core MM OM4 Loosetube Drycore x 80m, 2mm oversleeving, 400mm stagger with LC-LC Terminations, pulling socks & on a drum","","","","",""
"BISFP-D-10-EXTI","Extreme Compatible 1.25G, BiDi SFP, TX-1490nm / RX-1310nm, 10KM Transceiver, LC Connector for SMF fibre with DDMI | Industrial temperature rated","","","","",""
"BISFP-D1-20-PLU","Plusoptic 1.25G, BiDi SFP, TX1550nm / RX1310nm, 20KM Transceiver, LC Connector for SMF with DOM","","","","",""
"DACSFP-10G-5M-HPA","HP Aruba Compatible DAC, SFP+ to SFP+, 10G, 5M, Passive Cable DACSFP+-5M-HPA","","","","",""
"FL.OM1LCLC2MB","2m LC-LC OM1 Multimode Fibre Optic Cable: Blue","","","","",""
"FL.OS2SCSC5MBL","5m SC-SC OS1 / OS2 Singlemode Fibre Optic Cable | Black","","","","",""
"MPOFF-OS2-5M-12","5m MPO-MPO 12F Single mode G652D Fiber Optic Cable | Yellow","","","","",""
"NDR-120-48","Mean Well | NDR-120-48 | 48V DIN Rail Power Supply 2.5A 120W","","","","",""
"SFP-1G-LX-FOR","Fortinet compatible (FG-TRAN-LX) 1.25G, SFP, 1310nm, 10KM Transceiver, LC Connector for SMF with DOM","","","","",""
"SFP-1G-LX20-PLU","Plusoptic 1.25G, SFP, 1310nm, 20KM Transceiver, LC Connector for SMF with DDMI","","","","",""
"TO-DC-5in1TESTER","5 In 1 Cable Tester","","","","",""
"UB.CKG2.RM","Ubiquiti | CKG2-RM | G2 Cloud Key Rackmount Kit","","","","",""
"US-ADD-090-060-270","Heavy Duty Storage Shelving 2700H x 900W x 600D Extension Kit","","","","",""
"002.001.4568","4Cabling 45RU 600mm Wide x 800mm Deep Server Rack","","","","",""
"002.004.2240","4Cabling 400mm Wide Cable Tray Suitable for 22RU Server Rack | 2 Pack","","","","",""
"002.008.0046","4Cabling 2RU Vertical Cable Management Rail | 30 Ring | 2 Pack","","","","",""
"002.015.0024","4Cabling Replacement 4 Way Fan Unit | Suitable for 4Cabling Outdoor Ventilated Freestanding Cabinets","","","","",""
"002.016.4581","4Cabling 45RU 800 x 1000 Premium Server Cabinet | NSW Department of Education Approved","","","","",""
"003.023.1560","Brother PT-E560BTVP | P Touch Industrial Handheld Labeller with BlueTooth","","","","",""
"004.002.9050","50m RJ45 CAT6 Ethernet Network Cable | Grey","","","","",""
"004.004.8004.50PACK","1.5m CAT6 Ultra Thin LSZH Ethernet Network Cable | 50 Pack Green","","","","",""
"004.300.3004.10PACK","1.5m CAT6A RJ45 S/FTP THIN LSZH 30 AWG Network Cable | 10 Pack White","","","","",""
"005.005.0015","Pay-TV Keystone F-Connector White - Pack of 10","","","","",""
"006.008.0015","TP-Link TL-SF1016: 16-port Unmanaged 10/100M Rackmount Ethernet Switch","","","","",""
"006.008.0132","TP-Link TL-SG1008MP | 8-port Gigabit Ethernet Switch with PoE+","","","","",""
"006.008.0169","TP-Link | SG3210 | Omada 8 Port Gigabit L2+ Managed Rackmount Switch with 2 SFP Slots","","","","",""
"007.003.0087","6 Core 14/0.20mm² Multi-Conductor PVC Security Cable | 250m White","","","","",""
"012.009.3300","Socomec NETYS PR RT 3300VA Tower / Rack UPS","","","","",""
"015.000.0092","OE Elsafe: IC Cable 5000mm: Black","","","","",""
"015.011.3100","0.5m LC-SC Flexi Boot OS1/OS2 Singlemode Fibre Optic Cable","","","","",""
"022.001.0040","RCA Stereo Audio Cable 1.8m","","","","",""
"040.000.0246","4C | Weatherproof Switch 2 Pole IP66 250V 20A","","","","",""
"040.000.0365","4C | C-Clip Mounting Bracket for Elegant Series - 50 pack","","","","",""
"040.050.0007","4C | Half Saddle Galvanized Steel 32mm | 50 Pack","","","","",""
"040.050.0029","4C | Right Angle Mounting Bracket Large 1.0mm Thickness | 25 Pack","","","","",""
"BISFP-D-20-WESI","Westermo compatible 1.25G, BiDi SFP, TX1490nm / RX1310nm, 20KM Transceiver, LC Connector for SMF with DOM | Industrial temperature rated","","","","",""
"DL.DGS.F1210.10PS.E","D-Link | DGS-F1210-10PS-E | 10 Port Gigabit Smart Managed PoE+ Switch with 8 Long Reach PoE Ports and 2 SFP Ports","","","","",""
"FL.OS2SCAPCSCAPC30MS","30m SC/A - SC/A OS2 / OS1 Singlemode Fibre Optic Simplex LSZH Patch Lead : 2mm Oversleeving | Yellow","","","","",""
"LE-5WSML-02C","LEVITON - Opt-X SDX Small Wall Mount Enclosure accepts up to 2 Components","","","","",""
"SFP-1G-LX-RUGI","Ruggedcom compatible 1.25G, SFP, 1310nm, 10KM Transceiver, LC Connector for SMF with DOM | Industrial temperature rated","","","","",""
"SG.ST10000VE001","Seagate | ST10000VE001 | 10TB SkyHawk 3.5"" SATA HDD, 6GB/S, 7200RPM","","","","",""
"TT.RUT956","Teltonika | RUT956 | Dual SIM Advanced 4G LTE CAT4 Industrial Router","","","","",""
"UB.UVC.G5.DOME","Ubiquiti | UVC-G5-Dome | UniFi Video Camera G5 Dome with IR and 30 FPS | 2K HD","","","","",""
"VIGI.JB.240","VIGI Network Camera Junction Box","","","","",""
"002.001.2280","4Cabling 22RU 600mm Wide x 800mm Deep Server Rack","","","","",""
"002.004.0029","Replacement : 4 Way Roof Mount Fan Unit suitable for 4Cabling 1000 Deep Standard Rack Range","","","","",""
"002.015.2286.V.G","22RU 800mm Wide x 600mm Deep Galvanized Steel OUTDOOR VENTILATED FREESTANDING Cabinet | IP45 Standard IEC 60529:2013 | Grey","","","","",""
"004.002.3002.50PACK","0.5m RJ45 CAT6 Ethernet Network Cable | 50 Pack White","","","","",""
"004.650.3000.10PACK","0.25m CAT6A THIN U/UTP LSZH 28 AWG RJ45 Network Cable | 10 Pack White","","","","",""
"006.008.0192","Omada 5-Port Gigabit Easy Managed Switch with 4-Port PoE+","","","","",""
"006.008.0195","Omada 10-Port Gigabit Easy Managed Switch with 8-Port PoE+","","","","",""
"006.008.9017","HDMI® Extender, 4K@ 30Hz Support, IR Repeat with HDMI Loop Through","","","","",""
"012.009.2200","Socomec NETYS PR RT 2200VA Tower / Rack UPS","","","","",""
"013.012.9013","Cable Cover - 90mm x 19mm x 2m: White","","","","",""
"015.001.0004","High-Quality Fibre Optic Stripper 3 Hole Strip | Diameter: 250 micron, 600-900 micron, 1.6 mm-3.0 mm","","","","",""
"022.000.0039","15M Stereo 3.5MM Plug to Plug","","","","",""
"040.0.0088.10PACK","4C | Elegant Wall Switch 4 Gang 250V 16A | Horizontal | 10 Pack with 10 FREE C-Clips","","","","",""
"040.0.0097.10PACK","4C | Elegant Single Power Point 250V 15A | Vertical | 10 Pack with 10 FREE C-Clips","","","","",""
"040.040.0439","4C | 32mm Corrugated Conduit Medium Duty White 25 meter/roll","","","","",""
"FL.OM1MTRJMTRJ1MR","1m MTRJ-MTRJ OM1 Multimode Fibre Optic Duplex LSZH Patch Lead : 2mm Oversleeving | RED","","","","",""
"FL.OM4SCSC05MBL","0.5m SC-SC OM4 Multimode Fibre Optic Patch Cable | Black","","","","",""
"FL.OM4SCST20M","20m SC-ST OM4 Multimode Fibre Optic Cable: Aqua","","","","",""
"FL.OM4STST20M","20m ST-ST OM4 Multimode Fibre Optic Cable | Aqua","","","","",""
"FL.OS2LCSC5MR","5m LC-SC OS1 / OS2 Singlemode Fibre Optic Cable | Red","","","","",""
"FL.OS2SCSC30M","30m SC-SC OS1 / OS2 Singlemode Fibre Optic Cable: Yellow","","","","",""
"LC-LC-OM1-0.5M-DX","Fibre Patch, LC-LC, OM1, 0.5M, Multimode Duplex","","","","",""
"LC-LC-OM3-5M-DX","Fibre Patch, LC-LC, OM3, 5M, Multimode Duplex","","","","",""
"LE-5R1UM-S03","LEVITON - Opt-X 1000I SDX 1RU FOBOT Enclosure w/Sliding Tray Empty(5R1UM-S03)Accepts up to (3) SDX adapter plates or (3) SDX MTP cassettes and accepts up to (3) splice trays","","","","",""
"SFP-10G-LR-CIS.TAA","Cisco compatible (SFP-10G-LR SFP-10G-LR-X SFP-10G-LR-S) 10G, SFP+, 1310nm, 10KM Transceiver, LC Connector for SMF with DOM. SFP-10G-LR-CIS TAA","","","","",""
"SFP-622M-2KM-CIS","Cisco compatible (ONS-SI-622-SR-MM) 622Mbps, SFP, 1310nm, 2KM Transceiver, LC Connector for MMF with DOM","","","","",""
"UB.UFP.VIEWPORT","Ubiquiti | Unifi UAP | UFP-Viewport | UniFi Protect ViewPort PoE HDMI adapter - Instantly View UniFi Protect Systems on your TV","","","","",""
"UB.UMR.ULTRA","Ubiquiti | UMR-Ultra | Ultra-compact Managed LTE Cat 4 Mobile Wi-Fi Router","","","","",""
"UB.UVC.AI.TURRET.WT","Ubiquiti | UVC-AI-Turret-W | UniFi Protect AI Turret 4K 8MP - WHITE","","","","",""
"002.001.4561","45RU 600mm Wide x 1070mm Deep Premium Server Rack","","","","",""
"002.015.1266.G","12RU 600mm Wide x 600mm Deep Galvanized Steel OUTDOOR Wall Mount Cabinet | IP65 Standard IEC 60529:2013 | Grey","","","","",""
"002.015.2786.V.G","27RU 800mm Wide x 600mm Deep Galvanized Steel OUTDOOR VENTILATED FREESTANDING Cabinet | IP45 Standard IEC 60529:2013 | Grey","","","","",""
"004.004.7003.50PACK","1m CAT6 Ultra Thin LSZH Ethernet Network Cable | 50 Pack Pink","","","","",""
"004.100.6050","50m CAT6A S/FTP LSZH Ethernet Network Cable | Yellow","","","","",""
"006.008.0184","TP-Link | TL-SG1005P-PD | 5 Port Gigabit Desktop Switch with 1 Port PoE++ In and 4 Port PoE+ Out","","","","",""
"006.008.0210","TP-Link | ES228GP | Omada 28 Port Gigabit Easy Managed Switch with 24 Port PoE+","","","","",""
"006.008.0403","TP-Link | IES206G | Omada 6 Port Gigabit Industrial Easy Managed Switch","","","","",""
"006.008.0404","TP-Link | IES206GPP | Omada 6 Port Gigabit Industrial Easy Managed Switch with 3 Port PoE+ and 1 Port PoE++","","","","",""
"006.008.9025","4K @60Hz 4 x 4 HDMI® Matrix Switch","","","","",""
"006.016.0059","TP-Link EAP660 HD| AX3600 WiFi 6 Wireless Dual Band Multi-Gigabit Ceiling Mount Access Point","","","","",""
"006.016.0114","TP-Link | EAP653 UR | Omada AX3000 Ceiling Mount Dual-Band Wi-Fi 6 Access Point ** PoE Injector not included **","","","","",""
"012.007.0010","APC Easy UPS SMV 750VA 230V | SMV750CAI","","","","",""
"012.007.0015","APC Easy UPS On-Line SRV RM 1000 VA 230V with Rail Kit | SRV1KRIRK","","","","",""
"012.009.0003","Socomec | NET-VISION8CARD | WEB ADAPTOR/SNMP CARD","","","","",""
"012.009.1700","Socomec NETYS PR RT 1700VA Tower / Rack UPS","","","","",""
"014.003.0003","30 Pair Distribution Box","","","","",""
"015.000.0090","OE Elsafe: IC Cable 4000mm: Black","","","","",""
"015.011.3105","5m LC-SC Flexi Boot OS1/OS2 Singlemode Fibre Optic Cable","","","","",""
"016.049.0006","OE Elsafe | PIP3 649006 | Mounted Desktop Power 2 x GPO 1 x TUFR 25W with 2000mm Lead and 10a Three Pin Plug | WHITE","","","","",""
"022.001.0035","Toslink Digital Fibre Cable 5m","","","","",""
"040.000.0265","4C | Industrial Straight Plug 250V 3 round Pin 20A","","","","",""
"040.040.0421","4C | 20mm Corrugated Conduit Medium Duty Grey 25 meter/roll","","","","",""
"040.040.0433","4C | 50mm Corrugated Conduit Heavy Duty Orange 10 meter/roll","","","","",""
"CA-AD-HAFMHCM","HDMI A type Female to Mini HDMI C type Male Adapter","","","","",""
"CC6GR-2.0","Green CAT6 Network Cable Patch Lead 2M","","","","",""
"DL.DES.F1006P.E","D-Link | DES-F1006P-E | 6 Port PoE Switch with (4 Long Reach 250m) PoE Ports and 2 Uplink Ports","","","","",""
"FL.OM1SCSC5MB","5m SC-SC OM1 Multimode Fibre Optic Cable | Blue","","","","",""
"FL.OS2LCAPCLCAPC10M","10m LC/APC-LC/APC OS1 / OS2 Singlemode Fibre Optic Duplex Patch Cable 2mm Oversleeving | Yellow","","","","",""
"FL.OS2SCST20M","20m SC-ST OS1 / OS2 Singlemode Fibre Optic Cable : Yellow","","","","",""
"LE-61110-JE6","LEVITON - eXtreme Cat 6 Unshielded Jack 110-Style 150PK with Tool - Black","","","","",""
"LE-FME2XHD-F012CSKVDU","LEVITON - E2XHD Engage MTP Cassette, (0.50dB), 12 Core, OM4, LC Shuttered (Heather Violet) to 1x12-fiber MTP (male), Universal Polarity, Black Latch","","","","",""
"LW-DLB-MACH-5AC","LigoWave | 5GHz Outdoor Wireless Bridge with 802.11ac for Mid-to-Long Range PTP and PTMP Scenarios in Harsh Environments","","","","",""
"QSFP-40G-LR4-PLU","Plusoptic 40G, QSFP+, 1310nm, 10KM Transceiver, LC Connector for SMF with DOM","","","","",""
"SFP-10G-SR-FIN","Finisar Compatible (FTLX8571D3BCL, FTLX8571D3BCV, FTLX8571D3BNL, FTLX8574D3BCL,FTLX1475D3BCL), 10G, SFP+, 850nm, 300M Transceiver, LC Connector for MMF with DOM","","","","",""
"SFP28-SR-DEL","Dell compatible 25G, SFP28, 850nm, 100M Transceiver, LC Connector for MMF with DOM","","","","",""
"UB.UDB","Ubiquiti | UDB | UniFi Device Bridge","","","","",""
"UB.UDB.PRO","Ubiquiti | UDB-Pro | UniFi Device Bridge Pro","","","","",""
"UB.UDR.5G.MAX","Ubiquiti | UDR-5G-Max | UniFi Dream Router 5G Max, Desktop Cloud Gateway, Full-Performance 5G, 3.4 Gbps, WiFi 7, 10G SFP+4-Port 2.5 GbE switch (1) PoE Port,SD Card Storage","","","","",""
"UB.USW.16.POE","Ubiquiti UniFi USW-16-POE | UniFi 16 Port Gigabit Switch 8 PoE and 2 SFP","","","","",""
"UB.USW.ULTRA.42W","Ubiquiti | USW-Ultra | 42W Compact 8 Port Layer 2 GbE PoE Switch, Versatile Mounting, 7 GbE PoE+ Output, 1 GbE Port, ** PSU not included **requires U.POE.BT (U-PoE++ )","","","","",""
"UB.UVC.G4.IREXTEND","Ubiquiti UniFi Video Camera IR Range Extender for UniFi Protect G4 Bullet Camera | UVC-G4-IREXTEND","","","","",""
"US-KIT-150-030-240","Heavy Duty Storage Shelving 2400H x 1500W x 300D","","","","",""
"002.001.2410.SP","4Cabling 24RU 747mm Wide x 1040mm Deep Soundproof Server Rack","","","","",""
"002.004.5037","Vertical PDU Mounting Rails | Suitable for 37RU Freestanding Cabinet | 2 Pack","","","","",""
"002.009.1930","Spiral Binding Cable Wrap - 30.5m x 19mm: Natural","","","","",""
"004.004.7001.50PACK","0.25m CAT6 Ultra Thin LSZH Ethernet Network Cable | 50 Pack Pink","","","","",""
"004.300.3000.50PACK","0.25m CAT6A RJ45 S/FTP THIN LSZH 30 AWG Network Cable | 50 Pack White","","","","",""
"006.008.0164","TP-Link TL-SF1005LP | 5 Port 10/100 Mbps Desktop Switch with 4 Port PoE","","","","",""
"006.008.0401","TP-Link | IES210GPP | Omada 10 Port Gigabit Industrial Easy Managed Switch with 6 Port PoE+ and 2 Port PoE++","","","","",""
"016.048.0501","OE Elsafe | PIP2 648501 | Mounted Desktop Power 1 x GPO 1 x TUF-R 25W with 2000mm Lead and 10a Three Pin Plug | WHITE","","","","",""
"017.121.0302","Fibre Optic Kevlar® Shears","","","","",""
"040.0.0095.10PACK","4C | Elegant Single Power Point 250V 10A | Vertical | 10 Pack with 10 FREE C-Clips","","","","",""
"040.000.0013","4C | Classic Single Power Point 250V 10A - Horizontal","","","","",""
"040.000.0299.10PACK","4C | Classic 5 Gang Switch 250V 16AX - Vertical - 10 Pack with 10 FREE C-Clips","","","","",""
"040.060.0132","6 Core OS2 Loosetube Drycore x 60m, 2mm oversleeving, 400mm stagger with LC-LC Terminations, pulling socks & on a drum","","","","",""
"AL-AP6-PRO-OUTDOOR","Alta Labs | AP6 Pro Outdoor, IP 68, WiFi 6 with WiFi 7 benefits, 4x4, Cloud Managed","","","","",""
"BISFP-D-20-RUGI","RUGGEDCOM compatible 1.25G, BiDi SFP, TX1490nm / RX1310nm, 20KM Transceiver, LC Connector for SMF with DOM | Industrial temperature rated","","","","",""
"FL.OS2LCLC10MP","10m LC-LC OS1 / OS2 Singlemode Fibre Optic Cable: Salmon Pink","","","","",""
"IVNC531XB","IVSEC BULLET IP CAMERA, 8MP, 2.8MM-12MM MOTORISED LENS, 20FPS, POE, IP66, 45M IR, IVSNC531XB","","","","",""
"LE-FME2XHD-A012CSKLDU","LEVITON - E2XHD ENTERPRISE (0.50db IL) 12F OS2 MTP-LC SHUT (BLUE) UNIVERSAL POLARITY","","","","",""
"SFP100FELX-CISI","Cisco compatible 100Base SFP 100Mbps Transceiver for SMF with a reach of 10KM. Fully compliant with Cisco | Industrial temperature rated","","","","",""
"TT.PR1KCO28","Teltonika | PR1KCO28 | Combo MIMO Mobile / GNSS / WiFi Roof SMA Antenna","","","","",""
"TT.PR1KS210","Teltonika | PR1KS210 | Mobile Magnetic SMA Antenna","","","","",""
"UB.UACC.AD.AC.210W","Ubiquiti | UACC-Adapter-AC-210W | AC power adapter delivers 210W at 54V DC for a PoE switch","","","","",""
"US-KIT-090-030-240","Heavy Duty Storage Shelving 2400H x 900W x 300D","","","","",""
"US-KIT-1000-060-200","Heavy Duty Storage Shelving 2000H x 10000W x 600D","","","","",""
"ZSH-090-060","0.90m x 0.60m Shelves White Set of 4 (4 bays)","","","","",""
"002.001.3296","4Cabling 32RU 600mm Wide x 1000mm Deep Server Rack","","","","",""
"002.002.0017","4Cabling Mesh Front Door for 18RU 600mm Wide Wall Mount Server Racks","","","","",""
"002.015.0966.G","9RU 600mm Wide x 600mm Deep Galvanized Steel OUTDOOR Wall Mount Cabinet | IP65 Standard IEC 60529:2013 | Grey","","","","",""
"004.002.1017","2.5m RJ45 CAT6 Ethernet Network Cable | Red","","","","",""
"004.002.3005.50PACK","2m RJ45 CAT6 Ethernet Network Cable | 50 Pack White","","","","",""
"004.004.4016.10PACK","0.75m CAT6 Ultra Thin LSZH Ethernet Network Cable | 10 Pack Purple","","","","",""
"004.300.2005.50PACK","2m CAT6A RJ45 S/FTP THIN LSZH 30 AWG Network Cable | 50 Pack Black","","","","",""
"005.004.0205","USB 3.1 Type-C Male to DisplayPort & HDMI® Converter | 20cm","","","","",""
"006.008.0089","TP-Link | SG3428MP | Omada 28 Port Gigabit L2 Managed Rackmount Switch with 24 Port PoE+","","","","",""
"006.008.1005","TP-Link TL-SF1005P 5-Port 10/100Mbps Desktop Switch with 4-Port PoE","","","","",""
"015.001.0020","Fibre Optic Fusion Splicer | 6 motor Core Alignment","","","","",""
"022.009.4510","Detachable 10m Premium High Speed HDMI® cable with Ethernet | Active Optical Cable | AOC cable | Supports 4K@60Hz as specified in HDMI 2.0","","","","",""
"040.0.0093.10PACK","4C | Elegant Wall Switch 6 Gang 250V 16A - Vertical - 10 Pack with 10 FREE C-Clips","","","","",""
"040.040.0425","4C | 32mm Corrugated Conduit Medium Duty Grey 25 meter/roll","","","","",""
"040.050.0012","4C | BP Cable Connector Double Screw for 2 x 16mm² Cables | 10 Pack","","","","",""
"040.060.0115","6 Core OS2 Indoor / Outdoor Riser x 100m, 2mm oversleeving, 400mm stagger with LC-LC Terminations, pulling socks & on a drum","","","","",""
"040.060.0136","12 Core MM OM4 Loosetube Drycore x 80m, 2mm oversleeving, 400mm stagger with LC-LC Terminations, pulling socks & on a drum","","","","",""
"FL.OM1SCSC10MB","10m SC-SC OM1 Fibre Optic Cable Duplex LSZH Patch Lead | Blue","","","","",""
"FL.OM1SCST5M","5m SC-ST OM1 Multimode Fibre Optic Cable: Orange","","","","",""
"FL.OS2SCSC1MR","1m SC-SC OS1 / OS2 Singlemode Fibre Optic Cable: Red","","","","",""
"LE-69586-B24","LEVITON - 24 Port 1U Cat 6 UTP 110-Style Patch Panel with Earthing and CMC","","","","",""
"NOV.RJ45.24CAT6","Novaris | RJ45-24CAT6 | Data LAN Protector, 24 Port, RJ45 Connectors, for 1000BaseT, CAT6 & PoE - 2RU 19"" Rack Mount","","","","",""
"SFP-10G-LRM-HP","HP / Aruba compatible (J9152A) 10G, SFP+, 1310nm, 220M Transceiver, LC Connector for MMF with DOM","","","","",""
"SFP-1G-2KM-PLU","Plusoptic 1.25G, SFP, 1310nm, 2KM Transceiver, LC Connector for MMF with DOM","","","","",""
"TT.RUT906","Teltonika | RUT906 | Dual SIM 4G LTE RS232 / RS485 Industrial Cellular Router","","","","",""
"UB.AMO.5G13","Ubiquiti | AirMAX Antenna | AMO-5G13 | 5GHz AirMAX Dual Omni Directional 13dBi Antenna","","","","",""
"UB.UCG.INDUSTRIAL","Ubiquiti | UCG-Industrial | UniFi Cloud Gateway Industrial","","","","",""
"UB.UVC.AI.PRO.WT","Ubiquiti | UVC-AI-Pro | UniFi Protect Camera 4K (8MP) 3x Optical Zoom IR AI Pro | White","","","","",""
"UB.UVC.G4.DB.PRO.PK","Ubiquiti | UVC-G4-DoorBell Pro PoE Kit | UniFi Protect, 2MP Camera, Secondary 2MP Package Camera, IR Up To 6m, Includes PoE Chime, Doorbell is PoE | Black","","","","",""
"US-KIT-1200-060-200","Heavy Duty Storage Shelving 2000H x 12000W x 600D","","","","",""
"US-M-2000-600-2000","Metal Shelving 2000H x 2000W x 600D Bolted Set","","","","",""
"US-MKIT-200-060-200","Heavy Duty Mobile Shelving 2000H x 2000W x 600D","","","","",""
"US-MKIT-200-060-240","Heavy Duty Mobile Shelving 2400H x 2000W x 600D","","","","",""
"US-MKIT-200-060-270","Heavy Duty Mobile Shelving 2700H x 2000W x 600D","","","","",""
"VIGI.S455","VIGI 5MP Full-Colour Turret Network Camera","","","","",""
"002.001.2780","4Cabling 27RU 600mm Wide x 800mm Deep Server Rack","","","","",""
"002.002.0845","Mesh Door for 4Cabling 45RU 800mm Wide Server Racks","","","","",""
"002.004.5047","Vertical PDU Mounting Rails | Suitable for 47RU Freestanding Cabinet | 2 Pack","","","","",""
"004.002.3002.10PACK","0.5m RJ45 CAT6 Ethernet Network Cable | 10 Pack White","","","","",""
"006.008.0034","TP-Link TL-SG1024DE: 24-Port Gigabit Easy Smart Ethernet Switch","","","","",""
"006.008.0090","TP-Link | SG3452P | Omada 52 Port Gigabit L2+ Managed Rackmount Switch with 48 Port PoE+, 384W PoE Budget","","","","",""
"006.008.0136","TP-Link TL-SG1016 | 16 port Gigabit Switch with 1U 19-inch rack-mountable steel case","","","","",""
"006.008.0143","TP-Link | SG3428XMP | Omada 24 Port Gigabit and 4 Port 10GE SFP+ L2+ Managed Rackmount Switch with 24 port PoE+","","","","",""
"006.016.0060","TP-Link EAP620 HD | AX1800 WiFi 6 Wireless Dual Band Ceiling Mount Access Point","","","","",""
"007.003.0017","4 Core 14/0.20mm² Unshielded, 300m Security Cable - White","","","","",""
"007.003.0074","2 Pair 7/0.25 Individually Screened Data Cable | Easy Pull Box | 300m Grey","","","","",""
"010.003.0002U","Australian Style Cat 5E RJ45 Jack. Universal Termination. 50 Pack. White","","","","",""
"015.004.0035","96 Fibre FOBOT Dome Closure | IP68 Rated","","","","",""
"015.006.4225","25m LC-SC OM4 Multimode Fibre Optic Cable: 3mm Oversleave | Aqua","","","","",""
"040.000.0315.10PACK","4C | Classic Double Power Point 250V 10A with 16AX Extra Switch - Vertical - 10 Pack with 10 FREE C-Clips","","","","",""
"040.040.0400","4C | Grey Bend 25mm - 20 Pack","","","","",""
"040.060.0121","12 Core MM OM4 Loosetube Drycore x 100m, 2mm oversleeving, 400mm stagger with LC-LC Terminations, pulling socks & on a drum","","","","",""
"AL-CONTROL","Alta Labs | Hardware Network Controller, manage up to 1000 Alta Labs devices","","","","",""
"BISFP-D-40-PLU","Plusoptic 1.25G, BiDi SFP, TX1490nm / RX1310nm, 40KM Transceiver, LC Connector for SMF with DOM","","","","",""
"BISFP-U-20-HUA","Huawei compatible (0231A11V SFP-GE-LX-SM1490-BIDI) 1.25G, BiDi SFP, TX1310nm / RX1490nm, 20KM Transceiver, LC Connector for SMF with DOM","","","","",""
"FL.OM1SCSC30M","30m SC-SC OM1 Multimode Fibre Optic Cable | Orange","","","","",""
"FL.OM4SCSC3MBL","3m SC-SC OM4 Multimode Fibre Optic Patch Cable | Black","","","","",""
"NDR-480-24","Mean Well | NDR-480-24 | 24V DIN Rail Power Supply 20A 480W","","","","",""
"NDR-480-48","Mean Well | NDR-480-48 | 48v DIN Rail Power Supply 10A 480W","","","","",""
"NDR-75-48","Mean Well | NDR-75-48 | 48V DIN Rail Power Supply Output: 48V / 1.6A (75W)","","","","",""
"SC-ST-OM1-15M-DX","Fibre Patch, SC-ST, OM1, 15M, Multimode Duplex","","","","",""
"SFP-1G-LX-FIN","Finisar compatible (FTLF1318P3BTL) 1.25G, SFP, 1310nm, 10KM Transceiver, LC Connector for SMF with DDMI","","","","",""
"TT.RUT361","Teltonika | RUT361 | Compact 4G LTE Cat 6 Industrial Router","","","","",""
"TT.TRB140AU","Teltonika | TRB140 | Industrial Ethernet to 4G LTE IoT Gateway","","","","",""
"UB.U6.IW","Ubiquiti UniFi Access Point | U6-IW | UniFi Wi-Fi 6 In-Wall access point with a built-in PoE switch","","","","",""
"UB.UCG.FIBER","Ubiquiti | UniFi Cloud Gateway Fiber","","","","",""
"UB.UK.ULTRA","Ubiquiti | UK-Ultra | Swiss Army Knife Ultra Compact Indoor / Outdoor PoE Access Point","","","","",""
"UB.USW.FLEX.2.5G5","Ubiquiti | USW-Flex-2.5G-5 | UniFi Compact 5 Port Gigabit Desktop Switch, 4 x 2.5 GbE ports, 1 x 2.5 GbE PoE input port for power","","","","",""
"UB.USW.PRO.MAX.24POE","Ubiquiti | USW-Pro-Max-24-PoE | UniFi 24 Port (8x 2.5G PoE++ Ports, 8x 1G PoE+ Ports and 8x 1G PoE++ Ports) Pro Max Layer 3 Etherlighting Switch, with 2 SFP+ Ports, 400W total PoE availability","","","","",""
"UB.UVC.UNVR","Ubiquiti UniFi Protect Network Video Recorder | UNVR 4x 3.5"" HD Bays","","","","",""
"US-ADD-150-060-270","Heavy Duty Storage Shelving 2700H x 1500W x 600D Extension Kit","","","","",""
"WT05018153001","WERA 840 S Hex-Plus 6,0 x 70 mm","","","","",""
"002.001.1810.SP","4Cabling 18RU 747mm Wide x 1040mm Deep Soundproof Server Rack","","","","",""
"004.002.3004.50PACK","1.5m RJ45 CAT6 Ethernet Network Cable | 50 Pack White","","","","",""
"005.002.0051","RJ12 6P6C Crimp Plugs 10 Pack","","","","",""
"006.008.0128","TP-Link TL-SG116E | 16 port Gigabit Unmanaged Pro Switch","","","","",""
"006.008.0135","TP-Link TL-SG1024D | 24 port Gigabit Switch","","","","",""
"006.008.0402","TP-Link | IES208G | Omada 8 Port Gigabit Industrial Easy Managed Switch","","","","",""
"006.016.0056","TP-Link TL-ER605 |Omada SafeStream Gigabit Multi-WAN VPN Router","","","","",""
"006.016.0095","TP-Link | EAP650-Outdoor | Omada AX3000 Indoor/Outdoor Dual-Band Wi-Fi 6 Access Point","","","","",""
"008.008.1008","8 Way Splitter F Type 5-2400MHz All Ports Power Pass **DC ONLY**","","","","",""
"010.004.0011","CAT6 RJ45 Keystone Jack with Dust Shutter 90° | 10 Pack White","","","","",""
"015.031.0002","OE Elsafe: PB Series 2 GPO Black Frame and Faceplates","","","","",""
"016.048.0500","OE Elsafe | PIP2 648500 | Mounted Desktop Power 1 x GPO 1 x TUF-R 25W with 2000mm Lead and 10a Three Pin Plug | BLACK","","","","",""
"040.000.0129","4C | Extension Socket IP66 250V 10A 3Flat Pin","","","","",""
"040.050.0001","4C | Full Saddle Galvanized Steel 20mm | 100 Pack","","","","",""
"040.060.0139","12 Core OS2 Loosetube Drycore x 250m, 2mm oversleeving, 400mm stagger with LC-LC Terminations, pulling socks & on a drum","","","","",""
"BISFP-D-20-HP","HP / Aruba compatible (J9143B J9143C) 1.25G, BiDi SFP, TX1490nm / RX1310nm, 20KM Transceiver, LC Connector for SMF with DOM","","","","",""
"BISFP-U-40-PLU","Plusoptic 1.25G, BiDi SFP, TX1310nm / RX1490nm, 40KM Transceiver, LC Connector for SMF with DOM","","","","",""
"FL.OM4SCSC15M","15m SC-SC OM4 Multimode Fibre Optic Cable: Aqua","","","","",""
"FL.OM4SCSC5MBL","5m SC-SC OM4 Multimode Fibre Optic Patch Cable | Black","","","","",""
"FL.OS2SCST5M","5m SC-ST OS1 / OS2 Singlemode Fibre Optic Cable : Yellow","","","","",""
"LE-49256-D48","LEVITON - 1RU 48 Port Angled QUICKPORT Panel Black","","","","",""
"LE-E2XHD-BRK","LEVITON - e2XHD Cassette bracket only without Jacks","","","","",""
"MTRJ-SC-OM1-10M-DX","Fibre Patch, MTRJ-SC, OM1, 10M, Multimode Duplex","","","","",""
"SFP-1G-LX-DLI","D-Link compatible (DEM-310GT) 1.25G, SFP, 1310nm, 10KM Transceiver, LC Connector for SMF with DOM","","","","",""
"SFP-1G-LX20-PLUI","Plusoptic 1.25G, SFP, 1310nm, 20KM Transceiver, LC Connector for SMF with DDMI | Industrial temperature rated","","","","",""
"SFP-T-PLUI","Plusoptic 1.25G, Copper SFP, 100M Transceiver, RJ-45 Connector for Copper | Industrial temperature rated","","","","",""
"SFP28-LR-HP","HP / Aruba compatible 25G, SFP28, 1310nm, 10KM Transceiver, LC Connector for SMF","","","","",""
"SFPFC-8G-LR-PLU","Plusoptic 8G, Fibre Channel SFP+, 1310nm, 10KM Transceiver, LC Connector for SMF with DOM","","","","",""
"TT.PR1KCL28","Teltonika | PR1KCL28 | Combo Quad Mobile / GNSS Roof SMA Antenna","","","","",""
"TT.PR4MK04K","Teltonika | PR4MK04K | 4 Pin Plug with Contact Terminals","","","","",""
"TT.TSW110","Teltonika | TSW110 | 5 Port Industrial L2 Unmanaged Gigabit Switch, non-PoE, Plug-N-Play","","","","",""
"UB.UDM.PRO.MAX","Ubiquiti | UDM-PRO-MAX | UniFi Dream Machine Pro Max","","","","",""
"UB.USP.RPS","Ubiquiti | Accessories | USP-RPS | UniFi SmartPower Redundant Power System","","","","",""
"US-ADD-120-030-200","Heavy Duty Storage Shelving 2000H x 1200W x 300D Extension Kit","","","","",""
"US-KIT-1400-060-200","Heavy Duty Storage Shelving 2000H x 14000W x 600D","","","","",""
"US-KIT-600-060-270","Heavy Duty Storage Shelving 2700H x 6000W x 600D","","","","",""
"VIGI.S345.4G.4MM","VIGI 4MP Outdoor Full-Colour 4G Bullet Network Camera","","","","",""
"002.004.5018","Vertical PDU Mounting Rails | Suitable for 18RU Freestanding Cabinet | 2 Pack","","","","",""
"002.016.4566","4Cabling 45RU 600 x 600 Premium Server Cabinet | NSW Department of Education Approved","","","","",""
"004.004.3007.10PACK","5m CAT6 Ultra Thin LSZH Ethernet Network Cable | 10 Pack White","","","","",""
"004.004.9018.10PACK","4m CAT6 Ultra Thin LSZH Ethernet Network Cable | 10 Pack Grey","","","","",""
"004.300.3005.50PACK","2m CAT6A RJ45 S/FTP THIN LSZH 30 AWG Network Cable | 50 Pack White","","","","",""
"004.650.2000.50PACK","0.25m CAT6A THIN U/UTP LSZH 28 AWG RJ45 Network Cable | 50 Pack Black","","","","",""
"004.650.2002.10PACK","0.15m CAT6A THIN U/UTP LSZH 28 AWG RJ45 Network Cable | 10 Pack Black","","","","",""
"004.650.7016.50PACK","0.75m CAT6A THIN U/UTP LSZH 28 AWG RJ45 Network Cable | 50 Pack Grey","","","","",""
"006.008.0026","TP-Link TL-SF1016D:16 Port 10/100 Ethernet Desktop Switch","","","","",""
"006.008.1023","HDMI® & USB Extender Over 2 x CAT5E / CAT6","","","","",""
"006.008.7020","KVM 1RU Rackmount Console w/ 19"" Monitor: 1-Port VGA","","","","",""
"006.016.0105","TP-Link | EAP215-Bridge KIT | Omada 5GHz 867Mbps Long-Range Indoor/Outdoor Wireless Bridge","","","","",""
"015.002.0002","SC OM1 Multimode Through Coupler SIMPLEX","","","","",""
"015.004.0041","6 Port Sc Duplex / LC Quad FOBOT DIN Mini Frontplate | Suitable for 015.004.0011","","","","",""
"030.000.0120","Olight i1r 2 Pro EOS 180 Lumen USB-C Rechargeable Keyring Torch","","","","",""
"040.000.0153","4C | Combination Switched socket 4Pin IP66 500V 32A","","","","",""
"040.000.0300.10PACK","4C | Classic 6 Gang Switch 250V 16AX - Vertical - 10 Pack with 10 FREE C-Clips","","","","",""
"040.050.0031","4C | Square Render Mounting Bracket for Elegant 0.8mm Thickness - 15 Pack","","","","",""
"BISFP-U-20-WESI","Westermo compatible 1.25G, BiDi SFP, TX1310nm / RX1490nm, 20KM Transceiver, LC Connector for SMF with DOM | Industrial temperature rated","","","","",""
"DACQSFP-5M-PLU","Plusoptic DAC, QSFP+ to QSFP+, 40G, 5M, Twinax Cable","","","","",""
"DACSFP-10G-7M-CIS","Cisco compatible 10G DAC with SFP+ to SFP+ connectors, 7M, Twinax, Passive Cable | Plusoptic DACSFP+-7M-CIS","","","","",""
"DL.DIS.F200G.10PS.E","D-Link | DIS-F200G-10PS-E | 10 Port Gigabit Industrial Smart Managed PoE+ Switch with 8 PoE Ports and 2 SFP Ports ** PSU NDR-480-48 Not Included **","","","","",""
"FL.OM1SCSC20M","20m SC-SC OM1 Multimode Fibre Optic Cable | Orange","","","","",""
"IV2433X","IVSEC LARGE ADAPTOR BOX FOR PENDANT IV2444X OR WALL MOUNT IV2455X (NC312*, NC512*)IV2433X","","","","",""
"IV2444X","IVSEC PENDANT MOUNT FOR USE WITH IV2433X or IV2466 JUNCTION BOX IV2444X","","","","",""
"MPO-OM4-LC-12M-12","MPO Cable Indoor Riser MM OM4 12 Core - MPO Female to LC Duplex Fanout 10m Type B","","","","",""
"SC-ST-OM1-20M-DX","Fibre Patch, SC-ST, OM1, 20M, Multimode Duplex","","","","",""
"SFP-100FE-LX-CIS","Cisco compatible (GLC-FE-100LX ONS-SE-100-LX10 ONS-SI-100-LX10 TN-GLC-FE-100LX) 100Mbps, 100Base SFP, 1310nm, 10KM Transceiver, LC Connector for SMF with DOM","","","","",""
"SFP-OC3-FE-MM-2KM-PLUI","Plusoptic SFP Transceiver with LC connector for ATM, FDDI, Fast Ethernet and SONET OC-3/SDH STM-1, 125Mb / 155Mb | Industrial temperature rated","","","","",""
"TT.PR320AUA","Teltonika | PR320AUA | 2 Pin AU Power Supply Unit 250W | Suitable for TSW200","","","","",""
"TT.PR3PUAU3","Teltonika | PR3PUAU3 | 4 Pin Replacement AU Power Supply Unit 9W","","","","",""
"TT.PR5MEC23","Teltonika | PR5MEC23 | DIN Rail Adaptor Kit","","","","",""
"TT.RUT901","Teltonika | RUT901 | Dual SIM 4G LTE Industrial Cellular Router","","","","",""
"TT.RUTX11","Teltonika | RUTX11 | Dual SIM 4G LTE-A Professional Industrial CAT6 Cellular IoT Router","","","","",""
"TT.TRB255","Teltonika | TRB255 | Dual SIM M2M LTE Cat-M1/NB-IoT Industrial Gateway","","","","",""
"UB.UACC.PRO.MAX.16.RM","Ubiquiti | UACC-Pro-Max-16-RM | UniFi USW-Pro-Max-16 Rack Mount Kit","","","","",""
"UB.USW.PRO.HD.24POE","Ubiquiti | USW-Pro-HD-24-PoE | UniFi 24 Port (2x 10G PoE++ Ports, 22x 2.5G PoE++ Ports) Pro HD 24 Layer 3 Etherlighting Switch, with 4 SFP+ Ports","","","","",""
"UB.USW.PRO.MAX.16N","Ubiquiti | USW-Pro-Max-16 | UniFi 16 Port (4x 2.5G Ports, 12x 1G Ports) Pro Max Layer 3 Etherlighting Switch, with 2 SFP+ Ports, non-PoE","","","","",""
"UB.USW.PRO.XG.8POE","Ubiquiti | USW-Pro-XG-8-PoE | UniFi 8 Port 10G PoE++ Layer 3 Etherlighting Switch, with 2 SFP+ Ports","","","","",""
"UB.UXG.LITE","Ubiquiti | UniFi Gateway Lite | UXG-Lite | Compact, 1 x GbE WAN, 1 x GbE LAN","","","","",""
"UB.WAVE.AP","Ubiquiti | UISP Wave AP | Wave-AP | 60GHz and 5GHz PtMP Wave Access Point","","","","",""
"VIGI.S485PI","VIGI 8MP IR Panoramic Turret Network Camera","","","","",""
"XFP-10G-LR-PLU","Plusoptic 10G, XFP, 1310nm, 10KM Transceiver, LC Connector for SMF with DOM","","","","",""
"002.002.0022","Mesh Door for 4Cabling 22RU Free Standing Server Racks 600mm Wide","","","","",""
"002.015.0966","4Cabling 9RU 600mm Wide x 600mm Deep Grey Outdoor Wall Mount Cabinet | IP65","","","","",""
"004.002.2004.10PACK","1.5m RJ45 CAT6 Ethernet Network Cable | 10 Pack Black","","","","",""
"004.650.7017.10PACK","2.5m CAT6A THIN U/UTP LSZH 28 AWG RJ45Network Cable | 10 Pack Grey","","","","",""
"005.001.2024","USB Type-C 3-Port Hub & Gigabit Ethernet Adapter","","","","",""
"006.008.0074","Omada 25GBase-SR SFP28 LC Transceiver","","","","",""
"006.008.0094","TP-Link | POE10R | Omada PoE Splitter Adapter, IEEE 802.3af compliant","","","","",""
"006.008.0107","TP-Link | SM321A-2 | Omada Gigabit Single-Mode WDM Bi-Directional - SFP Module, LC Connector, TX:1550nm/RX:1310nm, Single-mode, 2km","","","","",""
"006.008.0124","TP-Link TL-SG3428 | JetStream 24-Port Gigabit L2+ Managed Omada Switch","","","","",""
"006.008.0149","TP-Link TL-SG1210MPE |10 Port Gigabit Easy Smart Switch with 8 port PoE+","","","","",""
"006.008.0196","TP-Link | ES208G | Omada 8 Port Gigabit Easy Managed Switch","","","","",""
"006.008.0206","TP-Link | SG2206MP | Omada Access 6 Port Gigabit RJ45 ports | (5 Gigabit Ports with 4× PoE+) and 1× SFP slot","","","","",""
"006.016.0048","TP-Link OC200 |Omada Cloud Controller","","","","",""
"006.016.0106","TP-Link | EAP211-Bridge KIT | Omada 5GHz 867Mbps Indoor/Outdoor Wireless Bridge","","","","",""
"011.165.1150","Thor 7 Outlet Smart Filter Surge Protected Power Board","","","","",""
"011.180.0058","5m IEC C19 to Mains Power Cable 15A Black","","","","",""
"040.0.0082.10PACK","4C | Elegant Wall Switch 1 Gang 250V 16A - Horizontal - 10 Pack with 10 FREE C-Clips","","","","",""
"040.000.0078","4C | Ultima Single Power Point 250V 15A | Vertical","","","","",""
"040.040.0422","4C | 20mm Corrugated Conduit Medium Duty Grey 50 meter/roll","","","","",""
"040.060.0119","12 Core MM OM4 Indoor / Outdoor Riser x 100m, 2mm oversleeving, 400mm stagger with LC-LC Terminations, pulling socks & on a drum","","","","",""
"040.060.0137","12 Core OS2 Loosetube Drycore x 80m, 2mm oversleeving, 400mm stagger with LC-LC Terminations, pulling socks & on a drum","","","","",""
"DL.DES.F1010P.E","D-Link | DES-F1010P-E | 10 Port PoE Switch with (8 Long Reach 250m) PoE Ports and 2 Uplink","","","","",""
"FL.OM1SCSC2MB","2m SC-SC OM1 Multimode Fibre Optic Cable: Blue","","","","",""
"FL.OM1SCSC2MP","2m SC-SC OM1 Multimode Fibre Optic Cable | Salmon Pink","","","","",""
"FL.OM4SCSC05MR","0.5m SC-SC OM4 Multimode Fibre Optic Patch Cable | Red","","","","",""
"FL.OM4SCSC2M","2m SC-SC OM4 Multimode Fibre Optic Cable | Aqua","","","","",""
"IV2466X","IVSEC SMALL ADAPTOR BOX IV2444X or IV2455X (NC110*, NC323*, NC317*, NC305*) IV2466X","","","","",""
"LE-VPK-S2TLC1200-02","LEVITON - Pigtail Kit, OS2 Singlemode TIA Colors 1-12, 900 Micron Tight Buffer LSZH, LC/UPC, 2 Meters, Sustainably Smart Packaging","","","","",""
"NOV.RJ45.16CAT6","Novaris | RJ45-16CAT6 | Data LAN Protector, 16 Port, RJ45 Connectors, for 1000BaseT, CAT6 & PoE - 2RU 19"" Rack Mount","","","","",""
"OLIGHT.1R2EOS","Olight i1r 2 EOS 150 Lumen USB Rechargeable Keyring Torch","","","","",""
"SFP-10G-LRM-PLU","Plusoptic 10G, SFP+, 1310nm, 220M Transceiver, LC Connector for MMF with DOM","","","","",""
"SFP-10G-SR-JUN","Juniper compatible (EX-SFP-10GE-SR EX-SFP-10GE-USR QFX-SFP-10GE-SR QFX-SFP-10GE-USR SFPP-10GE-SR) 10G, SFP+, 850nm, 300M Transceiver, LC Connector for MMF with DOM","","","","",""
"SFP-T-H3C","HP / H3C compatible (JD089B JD488A) 1000Mbps, Copper SFP, 100M Transceiver, RJ-45 Connector for Copper","","","","",""
"SFPFC4-550M-PLU","Plusoptic 4.25G, Fibre Channel SFP, 850nm, 550M Transceiver, LC Connector for MMF with DOM","","","","",""
"TT.PR2PD01B","Teltonika | PR2PD01B | 4 Pin to Barrel Socket Adapter","","","","",""
"TT.RUT271","Teltonika | RUT271 | Redcap 5G Compact Industrial Router","","","","",""
"TT.RUT951","Teltonika | RUT951 | Dual SIM 4G LTE CAT4 Industrial Cellular Router","","","","",""
"TT.RUT976","Teltonika | RUT976 | Redcap Dual SIM 5G Compact Industrial Router","","","","",""
"TT.TRB501","Teltonika | TRB501 | 5G Industrial Gateway, backwards compatible with 4G (LTE CAT 20) and 3G, up to 2.5 Gbps","","","","",""
"UB.R5AC.LITE","Ubiquiti | AirMAX AC BaseStation | R5AC-LITE | Rocket 5AC PtMP Lite","","","","",""
"UB.UA.INTERCOM.VIEW","Ubiquiti | UA-Intercom-Viewer | Intercom Viewer, Display Pairs With Access Intercom For Visitor Screening & Remote Access Control, Allow Multiple Locations, PoE","","","","",""
"UB.UACC.FLEX.UTILITY.PRO","Ubiquiti | UACC-Flex-Utility-Pro | Outdoor weatherproof enclosure designed for use with the UniFi Switch USW-Flex range and USW-Ultra range","","","","",""
"UB.USW.AGGREGATION","Ubiquiti UniFi 8-port 10G SFP+ Aggregation Switch, Layer 2 Switch, Fanless","","","","",""
"UB.UVC.UNVR.PRO","Ubiquiti UniFi Protect Network Video Recorder | UNVR-PRO 7x 3.5"" HD Bays","","","","",""
"UB.WAVE.LR","Ubiquiti | Wave-LR | UISP Wave Long-Range 60GHz + 5GHz PtMP Station","","","","",""
"US-COMP-H-060","Half Space Maximiser Kit","","","","",""
"US-KIT-120-030-200","Heavy Duty Storage Shelving 2000H x 1200W x 300D","","","","",""
"US-KIT-1600-060-200","Heavy Duty Storage Shelving 2000H x 16000W x 600D","","","","",""
"US-M-1500-600-2000","Metal Shelving 2000H x 1500W x 600D Bolted Set","","","","",""
"XFP-10G-SR-PLU","Plusoptic 10G, XFP, 850nm, 300M Transceiver, LC Connector for MMF with DOM","","","","",""
"ZSH-090-030","0.90m x 0.30m Shelves White Set of 4 (4 bays)","","","","",""
"001.003.1008","Crescent Insulated Electrical Screwdriver Set | 8 Piece","","","","",""
"002.001.3710","4Cabling 37RU 600mm Wide x 1000mm Deep Server Rack","","","","",""
"002.002.0032","Mesh Door for 4Cabling 32RU Free Standing Server Racks 600mm Wide","","","","",""
"002.013.0650","4C | Universal 650mm Chimney for Network Cabinet | Suitable for cabinet with gland opening (650x410x68)","","","","",""
"002.015.1264.G","12RU 600mm Wide x 400mm Deep Galvanized Steel OUTDOOR Wall Mount Cabinet | IP65 Standard IEC 60529:2013 | Grey","","","","",""
"004.004.5005.50PACK","2m CAT6 Ultra Thin LSZH Ethernet Network Cable | 50 Pack Orange","","","","",""
"006.008.0061","TP-Link TL-SF1024: 24-port Unmanaged 10/100M Rackmount Ethernet Switch","","","","",""
"006.008.0139","TP-Link TL-SF1048 | 48 Port 10/100M Rackmount Switch","","","","",""
"006.008.0207","TP-Link | ES210GP | Omada 10 Port Gigabit Easy Managed Switch with 8 Port PoE+","","","","",""
"007.003.0136","Composite RG 59 B/U & 2 x 24/0.20mm Cable | 250m Black","","","","",""
"013.012.1051","Cable Cover for Carpet | Box of 25m Yellow","","","","",""
"015.001.0025","Professional Fibre Optic Terminators Tool Kit","","","","",""
"015.004.0057","1RU | 19"" rack mount pivot FOBOT splice / patch shelf | Capacity 96 - single mode LC/UPC pigtails & quad LC/UPC adapters","","","","",""
"015.007.0070","OE Elsafe QIKFIT 4x data cutout Black","","","","",""
"022.000.0042","20m Stereo 3.5mm Plug to Plug","","","","",""
"030.000.0185","OLIGHT | Perun 3 | Versatile Led Rechargeable Head Torch from Head to Hand | 3000 Lumens","","","","",""
"040.000.0070","4C | Ultima 4 Gang Switch 250V 16AX - Horizontal","","","","",""
"040.040.0378","4C | Junction Box 20mm 2 Way Through - 10 Pack","","","","",""
"040.040.0430","4C | 32mm Corrugated Conduit Heavy Duty Orange 25 meter/roll","","","","",""
"040.050.0011","4C | BP Cable Connector Double Screw for 2 x 6mm² Cables | 50 Pack","","","","",""
"040.060.0125","12 Core OS2 Loosetube Drycore x 100m, 2mm oversleeving, 400mm stagger with LC-LC Terminations, pulling socks & on a drum","","","","",""
"040.060.0133","6 Core OS2 Loosetube Drycore x 80m, 2mm oversleeving, 400mm stagger with LC-LC Terminations, pulling socks & on a drum","","","","",""
"BISFP-D2-80-CIS","Cisco compatible (GLC-BX-D-80KM, GLC-BX-U80), 1.25G, BiDi SFP, TX1550nm / RX1490nm, 80KM Transceiver, LC Connector for SMF with DDMI","","","","",""
"CC6PU-2.0","Purple CAT6 Network Cable Patch Lead 2M","","","","",""
"DL.DGS.1210.28P","D-Link | DGS-1210-28P | 28 Port Gigabit Smart Managed PoE Switch | with 28 RJ45 and 4 SFP (Combo) Ports","","","","",""
"DL.DIS.M100G.SW","D-Link | DIS-M100G-SW | Industrial Media Converter 100/1000 Mbps SFP to 100/1000 Mbps RJ45 ** PSU NDR-75-48 Not Included **","","","","",""
"FL.OM1LCSC30MP","30m LC-SC OM1 Multimode Fibre Optic Cable: Salmon Pink","","","","",""
"IVNC110ADX","IVSEC TURRET IP CAMERA, 5MP, 2.8MM FIXED LENS, 25FPS, POE, IP66, ADV DET, IVS, FULLCOLOURNC110ADX","","","","",""
"IVNC319XB","iVSEC | NC319XB | LX-Series Turret IP Camera, 8MP, 2.8mm Fixed Lens, 15FPS, PoE, IP66, LED Alert, 2 Way Audio","","","","",""
"IVNC323XD","IVSEC TURRET IP CAMERA, 8MP, 3.6MM FIXED LENS, 20FPS, POE, IP66, 30M IR, IVSNC323XD","","","","",""
"IVNC522XA","IVSEC PTZ SPEED DOME IP CAMERA , 8MP, 2.8MM-12MM MOTORISED LENS, 25FPS, POE, IP66, 30M IR","","","","",""
"LE-5WMNT-01C","LEVITON - Opt-X SDX Mini Wall Mount Enclosure accepts 1 Component","","","","",""
"LE-VPC-S2R2LPLP0020","LEVITON - Fiber Patch Cord OS2 Singlemode Yellow 2.0 mm DUP-RND, LC/UPC/UNIBOOT-LC/UPC/UNIBOOT, 2.0 Meters","","","","",""
"NDR-75-12","Mean Well | NDR-75-12 | 12V DIN Rail Power Supply 6.3A 75W","","","","",""
"SFP-100FE-FX-HP","HP / Aruba compatible (J9054A, J9054B, J9054C, J9054D), 100Mbps, 100Base SFP, 1310nm, 2KM Transceiver, LC Connector for MMF with DDMI","","","","",""
"SFP-100FE-LX-H3C","HP / H3C compatible (JD120B JD498A) 100Mbps, 100Base SFP, 1310nm, 10KM Transceiver, LC Connector for SMF with DOM","","","","",""
"SFP-1G-LX-MER","Meraki compatible (MA-SFP-1GB-LX10) 1.25G, SFP, 1310nm, 10KM Transceiver, LC Connector for SMF with DOM","","","","",""
"TT.PR5MEC22","Teltonika | PR5MEC22 | Surface Clip Holder Kit","","","","",""
"TT.TSW114","Teltonika | TSW114 | 5 Port Industrial DIN Rail Unmanaged Gigabit Switch, Plug-N-Play","","","","",""
"UB.AMO.5G10","Ubiquiti | Airmax Antenna | AMO-5G10 | 5GHz AirMax Dual Omni directional 10dBi Antenna","","","","",""
"UB.UA.G3.PRO.BK","Ubiquiti | UA-G3-Pro-B | UniFi Access G3 Reader Pro - BLACK","","","","",""
"UB.UA.G3.SK.PRO","Ubiquiti | UA-G3-SK-Pro | UniFi Access G3 Starter Kit Pro","","","","",""
"UB.UDM.BEAST","Ubiquiti | UDM-Beast | UniFi Dream Machine Beast, Hyperscale-class Cloud Gateway delivering 25 Gbps IPS/IDS, 7,500+ client capacity","","","","",""
"UB.UVC.G6.PRO.ENTRY","Ubiquiti | UVC-G6-Pro-Entry | UniFi All-weather, PoE+ 12MP Doorbell with AI detections, Two-Way Audio, 3"" Touch Display - BLACK","","","","",""
"UB.WAVE.NANO","Ubiquiti | Wave-Nano | UISP Wave Nano 60GHz + 5GHz PtMP Station, Throughput (1 Gbps duplex)","","","","",""
"US-KIT-1800-060-200","Heavy Duty Storage Shelving 2000H x 18000W x 600D","","","","",""
"US-KIT-200-030-270","Heavy Duty Storage Shelving 2700H x 2000W x 300D","","","","",""
"US-KIT-600-060-240","Heavy Duty Storage Shelving 2400H x 6000W x 600D","","","","",""
"VIGI.S385PI","VIGI 8MP Outdoor IR Panoramic Bullet Network Camera","","","","",""
"WT05018160001","WERA 851 S PH 1 x 70 mm","","","","",""
"002.001.2710","4Cabling 27RU 600mm Wide x 1000mm Deep Server Rack","","","","",""
"002.002.0842","Mesh Door for 4Cabling 42RU Free Standing Server Racks 800mm Wide","","","","",""
"002.004.5032","Vertical PDU Mounting Rails | Suitable for 32RU Freestanding Cabinet | 2 Pack","","","","",""
"002.008.2430","Spiral Binding Cable Wrap - 30.5m x 24mm: Black","","","","",""
"002.015.1866.G","18RU 600mm Wide x 600mm Deep Galvanized Steel OUTDOOR Wall Mount Cabinet | IP65 Standard IEC 60529:2013 | Grey","","","","",""
"005.001.1039","Aten US424 4x4 USB 2.0 Peripheral Switch With Remote Port Selector","","","","",""
"006.008.0171","TP-Link TL-SG105MPE | 5-Port Gigabit Easy Smart Switch with 4-Port PoE+","","","","",""
"006.008.0193","TP-Link | ES220GMP | Omada 20 Port Gigabit Easy Managed Switch with 16 Port PoE+","","","","",""
"006.016.0042","TP-Link | MC1400 | Omada 14 Slot Unmanaged Media Converter Chassis, 2RU Rackmount","","","","",""
"006.016.0062","TP-Link | EAP615-Wall | AX1800 Wall-Plate Dual-Band Wi-Fi 6 Access Point","","","","",""
"012.007.0011","APC Easy UPS SMV 1000VA 230V | SMV1000CAI","","","","",""
"013.012.6015","Cable Cover - 60mm x 13mm x 2m: Grey","","","","",""
"022.038.2016","IEEE 802.3at Gigabit PoE+ Ethernet Extender","","","","",""
"040.000.0067","4C | Ultima 1 Gang Switch 250V 16AX | Horizontal","","","","",""
"040.000.0071.10PACK","4C | Ultima 5 Gang Switch 250V 16AX - Horizontal - 10 Pack with 10 FREE C-Clips","","","","",""
"BISFP-10G-U3-10-EXTI","Extreme compatible 10G, BiDi SFP+, TX1270nm / RX1330nm, 10KM Transceiver, LC Connector for SMF with DOM | Industrial temperature rated","","","","",""
"BISFP-D-20-JUN","Juniper compatible (EX-SFP-GE10KT13R14 SFP-GE10KT13R14) 1.25G, BiDi SFP, TX1490nm / RX1310nm, 20KM Transceiver, LC Connector for SMF with DOM","","","","",""
"BISFP-U-40-WESI","Westermo compatible 1.25G, BiDi SFP, TX1310nm / RX1490nm, 40KM Transceiver, LC Connector for SMF with DOM | Industrial temperature rated","","","","",""
"BISFP-U1-20-PLU","Plusoptic 1.25G, BiDi SFP, TX1310nm / RX1550nm, 20KM Transceiver, LC Connector for SMF with DOM","","","","",""
"C1300-24P-4G","Cisco | C1300-24P-4G | Catalyst 1300 24 Port GE, PoE, 4x1G SFP","","","","",""
"DACQSFP-3M-PLU","Plusoptic compatible DAC, QSFP+ to QSFP+, 40G, 3M, Twinax Cable, DACQSFP-3M-PLU","","","","",""
"DL.DGS.1024D","D-Link | DGS-1024D | 24 Port Gigabit Unmanaged Switch (Metal Housing)","","","","",""
"DL.DGS.1100.24V2","D-Link | DGS-1100-24V2 | 24 Port Gigabit Smart Managed Switch","","","","",""
"DL.DGS.1210.28MP","D-Link | DGS-1210-28MP | 28 Port Gigabit Smart Managed 370W PoE Switch | with 28 RJ45 and 4 SFP (Combo) Ports","","","","",""
"DL.DIS.F200G.6PS.E","D-Link | DIS-F200G-6PS-E | 6 Port Gigabit Industrial Smart Managed PoE+ Switch with 4 PoE Ports and 2 SFP Ports ** PSU NDR-240-48 Not Included **","","","","",""
"FL.OM1LCSC10MP","10m LC-SC OM1 Multimode Fibre Optic Cable | Salmon Pink","","","","",""
"FL.OM4LCSC15M","15m LC-SC OM4 Multimode Fibre Optic Cable: Aqua","","","","",""
"FL.OS2LCSC10MR","10m LC-SC OS1 / OS2 Singlemode Fibre Optic Cable | Red","","","","",""
"FL.OS2SCSC10MR","10m SC-SC OS1 / OS2 Singlemode Fibre Optic Cable | Red","","","","",""
"IV2457X","IVSEC WALL BRACKET FOR NC000*, NC110*, NC319*, NC323*, NC340*, IV2457X","","","","",""
"IVNC317ADX","IVSEC BULLET IP CAMERA, 5MP, 2.8MM-12MM MOTORISED LENS, 25FPS, POE, IP66, ADV DETNC317ADX","","","","",""
"LE-E2X1F-E48","LEVITON - e2XHD 1RU Flat High Density Panel EU","","","","",""
"NOV.RJ45.8CAT6","Novaris | RJ45-8CAT6 | Data LAN Protector, 8 Port, RJ45 Connectors, for 1000BaseT, CAT6 & PoE - 2RU 19"" Rack Mount","","","","",""
"PDU.3005.15A","Chatsworth EA-3005-C Monitored eConnect PDU | Black | Vertical | AS/NZS 3112 15A 3-Pin Flat Input","","","","",""
"QSFP-40G-LR4-F5N","F5 Networks compatible 40G, QSFP+, 1310nm, 10KM Transceiver, LC Connector for SMF with DOM","","","","",""
"QSFP4X10-SR4-CIS","Cisco compatible (QSFP4x10-SR4-CIS) 40G, QSFP+, 850nm, 400M Transceiver, MTP/MPO Connector for MMF with DOM","","","","",""
"SFP-10G-ER-HP","Plusoptic | SFP-10G-ER-HP | HP / Aruba compatible (J9153A J9153B J91513C J9153D) 10G, SFP+, 1550nm, 40KM Transceiver, LC Connector for SMF with DOM","","","","",""
"SFP-10G-SR-H3C","HP / H3C compatible (jd092a jd092b jl437a SFP-XG-SX-MM850-A) 10G, SFP+, 850nm, 300M Transceiver, LC Connector for MMF with DOM","","","","",""
"SFP-1G-ZX-PLU","Plusoptic 1.25G, SFP, 1550nm, 80KM Transceiver, LC Connector for SMF with DOM","","","","",""
"SFP-T-GFE-JUN","Juniper compatible (EX-SFP-1GE-FE-E-T SFP-1GE-FE-E-T) 10/100/1000Mbps, Copper SFP, 100M Transceiver, RJ-45 Connector for Copper","","","","",""
"SG.ST4000VX016","Seagate | ST4000VX016 | 4TB SkyHawk 3.5"" SATA Surveillance Internal Hard Drive, 6GB/S, 5900RPM","","","","",""
"TT.PR1US440","Teltonika | PR1US440 | Mobile SMA Antenna","","","","",""
"TT.RUT276","Teltonika | RUT276 | Dual SIM Redcap 5G Compact Industrial Router ** PSU not included **","","","","",""
"TT.SWM280","Teltonika | SWM280 | 24 Port Gigabit (12x PoE+ Ports) Managed Switch with 4 x SFP Slots","","","","",""
"UB.AM.5G19.120","Ubiquiti | AirMAX Antenna | AM-5G19-120 | High Gain 4.9-5.9GHz AirMax BaseStation Sector Antenna 19dBi, 120° with Rocket Kit","","","","",""
"UB.USW.PRO.MAX.16POE","Ubiquiti | USW-Pro-Max-16-PoE | UniFi 16 Port (4x 2.5G PoE++ Ports and 12x 1G PoE+ Ports) Pro Max Layer 3 Etherlighting Switch, with 2 SFP+ Ports, 180W total PoE availability","","","","",""
"UB.USW.PRO.XG.10POE","Ubiquiti | USW-Pro-8-PoE | UniFi 8 Port (6x 1G PoE+ Ports and 2x 1G PoE++ Ports) Pro Gigabit Managed PoE+ Layer 2 Switch, with Layer 3 Features, with 2 SFP+ Ports, Wall Mount","","","","",""
"US-KIT-2000-060-200","Heavy Duty Storage Shelving 2000H x 20000W x 600D","","","","",""
"VIGI.NVR1008H.8MP","8 Channel PoE Network Video Recorder","","","","",""
"ZM-2000-500-2000","Metal Shelving 2000H x 2000W x 500D Bolted Set","","","","",""
"002.010.0000","Universal 1ru Shelf | Adjustable for cabinets | Supports rail to rail depth of 445mm (min) to 850mm (max)","","","","",""
"004.300.2001.50PACK","0.5m CAT6A RJ45 S/FTP THIN LSZH 30 AWG Network Cable | 50 Pack Black","","","","",""
"004.300.2004.50PACK","1.5m CAT6A RJ45 S/FTP THIN LSZH 30 AWG Network Cable | 50 Pack Black","","","","",""
"004.650.2016.50PACK","0.75m CAT6A THIN U/UTP LSZH 28 AWG RJ45 Network Cable | 50 Pack Black","","","","",""
"004.650.3017.10PACK","2.5m CAT6A THIN U/UTP LSZH 28 AWG RJ45Network Cable | 10 Pack White","","","","",""
"006.008.0022","Aten CS22DP 2-Port USB DisplayPort Cable KVM Switch with Remote Port Selector","","","","",""
"006.008.0161","TP-Link TL-SF1009P | 9 port 10/100 Mbps Desktop Switch with 8 Port PoE","","","","",""
"006.008.0202","TP-Link | ES228GMP | Omada 28 Port Gigabit Easy Managed Switch with 24 Port PoE+","","","","",""
"006.008.0211","TP-Link | ES220GP | Omada 20 Port Gigabit Easy Managed Switch with 16 Port PoE+","","","","",""
"006.008.1050","RECEIVER ONLY for HDMI KVM Console Extender Over Cat 5/5e/6 120m | Supports resolution up to 1080P@60Hz","","","","",""
"006.016.0069","TP-Link ER7206 | SafeStream Gigabit Multi-WAN VPN Router","","","","",""
"011.060.0044","Cable Ties 685mm(L) x 9mm(W) Natural | Bag of 100","","","","",""
"012.007.0013","APC Easy UPS SMV 2000VA 230V | SMV2000CAI","","","","",""
"012.007.0014","APC Easy UPS SMV 3000VA 230V | SMV3000CAI","","","","",""
"040.000.0065.10PACK","4C | Ultima 5 Gang Switch 250V 16AX - Vertical - 10 Pack with 10 FREE C-Clips","","","","",""
"040.040.0379","4C | Junction Box 25mm 2 Way Through - 10 Pack","","","","",""
"040.040.0399","4C | Grey Bend 20mm - 50 Pack","","","","",""
"040.060.0130","Preterm 6 Core MM OM4 Loosetube Drycore x 60m, 2mm oversleeving, 400mm stagger with LC-LC Terminations, pulling socks & on a drum","","","","",""
"BISFP-D1-40-PLU","Plusoptic 1.25G, BiDi SFP, TX1550nm / RX1310nm, 40KM Transceiver, LC Connector for SMF with DOM","","","","",""
"BISFP-U1-20-CIS","Cisco compatible 1.25G, BiDi SFP, TX1310nm / RX1550nm, 20KM Transceiver, LC Connector for SMF with DOM","","","","",""
"CWSFP-XX-40-RUG","RUGGEDCOM compatible 1.25G, CWDM SFP, 1270-1610nm, 40KM Transceiver, LC Connector for SMF with DOM","","","","",""
"DACQ28-1M-CIS","Cisco compatible DAC, QSFP28 to QSFP28, 100G, 1M, Twinax Cable, DACQ28-1M-CIS","","","","",""
"DL.DES.F1018P.E","D-Link | DES-F1018P-E | 18 Port PoE Switch with 16 PoE Ports (8 Long Reach 250m) and 2 Gigabit Uplink Ports","","","","",""
"DL.DGS.1100.08PLV2","D-Link | DGS-1100-08PLV2 | 8 Port Gigabit Smart Managed PoE Switch with 4 PoE Ports (80W PoE budget)","","","","",""
"DL.DGS.F1026P.E","D-Link | DGS-F1026P-E | 26 Port Gigabit PoE Switch with 24 PoE+ Ports (8 Long Reach 250m) and 2 SFP Uplinks","","","","",""
"FL.OM4LCSC1MBL","1m LC-SC OM4 Multimode Fibre Optic Patch Cable: Black","","","","",""
"IVNC312ADX","IVSEC TURRET IP CAMERA, 5MP, 2.8MM-12MM MOTORISED LENS, 25FPS, POE, IP66, ADV DETNC312ADX","","","","",""
"IVNC512ADX","IVSEC TURRET IP CAMERA, 8MP, 2.8MM-12MM MOTORISED LENS, 25FPS, POE, IP66, ADV DETNC512ADX","","","","",""
"IVNC512XD","IVSEC TURRET IP CAMERA, 8MP, 3.6MM-12 MM MOTORISED LENS, 25FPS, POE, IP66, 45M IRNC512XD","","","","",""
"IVNC528XD","IVSEC BULLET IP CAMERA, 8MP, 5MM-50MM MOTORISED LENS, 25FPS , POE, IP66, 80M IR, IVS, LPRNC528XD","","","","",""
"IVNR004XA","IVSEC NR004XA NVR, 4 CHANNELS, 8MP, 4 x POE PORTS, 1 BAY, H265, 4K HDMI, BASIC IVS","","","","",""
"MTRJ-MTRJ-OM1-2M-SX","Fibre Patch, MTRJ-MTRJ, OM1, 2M, Multimode Simplex","","","","",""
"QSFP28-LR4-PLU","Plusoptic 100G, QSFP28, 1310nm, 10KM Transceiver, LC Connector for SMF with DOM","","","","",""
"TT.PR1IC860","Teltonika | PR1IC860 | Outdoor LTE / Wi-Fi Antenna | Suitable for RUT241","","","","",""
"UB.UA.ULTRA","Ubiquiti | UA-Ultra | UniFi Access Reader Ultra - WHITE","","","","",""
"UB.UPS.2U","Ubiquiti | UPS-2U | UniFi UPS 2U, 1.44kVA Rackmount UPS, 8 outlets, Replaceable Battery, 216Wh, (500W) Runtime 8 Min, UniFi Alarm Ready","","","","",""
"UB.UVC.UNAS.PRO","Ubiquiti | UNAS-Pro | UniFi NAS Network Attached Storage, 7x 3.5"" HD Bays, 2RU","","","","",""
"UB.WAVE.AP.GEN2","Ubiquiti | Wave-AP-Gen2 | 60 GHz + 5 GHz multipoint base station featuring 90-degree sectoral coverage, 31-client capacity, 2.7 Gbps symmetrical speed, and antenna connectors for 5 GHz range extension","","","","",""
"US-ADD-200-060-240","Heavy Duty Storage Shelving 2400H x 2000W x 600D Extension Kit","","","","",""
"US-KIT-1000-060-270","Heavy Duty Storage Shelving 2700H x 10000W x 600D","","","","",""
"VIGI.NVR1004H.4P","4 Channel PoE Network Video Recorder","","","","",""
"WT05018152001","WERA 840 S Hex-Plus 5,0 x 70 mm","","","","",""
"ZADD-090-030-240","Heavy Duty Storage Shelving 2400H x 900W x 300D Extension Kit","","","","",""
"ZADD-090-030-270","Heavy Duty Storage Shelving 2700H x 900W x 300D Extension Kit","","","","",""
"ZKIT-090-030-270","Heavy Duty Storage Shelving 2700H x 900W x 300D","","","","",""
"ZSH-150-060","1.50m x 0.60m Shelves White Set of 8 (4 bays)","","","","",""
"001.006.0004","4Pro's Professional 2 Blade Coax Cable Stripper | Suitable for RG58(3C2V), RG59, RG62 and RG6","","","","",""
"002.001.2790","4Cabling 27RU 800mm Wide x 1000mm Deep Server Rack with Bi-Fold Mesh Doors","","","","",""
"004.650.3000.50PACK","0.25m CAT6A THIN U/UTP LSZH 28 AWG RJ45 Network Cable | 50 Pack White","","","","",""
"006.008.0140","TP-Link TL-SF1024D | 24 Port 10/100Mbps Desktop/Rackmount Switch","","","","",""
"006.008.0163","TP-Link TL-SF1006P | 6 port 10/100 Mbps Desktop Switch with 4 Port PoE+","","","","",""
"006.008.0200","TP-Link | ES216G | Omada 16 Port Gigabit Easy Managed Switch","","","","",""
"006.008.1021","Aten VE-800A-AT-U HDMI Extender Over Cat 5e","","","","",""
"006.016.0088","Omada Gigabit Rackmount/Desktop VPN Gateway","","","","",""
"006.016.0091","TP-Link | ER707-M2 | Omada Multi-Gigabit VPN Router","","","","",""
"006.016.0121","TP-Link | EAP725-Wall | Omada BE5000 Wall-Plate Dual-Band Wi-Fi 7 Access Point","","","","",""
"006.016.0124","TP-Link | EAP770 | Omada BE9300 Tri-Band Ceiling Mount Wi-Fi 7 Access Point","","","","",""
"006.016.0134","TP-Link | EAP775-Wall | Omada BE9300 Wall Plate Wi-Fi 7 Access Point","","","","",""
"006.108.0692","Aten CS692 2-Port USB HDMI/Audio Cable KVM Switch with Remote Port Selector","","","","",""
"011.180.2110","1m Lockable IEC C19 - C20 Cable: Black","","","","",""
"013.001.6565","Slotted Cable Ducting - 2m Length 65 x 65mm - White","","","","",""
"015.004.0081","MAX4 splice closure with pressure test valve & wall / pit mounting bracket.","","","","",""
"015.012.7318","Fibre Pigtail LC OM1 Multimode 2m - 6 Pack Rainbow","","","","",""
"018.004.0023","Double Sided Tape - Foam Green 23mm x 50m Roll","","","","",""
"030.000.0123","OLIGHT | Seeker 4 Pro | Powerful Rechargeable Led Torch ** 4600 Lumens ** 260m Beam - Cool White Light: 5700~6700K | Black","","","","",""
"040.040.0358","4C | Plain Reducer 40/32 - 20 Pack","","","","",""
"BISFP-D-20-EXT","Extreme compatible (10056 10056H 1G-SFP-BXD) 1.25G, BiDi SFP, TX1490nm / RX1310nm, 20KM Transceiver, LC Connector for SMF with DOM","","","","",""
"BISFP-U-20-HP","HP / Aruba compatible (J9142B J9142C) 1.25G, BiDi SFP, TX1310nm / RX1490nm, 20KM Transceiver, LC Connector for SMF with DOM","","","","",""
"CC6YE-5.0","Yellow CAT6 Network Cables Patch Lead 5.0m","","","","",""
"DACSFP-10G-1M-A-BRO","Brocade compatible 10G DAC with SFP+ to SFP+ connectors, 1M, Twinax, Active Cable | Plusoptic DACSFP+-1M-A-BRO","","","","",""
"DACSFP-10G-7M-HUA","Huawei compatible 10G DAC with SFP+ to SFP+ connectors, 7M, Twinax, Passive Cable | Plusoptic DACSFP+-7M-HUA","","","","",""
"DL.DGS.1008P","D-Link | DGS-1008P | 8 Port Gigabit PoE+ Unmanaged Switch (Metal Housing)","","","","",""
"DL.DGS.1100.24PV2","D-Link | DGS-1100-24PV2 | 24 Port Gigabit Smart Managed PoE Switch with 12 PoE Ports (100W PoE budget)","","","","",""
"DL.DGS.1210.28","D-Link | DGS-1210-28 | 28 Port Gigabit Smart Managed Switch | 28 RJ45 and 4 SFP (Combo) Ports","","","","",""
"IV2422X-BLK","IVSEC LARGE CONDUIT BOX HOUSING TYPES FOR BLACK NC312*, NC512*, NC531*, NC528*IV2422X-BLK","","","","",""
"IVNC317XC","IVSEC BULLET IP CAMERA, 5MP, 2.8MM-12MM MOTORISED LENS, 20FPS, POE,IP66, 40M IRNC317XC","","","","",""
"IVNC323ADX","IVSEC TURRET IP CAMERA, 8MP, 2.8MM FIXED LENS, 25FPS, POE, IP66 , ADV DET, ADV IVSNC323ADX","","","","",""
"IVNC541XA","IVSEC DOME IP CAMERA, 12MP, 360 DEGREES","","","","",""
"LC-SC-OM1-30M-SX","Fibre Patch, LC-SC, OM1, 30M, Multimode Simplex","","","","",""
"LE-MMCPNLX24SIJ2MAN","LEVITON - 1RU SIJ angled panel with management suitable for up to 24 snap in jacks BLACK","","","","",""
"MPOF4LC-OM4-1M-12","MPO/PC(Female)-4*LC/UPC Duplex, 12 Fiber-3.0mm round cable-OM4-LSZH-1m, Elite IL, breakout 2.0mm 0.5M, Polarity B","","","","",""
"PDU.2005.15A","Chatsworth E1-2005-C Metered eConnect PDU | Black | Vertical | AS/NZS 3112 15A 3-Pin Flat Input","","","","",""
"PDU.4019.15A","Chatsworth EA-4019-C Monitored Pro eConnect PDU | Black | Vertical | AS/NZS 3112 15A 3-Pin Flat Input","","","","",""
"SFP-10G-LR-JUN","Juniper compatible (EX-SFP-10GE-LR QFX-SFP-10GE-LR SFPP-10GE-LR) 10G, SFP+, 1310nm, 10KM Transceiver, LC Connector for SMF with DOM","","","","",""
"SFP-FC-8.5G-300M-PLU","Plusoptic 8.5G, Fibre Channel SFP+, 850nm, 300M Transceiver, LC Connector for MMF with DDMI","","","","",""
"SFP-T-EXT","Extreme compatible (10050 10054 SFP-1G-T 1G-SFP-TX) 1000Mbps, Copper SFP, 100M Transceiver, RJ-45 Connector for Copper","","","","",""
"SFPFC4-20-PLU","Plusoptic 4.25G, Fibre Channel SFP, 1310nm, 20KM Transceiver, LC Connector for SMF with DOM","","","","",""
"ST-ST-OS1-100M-DX","Fibre Patch, ST-ST, OS1, 100M, Singlemode Duplex","","","","",""
"TT.PR5MEC21","Teltonika | PR5MEC21 | 4 Pin Power Adapter with I/O Access","","","","",""
"UB.LAP.120","Ubiquiti | LAP-120 | 5GHz LiteAP 5ac 16dBi 120deg Integrated Sector Antenna","","","","",""
"UB.UA.G3.FLEX.WT","Ubiquiti | UniFi Access G3 Reader Flex - White","","","","",""
"UB.USW.PRO.AGGREGATION","Ubiquiti UniFi USW-PRO-AGGREGATION 28-port 10G SFP+ & 4-port 25G SFP28 Aggregation Layer 3 Switch","","","","",""
"UB.UVC.AI.PRO","Ubiquiti | UVC-AI-Pro | UniFi Protect Camera 4K (8MP) 3x Optical Zoom IR AI Pro | Black","","","","",""
"US-KIT-200-030-240","Heavy Duty Storage Shelving 2400H x 2000W x 300D","","","","",""
"VIGI.NVR2016H.16MP","VIGI 16 Channel PoE+ Network Video Recorder","","","","",""
"002.002.0847","Mesh Front Door for 4Cabling 47RU Free Standing Server Rack 600mm Wide","","","","",""
"005.001.1062","TP-Link Archer VR400 - AC1200: Wireless MU-MIMO Gigabit VDSL/ADSL Modem Router","","","","",""
"006.008.0127","TP-Link | SG2008 | Omada 8 Port Gigabit Smart Switch","","","","",""
"006.008.0146","TP-Link | SG2008P | Omada 8 Port Gigabit Smart Switch with 4 Port PoE+","","","","",""
"006.008.0159","TP-Link TL-SL1218P | 16 Port 10/100Mbps + 2 Port Gigabit Rackmount Switch with 16 Port PoE+","","","","",""
"006.008.0201","TP-Link | ES224G | Omada 24 Port Gigabit Easy Managed Switch","","","","",""
"006.008.1045","HDMI® Extender Over Cat 6/6A 50 Meters with IR Passback and Power From TX Side Only","","","","",""
"006.008.7016","KVM 1RU Rackmount Switch w/ 19"" Monitor: 16-Port VGA","","","","",""
"006.016.0092","TP-Link | ER7212PC | Omada Gigabit VPN Router with PoE+ Ports and Controller Ability","","","","",""
"006.016.0112","BE9300 Ceiling Mount Wi-Fi 7 Access Point","","","","",""
"006.108.1792","Aten CS1792 2 Port USB HDMI/ Audio KVMP™ Switch","","","","",""
"006.108.1794","Aten CS1794 4 Port USB HDMI/ Audio KVMP™ Switch","","","","",""
"015.031.1002","OE Elsafe PB Series 2 Data Punch Outs Frame & Face Plates Black","","","","",""
"016.013.0001","Premium RJ12 to Aligator/Buttinski/IDC Test lead set","","","","",""
"030.000.0142","OLIGHT | Warrior X 4 | Long Throw Tactical Torch With USB C Charging Port | 2600 Lumens","","","","",""
"040.000.0072.10PACK","4C | Ultima 6 Gang Switch 250V 16AX - Horizontal - 10 Pack with 10 FREE C-Clips","","","","",""
"040.040.0435","4C | 50mm Corrugated Conduit Medium Duty White 10 meter/roll","","","","",""
"040.060.0124","12 Core OS2 Indoor / Outdoor Riser x 150m, 2mm oversleeving, 400mm stagger with LC-LC Terminations, pulling socks & on a drum","","","","",""
"BISFP-D2-80-PLUI","Plusoptic 1.25G, BiDi SFP, TX1550nm / RX1490nm, 80KM Transceiver, LC Connector for SMF with DOM | Industrial temperature rated","","","","",""
"DL.DES.F1026P.E","D-Link | DES-F1026P-E | 26 Port PoE Switch with 24 PoE Ports (8 Long Reach 250m) and 2 Gigabit Uplink Ports","","","","",""
"DL.DGS.1008MP","D-Link | DGS-1008MP | 8 Port Gigabit PoE Unmanaged Switch with 140W PoE Budget","","","","",""
"FL.OM1LCSC20MP","20m LC-SC OM1 Multimode Fibre Optic Cable | Salmon Pink","","","","",""
"FL.OS2SCSC3MBL","3m SC-SC OS1 / OS2 Singlemode Fibre Optic Cable: Black","","","","",""
"IVNC340ADXB","iVSEC | NC340ADXB | Turret IP Camera, 12MP, 3.6mm Fixed Lens, 15FPS, PoE, IP66, 30m IR, Adv Det","","","","",""
"IVNC531ADX","IVSEC BULLET IP CAMERA, 8MP, 2.8MM-12MM MOTORISED LENS, 25FPS, ADV DET, ADV IVSNC531ADX","","","","",""
"IVNC630ADX","IVSEC THERMAL BULLET IP CAMERA , 5MP, 3.2MM FIXED LENS, 25FPS, BI-SPECTRUM, ADV DET","","","","",""
"IVNR308XC","IVSEC NR308XC NVR, 8 CHANNELS, 12MP, 8 x POE PORTS, 1 BAY, H265, 4K HDMI, IVSNR308XC","","","","",""
"IVNR316XD","IVSEC NR316XD NVR, 16 CHAN NELS, 12MP, 16 x POE PORTS, 2 BAYS, H265, 4K HDMI, IVS","","","","",""
"LVK-119B","iVSEC | LVK-119B Camera Kit | 4-Camera 4MP Security Kit with 4-Channel 4K NVR & 2TB HDD","","","","",""
"MPOFF-OS1-5M-12","Plusoptic OS1 Fibre Patch Lead with MPO - F - MPO - F Connectors, 5M length, Singlemode MPO Cable","","","","",""
"MTRJ-SC-OM1-1M-DX","Fibre Patch, MTRJ-SC, OM1, 1M, Multimode Duplex","","","","",""
"OLIGHT.WARRIOR.3S","Olight Warrior 3S 2300 Lumen Tactical Torch | Rechargeable | 300m","","","","",""
"PDU.3462.32A","Chatsworth EA-3462-C Monitored eConnect PDU | Black | Horizontal 2U | IEC 32A 1P+N+E Input","","","","",""
"QSFP28-LR4-CIS","Cisco compatible (QSFP-100G-LR4-S) 100G, QSFP28, 1310nm, 10KM Transceiver, LC Connector for SMF with DOM","","","","",""
"SC-ST-OM1-0.5M-DX","Fibre Patch, SC-ST, OM1, 0.5M, Multimode Duplex","","","","",""
"SFPFC-8G-ER-PLU","Plusoptic 8G, Fibre Channel SFP+, 1550nm, 40KM Transceiver, LC Connector for SMF with DOM","","","","",""
"ST-ST-OS1-100M-SX","Fibre Patch, ST-ST, OS1, 100M, Singlemode Simplex","","","","",""
"TT.RUTC50","Teltonika | RUTC50 | Dual SIM Cellular 5G Gigabit Wi-Fi 6 Broadband Router","","","","",""
"TT.RUTM52","Teltonika | RUTM52 | Dual SIM & eSIM Industrial 5G Gigabit Router","","","","",""
"TT.RUTX09","Teltonika | RUTX09 | Dual SIM 4G LTE-A Industrial CAT6 Cellular IoT Router","","","","",""
"TT.SWM281","Teltonika | SWM281 | 24 Port Gigabit Managed Switch with 4 x SFP Slots","","","","",""
"TT.SWM282","Teltonika | SWM282 | 24 Port Gigabit PoE+ Managed Switch with 4 x SFP Slots","","","","",""
"TT.TSW304","Teltonika | TSW304 | 4 Port Gigabit DIN Rail Unmanaged Switch ** Passive PoE over spare pairs **","","","","",""
"UB.UBB.XG","Ubiquiti Building Bridge XG","","","","",""
"UB.USW.ENTERPRISE.48.POE","Ubiquiti UniFi USW-Enterprise-48-PoE | UniFi Switch Enterprise 48 Port PoE+ 48x2.5GbE Ports, 4x 10g SFP+, Layer 3 Switch","","","","",""
"UB.USW.ENTERPRISE.8.POE","Ubiquiti UniFi USW-Enterprise-8-PoE | UniFi Switch Enterprise 8 Port PoE+ 8x2.5GbE 2x 10g SFP+ Ports, Managed Layer 3 Switch","","","","",""
"UB.USW.PRO.MAX.48POE","Ubiquiti | USW-Pro-Max-48-PoE | UniFi 48 Port (8x 2.5G PoE+ Ports, 8x 2.5G PoE++ Ports, 24x 1G PoE+ Ports and 8x 1G PoE++ Ports) Pro Max Layer 3 Etherlighting Switch, with 4 SFP+ Ports, 720W total PoE availability","","","","",""
"US-KIT-1000-060-240","Heavy Duty Storage Shelving 2400H x 10000W x 600D","","","","",""
"US-KIT-1400-060-270","Heavy Duty Storage Shelving 2700H x 14000W x 600D","","","","",""
"US-KIT-400-060-240","Heavy Duty Storage Shelving 2400H x 4000W x 600D","","","","",""
"VIGI.S655I","VIGI 5MP IR Fisheye Network Camera","","","","",""
"002.002.2204","Glass Door for 37RU Free Standing Server Racks 600mm Wide","","","","",""
"002.004.2220","4Cabling 200mm Wide Cable Tray Suitable for 22RU Server Rack | 2 Pack","","","","",""
"002.008.0020","Easy Wrap Cable Spiral 25mm x 2.5m: Grey","","","","",""
"002.008.0201","OE Elsafe: Umbilical Cable Management: Pathfinder Floor to Desk 780mm: Clear","","","","",""
"003.024.0107","Cable Marker Plates: Large","","","","",""
"004.300.0018.10PACK","4m CAT6A RJ45 S/FTP THIN LSZH 30 AWG Network Cable | 10 Pack Blue","","","","",""
"005.001.1086","TP-Link Archer AX1500 AX1500 Wi-Fi 6 Router","","","","",""
"005.004.0204","USB 3.1 Type-C Male to Dual HDMI® Converter | 20cm","","","","",""
"006.008.0126","TP-Link | SG2218 | Omada 16 Port Gigabit Smart Rackmount Switch with 2 Gigabit SFP Slots","","","","",""
"006.008.0158","TP-Link TL-SL1218MP | 16-Port 10/100 Mbps + 2-Port Gigabit Rackmount Switch with 16-Port PoE+","","","","",""
"006.008.0160","TP-Link TL-SL1311MP | 8 Port 10/100Mbps + 3 Port Gigabit Desktop Switch with 8 Port PoE+","","","","",""
"006.008.0170","TP-Link | SG2218P | Omada 18 Port Gigabit Smart Rackmount Switch with 16 Port PoE+","","","","",""
"006.008.0181","TP-Link SG3210X-M2 | Omada 8 Port 2.5G L2+ Managed Switch","","","","",""
"006.008.8030","4Cabling 1.8M USB DVI KVM Cable for 4Cabling Rackmount DVI KVM Switch","","","","",""
"006.016.0098","TP-Link | ER706W-4G | Omada 4G+ Cat6 AX3000 Gigabit VPN Router ** PoE Injector Not Included **","","","","",""
"006.016.0101","TP-Link | EAP673 | Omada AX5400 Ceiling Mount Dual-Band Wi-Fi 6 Access Point ** PoE Injector not included **","","","","",""
"006.016.0120","TP-Link | EAP650-Desktop | Omada AX3000 Desktop Dual-Band Wi-Fi 6 Access Point","","","","",""
"006.016.0126","TP-Link | EAP650 D30-Outdoor | Omada AX3000 Indoor/Outdoor Wi-Fi 6 Access Point","","","","",""
"012.007.0012","APC Easy UPS SMV 1500VA 230V | SMV1500CAI","","","","",""
"012.011.0020","Socomec | NRT4-U020B | Netys RT4 2kVA rack 2U/tower UPS, Online Double Conversion","","","","",""
"040.000.0297.10PACK","4C | Classic 3 Gang Switch 250V 16AX - Vertical - 10 Pack with 10 FREE C-Clips","","","","",""
"040.040.0442","4C | 40mm Corrugated Conduit Heavy Duty Orange 10 meter/roll","","","","",""
"BISFP-10G-D2-80-PLU","Plusoptic Transceiver, 10G, BiDi SFP+, TX-1550nm / RX-1490nm, 80KM , LC Connector for SMF fibre with DDMI","","","","",""
"BISFP-D-40-JUNI","Juniper compatible 1.25G, BiDi SFP, TX1490nm / RX1310nm, 40KM Transceiver, LC Connector for SMF with DOM | Industrial temperature rated","","","","",""
"BISFP-D1-20-PLUI","Plusoptic 1.25G, BiDi SFP, TX1550nm / RX1310nm, 20KM Transceiver, LC Connector for SMF with DOM | Industrial temperature rated","","","","",""
"BISFP-U-20-JUN","Juniper compatible (EX-SFP-GE10KT14R13 SFP-GE10KT14R13) 1.25G, BiDi SFP, TX1310nm / RX1490nm, 20KM Transceiver, LC Connector for SMF with DOM","","","","",""
"DACQSFP-3M-HUA","Huawei compatible DAC, QSFP+ to QSFP+, 40G, 3M, Twinax Cable, DACQSFP-3M-HUA","","","","",""
"DACQSFP-5M-CIS","Cisco Compatible DAC, QSFP+ to QSFP+, 40G, 5M, Passive Cable DACQSFP-5M-CIS","","","","",""
"DACSFP-10G-15M-A-HUA","Huawei compatible 10G DAC with SFP+ to SFP+ connectors, 15M, Twinax, Active Cable | Plusoptic DACSFP+-15M-A-HUA","","","","",""
"DL.DGS.1100.18PV2","D-Link | DGS-1100-18PV2 | 18 Port Gigabit Smart Managed PoE Switch with 16 PoE and 2 Combo RJ45/SFP Ports (130W PoE budget)","","","","",""
"DL.DGS.1210.52MP","D-Link | DGS-1210-52MP | 52 Port Gigabit Smart Managed PoE Switch | with 52 RJ45 Ports and 4 SFP (Combo) Ports","","","","",""
"DL.DGS.F1018P.E","D-Link | DGS-F1018P-E | 18 Port Gigabit PoE Switch with 16 PoE+ Ports (8 Long Reach 250m) and 2 SFP Uplinks","","","","",""
"DL.DGS.F1210.18PS.E","D-Link | DGS-F1210-18PS-E | 18 Port Gigabit Smart Managed PoE+ Switch with 16 PoE+ Ports (8 Long Reach 250m)","","","","",""
"DL.DIS.F100G.10PS.E","D-Link | DIS-F100G-10PS-E | 10 Port Gigabit Industrial PoE+ Switch with 8 PoE Ports and 2 SFP Ports ** PSU NDR-480-48 Not Included **","","","","",""
"DWDM-CHXX-80KM-H3C","HP / H3C Compatible , 10G, DWDM SFP+, 80KM Transceiver, LC Connector for SMF with DDMI","","","","",""
"FL.OS2SCST10M","10m SC-ST OS1 / OS2 Singlemode Fibre Optic Cable: Yellow","","","","",""
"IV2455X","IVSEC 90 DEGREE WALL MOUNT NEEDED WITH IV2433X or IV2466X ADAPTOR BOX IV2455X","","","","",""
"IV2457X-BLK","IVSEC WALL BRACKET FOR BLACK NC110X*, NC323X*, NC340X*, NC000X*IV2457X-BLK","","","","",""
"IVNC119XA","IVSEC TURRET IP CAMERA, 4MP, 2.8MM FIXED LENS, 25FPS, POE, IP66, 30M IR, LED ALERT","","","","",""
"IVNC323XD-BLK","IVSEC TURRET IP CAMERA, 8MP, 3.6MM FIXED LENS, 20FPS, POE, IP66, 30M IR, IVS, BLACK NC323XD-BLK","","","","",""
"IVNC543ADX","IVSEC EYEBALL IP CAMERA, 8MP, PANORAMIC, 2.8MM FIXED LENS, 30FPS, ADV DET, ADV IVSIVNC543ADX","","","","",""
"IVNR008XB","iVSEC | NR008XB | LX-Series 8 Channel NVR, 8MP, 8 PoE Ports, 1 Bay, H265, 4K HDMI, Basic IVS","","","","",""
"LC-LC-OM1-100M-SX","Fibre Patch, LC-LC, OM1, 100M, Multimode Simplex","","","","",""
"LC-LC-OM1-30M-DX","Fibre Patch, LC-LC, OM1, 30M, Multimode Duplex","","","","",""
"LC-LC-OM1-40M-DX","Fibre Patch, LC-LC, OM1, 40M, Multimode Duplex","","","","",""
"LC-SC-OM1-60M-SX","Fibre Patch, LC-SC, OM1, 60M, Multimode Simplex","","","","",""
"LE-5WMED-04C","LEVITON - Opt-X SDX Medium Wall Mount Enclosure accepts up to 4 Components","","","","",""
"LE-6AUJK-SW6","LEVITON - Atlas-X1 Cat 6A Unshielded Jack with Shutter Tool free - White","","","","",""
"LE-AC6U/FTP-HF1-ECA-500WH","LEVITON - Cat 6A 23 AWG U/FTP 4 Pair LSHF/LSZH Cable White 500m- EuroClass Eca","","","","",""
"LE-E2X1A-E48","LEVITON - e2XHD 1RU Angled High Density Patch Panel EU","","","","",""
"LE-E2XHD-BLK","LEVITON - e2XHD Panel Blank Cassette","","","","",""
"LE-E2XHD-COV","LEVITON - e2XHD Panel Cover","","","","",""
"LE-FME2XHD-A024CSKLEU","LEVITON - E2XHD Engage MTP Cassette, (0.90dB), 24 Core OS2, LC Shuttered (Blue) to 2x12-fiber MTP (male), Universal Polarity, Black Latch(FME2XHD-A024CSKLEU)","","","","",""
"LE-FME2XHD-F024CSKVEU","LEVITON - E2XHD Engage MTP Cassette, (0.50dB), 24 Core, OM4, LC Shuttered (Heather Violet) to 2x12-fiber MTP (male), Universal Polarity, Black Latch","","","","",""
"LVK-319B","iVSEC | LVK-319B Camera Kit | 4-Camera 8MP PoE Kit with 2TB Pre-Installed","","","","",""
"NICPCIE-1QSFP-40G","PCIE NIC, Single Port QSFP+ 40Gb with Intel® XL710AM2 Controller","","","","",""
"PW.14BSPK.P50","Planet Waves Banana Plug Speaker Wire Termination - 14AWG | Pack of 50","","","","",""
"SFP-10G-LR-H3C","HP / H3C compatible (JD094A JD094B SFP-XG-LR-SM1310) 10G, SFP+, 1310nm, 10KM Transceiver, LC Connector for SMF with DOM","","","","",""
"SFP-1G-LX-EXTI","Extreme compatible 1.25G, SFP, 1310nm, 10KM Transceiver, LC Connector for SMF with DDMI | Industrial temperature rated","","","","",""
"SFP28-ER-CIS","Cisco compatible (SFP-10/25G-ER-S) 25G SFP28 1310nm up to 40KM for SMF with LC connectors and DOM","","","","",""
"TT.ATRM50","Teltonika | ATRM50 | Dual SIM & eSIM Industrial 5G Gigabit Router for Transportation ** PSU not included **","","","","",""
"TT.OTD140","Teltonika | OTD140 | Outdoor 4G Router, 4G LTE (CAT4), 3G, 2G, 1x PoE-in and 1x PoE-out port, IP55 **PoE Injector not included**","","","","",""
"TT.PR3PDNP0","Teltonika | PR3PDNP0 | DIN Rail Power Supply Unit 20W","","","","",""
"TT.PR5MEC25","Teltonika | PR5MEC25 | TSW2 Rear Panel with DIN Rail Holder | Suitable for TSW200, TSW210","","","","",""
"UB.AM.5G17.90","Ubiquiti | AirMAX Sector | AM-5G17-90 | 4.9-5.9GHz AirMAX Base Station, 17dBi, 90 deg w/ rocket kit","","","","",""
"UB.U6.ENTERPRISE","Ubiquiti | Unifi | U6-Enterprise | WiFi 6E Enterprise - Access Point (POE Injector not included)","","","","",""
"UB.UA.G3.WT","Ubiquiti | UniFi Access G3 Reader - WHITE","","","","",""
"UB.USW.PRO.MAX.24N","Ubiquiti | USW-Pro-Max-24 | UniFi 24 Port (8x 2.5G Ports, 16x 1G Ports) Pro Max Layer 3 Etherlighting Switch, with 2 SFP+ Ports, non-PoE","","","","",""
"UB.USW.PRO.XG.24POE","Ubiquiti | USW-Pro-XG-24-PoE | UniFi 24 Port (16x 10G PoE+++, 8x 2.5G PoE+++) Layer 3 Etherlighting Switch, with 2x 25G SFP28 Ports","","","","",""
"UB.UXG.MAX","Ubiquiti | UXG-Max | UniFi Gateway Max Compact Multi WAN 2.5 x GbE WAN, 4 x 2.5GbE LAN","","","","",""
"UB.WAVE.PICO","Ubiquiti | Wave-Pico | UISP Wave Pico 60GHz + 5GHz PtMP Station, Throughput (1 Gbps duplex)","","","","",""
"US-ADD-200-060-270","Heavy Duty Storage Shelving 2700H x 2000W x 600D Extension Kit","","","","",""
"US-KIT-1200-060-270","Heavy Duty Storage Shelving 2700H x 12000W x 600D","","","","",""
"US-KIT-1400-060-240","Heavy Duty Storage Shelving 2400H x 14000W x 600D","","","","",""
"US-KIT-1600-060-270","Heavy Duty Storage Shelving 2700H x 16000W x 600D","","","","",""
"US-KIT-1800-060-270","Heavy Duty Storage Shelving 2700H x 18000W x 600D","","","","",""
"US-KIT-2000-060-270","Heavy Duty Storage Shelving 2700H x 20000W x 600D","","","","",""
"US-KIT-400-060-270","Heavy Duty Storage Shelving 2700H x 4000W x 600D","","","","",""
"US-KIT-800-060-240","Heavy Duty Storage Shelving 2400H x 8000W x 600D","","","","",""
"US-KIT-800-060-270","Heavy Duty Storage Shelving 2700H x 8000W x 600D","","","","",""
"VIGI.SP6020","Intelligent Solar Power Supply System","","","","",""
"XFP-10G-ER-CIS","Cisco compatible (ONS-XC-10G-L2 XFP-10GB-ER XFP10GER-192IR-L XFP-10GER-192IR-L) 10G, XFP, 1550nm, 40KM Transceiver, LC Connector for SMF with DOM","","","","",""
"XFP-10G-ER-JUN","Juniper compatible (EX-XFP-10GE-ER SRX-XFP-10GE-ER XFP-10G-E-OC192-IR2) 10G, XFP, 1550nm, 40KM Transceiver, LC Connector for SMF with DOM","","","","",""
"ZADD-120-030-240","Heavy Duty Storage Shelving 2400H x 1200W x 300D Extension Kit","","","","",""
"ZADD-120-030-270","Heavy Duty Storage Shelving 2700H x 1200W x 300D Extension Kit","","","","",""
"ZKIT-090-030-240","Heavy Duty Storage Shelving 2400H x 900W x 300D","","","","",""
"ZKIT-120-030-200","Heavy Duty Storage Shelving 2000H x 1200W x 300D","","","","",""
"ZKIT-120-030-240","Heavy Duty Storage Shelving 2400H x 1200W x 300D","","","","",""
"ZSH-120-030","1.20m x 0.30m Shelves White Set of 8 (4 bays)","","","","",""
"002.002.2205","Glass Door for 42RU Free Standing Server Racks 600mm Wide","","","","",""
"004.300.3004.50PACK","1.5m CAT6A RJ45 S/FTP THIN LSZH 30 AWG Network Cable | 50 Pack White","","","","",""
"006.008.0020","TP-Link TL-SG1016DE: 16-Port Gigabit Ethernet Switch","","","","",""
"006.008.0123","TP-Link | SG3428X | Omada 24 Port Gigabit L2+ Managed Rackmount Switch with 4 10GE SFP+ Slots","","","","",""
"006.008.0147","TP-Link | SL2428P | Omada 24 Port 10/100Mbps + 4 Port Gigabit Smart Rackmount Switch with 24 Port PoE+","","","","",""
"006.008.0157","TP-Link TL-SL1226P | 24 Port 10/100Mbps + 2 Port Gigabit Unmanaged PoE+ Switch","","","","",""
"006.008.0174","TP-Link | SG2016P | Omada 16 Port Gigabit Smart Switch with 8 Port PoE+","","","","",""
"006.008.8031","4Cabling 1.8M USB KVM Cable for 4Cabling Rackmount DVI KVM Console","","","","",""
"006.016.0049","TP-Link OC300 |Omada Cloud Controller","","","","",""
"006.016.0061","TP-Link EAP610-Outdoor | AX1800 Indoor/Outdoor Dual Band WiFi 6 Access Point","","","","",""
"006.016.0123","TP-Link | EAP650 D120-Outdoor | Omada AX3000 Indoor / Outdoor Wi-Fi 6 Access Point","","","","",""
"010.004.1000","Cat 5E Keystone RJ45 Jack for 110 Face Plate | Pack of 10","","","","",""
"010.005.1105","Cat 6A FTP Shielded Keystone Jack Black. Tooless 180 degree IDC 110","","","","",""
"012.009.0005","Socomec NETYS PR-RT: Relay Board","","","","",""
"014.002.0034","ADSL 2+ External Central Filter","","","","",""
"040.000.0069.10PACK","4C | Ultima 3 Gang Switch 250V 16AX - Horizontal - 10 Pack with 10 FREE C-Clips","","","","",""
"040.000.0226","4C | Weatherproof Switch 1 Pole IP66 250V 20A","","","","",""
"040.000.0273","4C | Industrial Extension Socket 500V 5Pin 32Amp","","","","",""
"040.050.0004","4C | Full Saddle Galvanized Steel 50mm | 20 Pack","","","","",""
"040.060.0138","12 Core OS2 Loosetube Drycore x 200m, 2mm oversleeving, 400mm stagger with LC-LC Terminations, pulling socks & on a drum","","","","",""
"AL-RK-RSC","Alta Labs | 1U Rack Mount Accessory","","","","",""
"BISFP-10G-U3-40-EXTI","Extreme compatible (10GB-BX40-U), 10G, BiDi SFP+, TX1270nm / RX1330nm, 40KM Transceiver, LC Connector for SMF with DDMI | Industrial temperature rated","","","","",""
"BISFP-10G-U3-40-HUA","Huawei compatible 10G, BiDi SFP+, TX1270nm / RX1330nm, 40KM Transceiver, LC Connector for SMF with DDMI","","","","",""
"BISFP-10G-U3-60-PLU","Plusoptic 10G, BiDi SFP+, TX1270nm / RX1330nm, 60KM Transceiver, LC Connector for SMF with DOM","","","","",""
"BISFP-D1-20-CIS","Cisco compatible 1.25G, BiDi SFP, TX1550nm / RX1310nm, 20KM Transceiver, LC Connector for SMF with DOM","","","","",""
"BISFP-U-20-CIS","Cisco compatible (GLC-BX-D GLC-BX-D20) 1.25G, BiDi SFP, TX1310nm / RX1490nm, 20KM Transceiver, LC Connector for SMF with DOM","","","","",""
"BISFP-U2-80-PLU","Plusoptic 1.25G, BiDi SFP, TX1490nm / RX1550nm, 80KM Transceiver, LC Connector for SMF with DDMI","","","","",""
"DACQSFP-3M-JUN","Juniper compatible DAC, QSFP+ to QSFP+, 40G, 3M, Twinax Cable, DACQSFP-3M-JUN","","","","",""
"DACQSFP-40G-5M-JUN","Juniper compatible 40G DAC with QSFP+ to QSFP+ connectors, 5M, Twinax, Passive Cable | Plusoptic DACQSFP+-5M-JUN","","","","",""
"DL.DGS.1100.08PV2","D-Link | DGS-1100-08PV2 | 8 Port Gigabit Smart Managed PoE Switch with 8 PoE Ports (64W PoE budget)","","","","",""
"DL.DGS.1210.52","D-Link | DGS-1210-52 | 52 Port Gigabit Smart Managed Switch | 52 RJ45 Ports | 4 SFP (Combo) Ports","","","","",""
"DL.DGS.F1210.26MPS.E","D-Link | DGS-F1210-26MPS-E | 26-Port Gigabit Smart Managed PoE+ Switch with 24 PoE+ Ports (8 Long Reach 250m) and 2 SFP Ports","","","","",""
"DL.DGS.F1210.26PS.E","D-Link | DGS-F1210-26PS-E | 26-Port Gigabit Smart Managed PoE+ Switch with 24 PoE+ Ports (8 Long Reach 250m) and 2 SFP Ports","","","","",""
"FL.OS2SCAPCSCAPC40MS","40m SC/A - SC/A OS2 / OS1 Singlemode Fibre Optic Simplex LSZH Patch Lead : 2mm Oversleeving | Yellow","","","","",""
"LC-LC-OM1-70M-SX","Fibre Patch, LC-LC, OM1, 70M, Multimode Simplex","","","","",""
"LC-LC-OM1-90M-SX","Fibre Patch, LC-LC, OM1, 90M, Multimode Simplex","","","","",""
"LC-LC-OM3-1M-DX","Fibre Patch, LC-LC, OM3, 1M, Multimode Duplex","","","","",""
"LE-E2X1F-CMB","LEVITON - e2XHD REAR CABLE MANAGER FOR FLAT Patch PANEL","","","","",""
"MDR-40-48","Mean Well | MDR-40-48 | 48V Slim DIN Rail Power Supply 0.83A 39.8W","","","","",""
"MPOF4LC-OM4-10M-12","MPO/PC (Female)-4*LC/UPC Duplex, 12 Fibre-Φ3.0mm round cable-OM4-LSZH-10m, Elite IL, breakout 2.0mm 0.5M, Polarity B","","","","",""
"PW.BCBNC.P10","Planet Waves Nickel-Plated BNC Connector - Male | Pack of 10","","","","",""
"QSFP-40G-LR4-JUN","Juniper compatible 40G, QSFP+, 1310nm, 10KM Transceiver, LC Connector for SMF with DOM","","","","",""
"QSFP-40G-SR4-HUA","Huawei compatible 40G, QSFP+, 850nm, 150M Transceiver, MTP/MPO Connector for MMF with DOM","","","","",""
"SC-ST-OS1-60M-SX","Fibre Patch, SC-ST, OS1, 60M, Singlemode Simplex","","","","",""
"SCA-LC-OS1-10M-DX3","PlusOptic Fibre Patch cable, SCA to LC connector, Singlemode Duplex Fibre, 10 Metres, 3mm Sleeve","","","","",""
"SFP-10G-ZR-FOR","Fortinet compatible, 10G, SFP+, 1550nm, 80KM Transceiver, LC Connector for SMF with DOM","","","","",""
"SFP-1G-LX160-HUA","Huawei Compatible 1.25Gbps 1550nm 160KM SFP Transceiver with DDMI","","","","",""
"SFP100-T-WESI","Westermo Compatible (WAU-100TX-WESI), 100Mbps, Copper 100Base SFP, 100M Transceiver, RJ-45 Connector for Copper | Industrial temperature rated","","","","",""
"SFPFC-8G-SR-BRO","Brocade compatible (57-1000012-01 XBR-000147 XBR-000163) 8G, Fibre Channel SFP+, 850nm, 300M Transceiver, LC Connector for MMF with DOM","","","","",""
"SFPFC2-40-PLU","Plusoptic 2G, Fibre Channel SFP, 1550nm, 40KM Transceiver, LC Connector for SMF with DOM","","","","",""
"SG.ST8000VE001","Seagate | ST8000VE001 | 8TB SkyHawk 3.5"" SATA Surveillance Internal Hard Drive, 6GB/S, 7200RPM","","","","",""
"TT.RUTX10","Teltonika | RUTX10 | Professional Industrial Gigabit Ethernet VPN Router","","","","",""
"UB.R2AC.PRISM","Ubiquiti | AirMAX AC BaseStation | R2AC-PRISM | Rocket 2AC Prism 2GHz","","","","",""
"UB.USW.PRO.HD.24N","Ubiquiti | USW-Pro-HD-24 | UniFi 24 Port (2x 10G Ports, 22x 2.5G Ports) Pro HD 24 Layer 3 Etherlighting Switch, with 4 SFP+ Ports, non-PoE","","","","",""
"UB.UVC.AI.360.WT","Ubiquiti | UVC-AI-360-W | UniFi 5MP 360 Degree AI IP Camera - WHITE","","","","",""
"US-KIT-120-030-240","Heavy Duty Storage Shelving 2400H x 1200W x 300D","","","","",""
"US-KIT-1200-060-240","Heavy Duty Storage Shelving 2400H x 12000W x 600D","","","","",""
"US-KIT-1600-060-240","Heavy Duty Storage Shelving 2400H x 16000W x 600D","","","","",""
"US-KIT-1800-060-240","Heavy Duty Storage Shelving 2400H x 18000W x 600D","","","","",""
"US-KIT-2000-060-240","Heavy Duty Storage Shelving 2400H x 20000W x 600D","","","","",""
"VIGI.NVR2008H.8MP","VIGI 8 Channel PoE+ Network Video Recorder","","","","",""
"ZADD-120-030-200","Heavy Duty Storage Shelving 2000H x 1200W x 300D Extension Kit","","","","",""
"ZADD-200-030-240","Heavy Duty Storage Shelving 2400H x 2000W x 300D Extension Kit","","","","",""
"ZADD-200-030-270","Heavy Duty Storage Shelving 2700H x 2000W x 300D Extension Kit","","","","",""
"ZKIT-120-030-270","Heavy Duty Storage Shelving 2700H x 1200W x 300D","","","","",""
"ZKIT-200-030-270","Heavy Duty Storage Shelving 2700H x 2000W x 300D","","","","",""
"ZM-1500-600-2000","Metal Shelving 2000H x 1500W x 600D Bolted Set","","","","",""
"ZSH-200-030","2.00m x 0.30m Shelves White Set of 8 (4 bays)","","","","",""
"002.004.5022","Vertical PDU Mounting Rails | Suitable for 22RU Freestanding Cabinet | 2 Pack","","","","",""
"004.004.3000","0.15m CAT6 Ultra Thin LSZH Ethernet Network Cable | White","","","","",""
"004.004.3005","2m CAT6 Ultra Thin LSZH Ethernet Network Cable | White","","","","",""
"004.300.2005.10PACK","2m CAT6A RJ45 S/FTP THIN LSZH 30 AWG Network Cable | 10 Pack Black","","","","",""
"005.004.0303","3M USB Type-C Male to Displayport 4K/60Hz Cable","","","","",""
"006.008.0121","TP-Link | SX3016F | Omada 16 Port 10GE SFP+ L2+ Managed Switch","","","","",""
"006.008.0152","TP-Link TL-SG1210MP | 10 port Gigabit Desktop Switch with 8 Port PoE+","","","","",""
"006.008.0154","TP-Link TL-SG1008P | 8 port Gigabit Desktop Switch with 4 Port PoE","","","","",""
"006.008.0165","TP-Link | SX3206HPP | Omada 4 Port 10GBase-T and 2 Port 10GE SFP+ L2+ Managed Rackmount Switch with 4 Port PoE++","","","","",""
"006.008.0166","TP-Link | SG3452XP | Omada 48 Port Gigabit and 4 Port 10GE SFP+ L2+ Managed Rackmount Switch with 48 Port PoE+","","","","",""
"006.008.0168","TP-Link | SG3428XF | Omada 24 Port SFP L2+ Managed Rackmount Switch with 4 10GE SFP+ Slots","","","","",""
"006.016.0018","TP-Link | TL-MCRP100 | Redundant Power Supply Module","","","","",""
"006.016.0094","TP-Link | EAP655-Wall | Omada AX3000 Wall-Plate Dual-Band Wi-Fi 6 Access Point","","","","",""
"006.016.0104","TP-Link | EAP625-Outdoor HD | Omada AX1800 Indoor/Outdoor Dual-Band Wi-Fi 6 Access Point","","","","",""
"006.016.0115","TP-Link | EAP723 | Omada BE3600 Ceiling Mount Dual-Band Wi-Fi 7 Access Point ** PoE Injector not included **","","","","",""
"006.016.0128","TP-Link | EAP670 | Omada AX5400 Ceiling Mount Dual-Band Wi-Fi 6 Access Point","","","","",""
"006.016.0133","TP-Link | EAP603-Outdoor | Omada AX1800 Indoor/Outdoor Wi-Fi 6 Access Point ** PoE Injector not included **","","","","",""
"010.003.1003","CAT5E RJ45 Keystone Jack. 10 pack. Black","","","","",""
"012.010.0008","Socomec ITYS3 2kVA Tower LCD UPS | ITY3-TW020B-AU","","","","",""
"013.001.4545","Slotted Cable Ducting - 2m Length 45 x 45mm: White","","","","",""
"015.031.1004","OE Elsafe PB Series 4 Data Punch Outs Frame & Face Plates Black","","","","",""
"040.0.0089","4C | Elegant Wall Switch 4 Gang 250V 16A | Vertical","","","","",""
"040.0.0090.10PACK","4C | Elegant Wall Switch 5 Gang 250V 16A - Horizontal - 10 Pack with 10 FREE C-Clips","","","","",""
"040.0.0092.10PACK","4C | Elegant Wall Switch 6 Gang 250V 16A - Horizontal - 10 Pack with 10 FREE C-Clips","","","","",""
"040.000.0292.10PACK","4C | Classic 4 Gang Switch 250V 16AX - Horizontal - 10 Pack with 10 FREE C-Clips","","","","",""
"040.000.0294.10PACK","4C | Classic 6 Gang Switch 250V 16AX - Horizontal - 10 Pack with 10 FREE C-Clips","","","","",""
"040.040.0436","4C | 50mm Corrugated Conduit Medium Duty White 25 meter/roll","","","","",""
"040.060.0122","12 Core MM OM4 Loosetube Drycore x 150m, 2mm oversleeving, 400mm stagger with LC-LC Terminations, pulling socks & on a drum","","","","",""
"AOCSFP-10G-2M-PLU","Plusoptic compatible AOC, SFP+ to SFP+, 10G, 2M, Fibre Cable, AOCSFP+-2M-PLU","","","","",""
"AT-X230-18GP-40","Allied Telesis | AT-x230-18GP-40 | 16 Port Gigabit L2+ PoE Switch with 2 x SFP Ports","","","","",""
"BISFP-10G-D3-60-PLU","Plusoptic 10G, BiDi SFP+, TX1330nm / RX1270nm, 60KM Transceiver, LC Connector for SMF with DOM","","","","",""
"BISFP-10G-U3-10-EXT","Extreme compatible (10GB-BX10-U), 10G, BiDi SFP+, TX1270nm / RX1330nm, 10KM Transceiver, LC Connector for SMF with DDMI","","","","",""
"BISFP-D-20-HUA","Huawei compatible (0231A11U SFP-GE-LX-SM1310-BIDI) 1.25G, BiDi SFP, TX1490nm / RX1310nm, 20KM Transceiver, LC Connector for SMF with DOM","","","","",""
"BISFP-U1-40-PLU","Plusoptic 1.25G, BiDi SFP, TX1310nm / RX1550nm, 40KM Transceiver, LC Connector for SMF with DOM","","","","",""
"BISFP100-D1-PLU","Plusoptic 100Mbps, BiDi SFP, TX-1550nm / RX-1310nm, 20KM Transceiver, LC Connector for SMF","","","","",""
"C1300-24T-4G","Cisco | C1300-24T-4G | Catalyst 1300 24 Port GE, 4x1G SFP","","","","",""
"DACQSFP-4-1M-JUN","Juniper Compatible DAC, QSFP+ to 4SFP+, 40G, 1M, Twinax Cable | Plusoptic DACQSFP-4-1M-JUN","","","","",""
"DACQSFP-40G-4-5M-PLU","Plusoptic 40G DAC with QSFP+ to 4SFP+ connectors, 5M, Twinax, Passive Cable | Plusoptic DACQSFP+-4-5M-PLU","","","","",""
"DACQSFP-40G-4-7M-A-CIS","Cisco compatible 40G DAC with QSFP+ to 4SFP+ connectors, 7M, Twinax, Active Cable | Plusoptic DACQSFP+-4-7M-A-CIS","","","","",""
"DACQSFP-40G-5M-HUA","Huawei compatible 40G DAC with QSFP+ to QSFP+ connectors, 5M, Twinax, Passive Cable | Plusoptic DACQSFP+-5M-HUA","","","","",""
"DACSFP-10G-10M-A-HUA","Huawei compatible 10G DAC with SFP+ to SFP+ connectors, 10M, Twinax, Active Cable | Plusoptic DACSFP+-10M-A-HUA","","","","",""
"DACSFP-10G-3M-H3C","H3C compatible DAC, SFP+ to SFP+, 10G, 3M, Twinax Cable | Plusoptic DACSFP+-3M-H3C","","","","",""
"DL.DAP.3712.2PK","D-Link | DAP-3712-2PK | Long Range Wi-Fi 5 Wireless Bridge (20km) | 2 Pack","","","","",""
"DL.DGS.1210.20","D-Link | DGS-1210-20 | 20 Port Gigabit Smart Managed Switch with 20 RJ45 and 4 SFP (Combo) Ports","","","","",""
"DL.DGS.F1010P.E","D-Link | DGS-F1010P-E | 10 Port Gigabit PoE Switch with 8 Long Reach PoE Ports and 2 Uplink Ports","","","","",""
"DL.DIS.F100G.6PS.E","D-Link | DIS-F100G-6PS-E | 6 Port Gigabit Industrial PoE+ Switch with 4 PoE Ports and 2 SFP Ports ** PSU NDR-240-48 Not Included **","","","","",""
"FL.OS2LCLC3MP","3m LC-LC OS1 / OS2 Singlemode Fibre Optic Cable: Salmon Pink","","","","",""
"IV2477X-BLK","IVSEC SMALL CONDUIT JUNCTION BOX FOR BLACK NC110*, NC305*, NC323*, NC317*IV2477X-BLK","","","","",""
"IV2488X","IVSEC POLE MOUNT BRACKET FOR IV2422X, IV2455X, IV2455X, IV2477X AND NC591XAIV2488X","","","","",""
"IV2WIREKIT","IVSEC POE OVER COAX / 2 WIRE IVSEC POE OVER COAX / 2 WIREIV2WIREKIT","","","","",""
"IVK-29B","iVSEC | IVK-29B Camera Kit | 4x NC110ADX 5MP IP Cameras with Adv Det, NR308XD-4TB PoE NVR 4K, IVS","","","","",""
"IVNC340XB","iVSEC | NC340XB | Turret IP Camera, 12MP, 3.6mm Lens, 15FPS, PoE, IP66, 30m IR, Mic, IVS","","","","",""
"IVNR3082XB","iVSEC | NR3082XB | 8 Channel NVR, 12MP, 8 PoE Ports, 2 Bays, H265, 4K HDMI, IVS","","","","",""
"LC-LC-OM1-90M-DX","Fibre Patch, LC-LC, OM1, 90M, Multimode Duplex","","","","",""
"LE-T5PLS-24F","LEVITON - Moulded Fibre Splice Tray 7.6 inch X 4.6 inch up To 24F heat shrink fusion splicing| Includes 60mm splice sleeves","","","","",""
"LVK-000B","iVSEC | LVK-000B Camera Kit | 4x NC000XA 4MP IP Cameras, NR004XB-2TB 4 PoE NVR 4K","","","","",""
"MDR-10-15","Mean Well | MDR-10-15 | 15V Slim DIN Rail Power Supply 0.67A 10W","","","","",""
"MPOFF-OM4-1M-8","1m MPO-MPO 8F Multimode OM4 Fiber Optic Cable | Magenta","","","","",""
"NICPCI-1SFP100FX","PCI NIC, Single Port SFP 100Mb FX with VT6105 Controller","","","","",""
"NICPCIE-10G-2RJ45","PCI Express x8 NIC, Dual 10Gbps Copper RJ45 with Intel® X540AT2 Network Controller","","","","",""
"PDU.3460.15A","Chatsworth EA-3460-C Monitored eConnect PDU | Black | Horizontal 2U | AS/NZS 3112 15A 3-Pin Flat","","","","",""
"PDU.6019.15A","Chatsworth A-6019-C Switched Pro eConnect PDU | Black | Vertical | AS/NZS 3112 15A 3-Pin Flat Input","","","","",""
"QSFP-40G-ER4-CIS","Cisco compatible (QSFP-40GE-ER4) 40G, QSFP+, 1310nm, 40KM Transceiver, LC Connector for SMF with DOM","","","","",""
"QSFP-40G-SR4-HP","HP / Aruba compatible (JG325A, JH231A), 40G, QSFP+, 850nm, 150M Transceiver, MTP/MPO Connector for MMF with DOM","","","","",""
"QSFP28-SR4-ARI","Arista compatible 100G QSFP28 Transceiver, 850nm, Reach up to 100M, MTP/MPO Connector for MMF","","","","",""
"QSFP28-SR4-CIS","Cisco compatible (QSFP-100G-SR4-S) 100G, QSFP28, 850nm, 100M Transceiver, MTP/MPO Connector for MMF with DOM","","","","",""
"SFP-1G-LX120-PLU","Plusoptic 1.25G, SFP, 1550nm, 120KM Transceiver, LC Connector for SMF with DOM","","","","",""
"SFP-T-PLU","Plusoptic 1000Mbps, Copper SFP, 100M Transceiver, RJ-45 Connector for Copper","","","","",""
"SFPFC-16G-LR-PLU","Plusoptic 16G, Fibre Channel SFP+, 1310nm, 10KM Transceiver, LC Connector for SMF with DOM","","","","",""
"SFPFC-16G-SR-CIS","Cisco compatible (DS-SFP-FC16G-SW) 16G, Fibre Channel SFP+, 850nm, 100M Transceiver, LC Connector for MMF with DDM","","","","",""
"TT.RUTXR1","Teltonika | RUTXR1 | Enterprise Rack-Mountable Gigabit 4G LTE CAT6 Industrial Router","","","","",""
"TT.TRB145AU","Teltonika | TRB145 | Industrial RS485 to 4G LTE CAT 1 IoT Gateway","","","","",""
"TT.TRB500","Teltonika | TRB500 | 5G LTE CAT 20 Industrial Gateway, backwards compatible with 4G (LTE CAT 20) and 3G","","","","",""
"UB.UA.HUB.DOOR.MINI","Ubiquiti | UA-Hub-Door-Mini | UniFi Access Hub Door Mini","","","","",""
"UB.UC.DISPLAY","Ubiquiti | UC-Display | 21.5"" Full HD PoE++ touchscreen designed for UniFi Connect","","","","",""
"UB.USW.PRO.48N","Ubiquiti | USW-Pro-48 | UniFi 48 Port Pro Gigabit Managed Layer 2 Switch, with Layer 3 Features, with 4 SFP+ Ports, non-PoE","","","","",""
"UB.USW.PRO.MAX.48N","Ubiquiti | USW-Pro-Max-48 | UniFi 48 Port (16x 2.5G Ports, 32x 1G Ports) Pro Max Layer 3 Etherlighting Switch, with 4 SFP+ Ports, non-PoE","","","","",""
"UB.UVC.UNVR.G2","Ubiquiti | UNVR-G2 | UniFi 4 Bay Network Video Recorder G2, 1RU","","","","",""
"VIGI.NVR2016H.16P","VIGI 16 Channel PoE+ Network Video Recorder","","","","",""
"WT05018162001","WERA 851 S PH 3 x 70 mm","","","","",""
"XFP-10G-ZR-PLU","Plusoptic 10G, XFP, 1550nm, 80KM Transceiver, LC Connector for SMF with DOM","","","","",""
"ZKIT-090-030-200","Heavy Duty Storage Shelving 2000H x 900W x 300D","","","","",""
"ZKIT-090-060-240","Heavy Duty Storage Shelving 2400H x 900W x 600D","","","","",""
"ZKIT-090-060-270","Heavy Duty Storage Shelving 2700H x 900W x 600D","","","","",""
"ZKIT-150-050-200","Metal Shelving 2000H x 1500W x 500D","","","","",""
"ZKIT-200-030-240","Heavy Duty Storage Shelving 2400H x 2000W x 300D","","","","",""
"002.008.0211","OE Elsafe: Umbilical Cable Management - Pathfinder Ceiling to Desk 2140mm in Clear","","","","",""
"002.008.1230","Spiral Binding Cable Wrap - 30.5m x 12mm: Black","","","","",""
"004.004.2110","Western Digital WD Purple 10TB 3.5"" Surveillance HDD 7200RPM 256MB SATA3 6Gb/s 265MB/s 550TBW 24x7 64 Cameras AV NVR DVR","","","","",""
"004.300.3003.10PACK","1m CAT6A RJ45 S/FTP THIN LSZH 30 AWG Network Cable | 10 Pack White","","","","",""
"004.650.2000.10PACK","0.25m CAT6A THIN U/UTP LSZH 28 AWG RJ45 Network Cable | 10 Pack Black","","","","",""
"005.004.0203","USB 3.1 Type-C Male to VGA & HDMI® Converter","","","","",""
"006.008.0125","TP-Link | SG3452 | Omada 48 Port Gigabit L2+ Managed Rackmount Switch with 4 SFP Slots","","","","",""
"006.008.0130","TP-Link TL-SX1008 | 8 Port 10G Multi-Gigabit Switch","","","","",""
"006.008.0180","TP-Link SG3218XP-M2 | Omada 16 Port 2.5G and 2 Port 10GE SFP+ L2+ Managed Switch with 8 Port PoE+","","","","",""
"006.016.0054","TP-Link CPE710| 5GHz AC 867Mbps 23dBi Outdoor CPE","","","","",""
"006.016.0096","TP-Link EAP680 | Omada AX6000 Ceiling Mount Dual-Band Wi-Fi 6 Access Point","","","","",""
"006.108.1331","Aten | UE3310 | USB 3.1 Gen 1 10m Extender Cable with AC Adapter, support 5Gbps data-rate, daisy-chain up to 50m, unique locker head design","","","","",""
"007.003.0091","Multi-Pair 7/0.30mm² 1 Pair Screened PVC Cable | 500m Black","","","","",""
"007.003.0095","Multi-Pair 7/0.30mm² 2 Pair Screened PVC Cable | 500m Black","","","","",""
"011.180.2103","2m Lockable IEC C13 to IEC C14 Cable","","","","",""
"012.009.1701","Socomec NETYS PR RT 1700VA Battery Connection","","","","",""
"012.010.0007","Socomec ITYS3 1kVA Tower LCD UPS | ITY3-TW010B-AU","","","","",""
"012.010.0009","Socomec ITYS3 3kVA Tower LCD UPS | ITY3-TW030B-AU","","","","",""
"015.003.0005","SC SM M to F/M Attenuator 15dB","","","","",""
"015.051.0005","OE Elsafe: Pixel 1 x GPO with 2000mm Lead and 10A Three Pin Plug - White/Silver","","","","",""
"016.003.0035","SVGA Wall Plate with Stereo Audio","","","","",""
"016.006.0010","Dual SVGA Wall Plate with 3.5mm Audio Outlet","","","","",""
"030.000.0079","Olight Perun 2 Black 2500 Lumen LED Headlamp and torch | Rechargeable Li-ion battery","","","","",""
"030.000.0115","Olight Warrior X Turbo Black 1,100 Lumens Hunting Torch - EOL","","","","",""
"040.000.0063.10PACK","4C | Ultima 3 Gang Switch 250V 16AX - Vertical - 10 Pack with 10 FREE C-Clips","","","","",""
"040.000.0234","4C | Weatherproof Isolator 3 Pole 440V 63A IP66","","","","",""
"040.000.0293.10PACK","4C | Classic 5 Gang Switch 250V 16AX - Horizontal - 10 Pack with 10 FREE C-Clips","","","","",""
"040.040.0376","4C | Junction Box 20mm 1 Way - 10 Pack","","","","",""
"040.040.0441","4C | 40mm Corrugated Conduit Medium Duty Grey 25 meter/roll","","","","",""
"AOCSFP-10G-1M-CIS","Cisco compatible AOC, SFP+ to SFP+, 10G, 1M, Fibre Cable, AOCSFP+-1M-CIS","","","","",""
"BISFP-D-20-PLU.TAA","PlusOptic 1.25G, BiDi SFP, TX1490nm / RX1310nm, 20KM Transceiver, LC Connector for SMF with DOM. BISFP-D-20-PLU | TAA Compliant","","","","",""
"BISFP-D-40-HUA","Huawei compatible 1.25G, BiDi SFP, TX1490nm / RX1310nm, 40KM Transceiver, LC Connector for SMF with DOM","","","","",""
"BISFP-D-40-RUGI","RUGGEDCOM compatible 1.25G, BiDi SFP, TX1490nm / RX1310nm, 40KM Transceiver, LC Connector for SMF with DDMI | Industrial temperature rated","","","","",""
"BISFP-U-10-JUN","Juniper compatible BiDi SFP, 1.25G, TX1310nm / RX1490nm, 10KM Transceiver, LC Connector for SMF with DDMI","","","","",""
"BISFP-U-20-H3C","HP / H3C compatible (JD099B) 1.25G, BiDi SFP, TX1310nm / RX1490nm, 20KM Transceiver, LC Connector for SMF with DOM","","","","",""
"BISFP-U2-120-PLU","Plusoptic 1.25G, BiDi SFP, TX1490nm / RX1550nm, 120KM Transceiver, LC Connector for SMF with DOM","","","","",""
"C1300-8P-E-2G","Cisco | C1300-8P-E-2G | Catalyst 1300 8 Port GE, PoE, Ext PS, 2x1G Combo","","","","",""
"CWSFP-10G-XX-80-MEL","Mellanox compatible 10G, CWDM SFP+, 1470-1610nm, 80KM Transceiver, LC Connector for SMF with DDMI","","","","",""
"DACQ28-2M-PLU","Plusoptic compatible DAC, QSFP28 to QSFP28, 100G, 2M, Twinax Cable, DACQ28-2M-PLU","","","","",""
"DACQSFP-1M-HP","HP Compatible DAC, QSFP+ to QSFP+, 40G, 1M, Passive Cable DACQSFP-1M-HP","","","","",""
"DACQSFP-2M-HUA","Huawei compatible DAC, QSFP+ to QSFP+, 40G, 2M, Twinax Cable, DACQSFP-2M-HUA","","","","",""
"DACQSFP-2M-PLU","Plusoptic compatible DAC, QSFP+ to QSFP+, 40G, 2M, Twinax Cable, DACQSFP-2M-PLU","","","","",""
"DACQSFP-7M-PLU","Plusoptic compatible 40G DAC with QSFP+ to QSFP+ connectors, 7M, Twinax, Passive Cable | Plusoptic DACQSFP-7M-PLU","","","","",""
"DACSFP-10G-10M-A-JUN","Juniper compatible 10G DAC with SFP+ to SFP+ connectors, 10M, Twinax, Active Cable | Plusoptic DACSFP+-10M-A-JUN","","","","",""
"DACSFP-10G-2M-PLU","Plusoptic compatible DAC, SFP+ to SFP+, 10G, 2M, Twinax Cable | Plusoptic DACSFP+-2M-PLU","","","","",""
"DACSFP-10G-3M-JUN","Juniper compatible DAC, SFP+ to SFP+, 10G, 3M, Twinax Cable | Plusoptic DACSFP+-3M-JUN","","","","",""
"DACSFP-10G-7M-EXT","Extreme compatible 10G DAC with SFP+ to SFP+ connectors, 7M, Twinax, Passive Cable | Plusoptic DACSFP+-7M-EXT","","","","",""
"DL.DGS.1016D","D-Link | DGS-1016D | 16 Port Gigabit Unmanaged Switch (Metal Housing)","","","","",""
"FL.OS2LCSC5MP","5m LC-SC OS1 / OS2 Singlemode Fibre Optic Cable: Salmon Pink","","","","",""
"IVK-55B","iVSEC | IVK-55B Camera Kit | 4x NC340ADXB 12MP IP Cameras with Adv Det, NR3082XB-4TB, 8x PoE NVR 4K","","","","",""
"IVNR008XA","IVSEC NR008XA NVR, 8 CHANNELS, 8MP, 8 x POE PORTS, 1 BAY, H265, 4K HDMI, BASIC IVS","","","","",""
"IVNR308XD","iVSEC | NR308XD | 8 Channel NVR, 12MP, 8 PoE Ports, 1 Bay, H265 4K HDMI, IVS","","","","",""
"IVNR6324XB","IVSEC NR6324XB NVR, 32 CHANN ELS 16 x POE PORTS, 2 GIGABIT, 4 BAY BAYS, H265, 4K HDMI, IVSNR6324XB","","","","",""
"LC-LC-OM1-20M-DX","Fibre Patch, LC-LC, OM1, 20M, Multimode Duplex","","","","",""
"LC-LC-OM1-25M-SX","Fibre Patch, LC-LC, OM1, 25M, Multimode Simplex","","","","",""
"LC-LC-OM1-50M-DX","Fibre Patch, LC-LC, OM1, 50M, Multimode Duplex","","","","",""
"LC-LC-OM1-60M-SX","Fibre Patch, LC-LC, OM1, 60M, Multimode Simplex","","","","",""
"LC-LC-OM1-70M-DX","Fibre Patch, LC-LC, OM1, 70M, Multimode Duplex","","","","",""
"LC-LC-OM1-80M-SX","Fibre Patch, LC-LC, OM1, 80M, Multimode Simplex","","","","",""
"MPO-PANEL-1U-CM","Cable Management Suitable for 1U or 3U Fibre Patch Panel","","","","",""
"MPOFF-OS2-10M-12","10m MPO-MPO 12F Single mode G652D Fiber Optic Cable | Yellow","","","","",""
"NICPCIE-1SFP-100FX","Plusoptic PCIE NIC, Single Port SFP 100Mb FX with Intel® 82574 Controller","","","","",""
"PDU.6298.15A","Chatsworth EA-6298-C Switched Pro eConnect PDU | Black | 1U | AS/NZS 3112 15A 3-Pin Flat Input","","","","",""
"PW.ST35MM.P5","Planet Waves Nickel-Plated 3.5mm Connector- Male | Pack of 5","","","","",""
"QSFP-40G-SR4-JUN","Juniper compatible (JNP-QSFP-40G-SRX, QSFPP-4X10GE-SR), 40G, QSFP+, 850nm, 150M Transceiver, MTP/MPO Connector for MMF with DOM","","","","",""
"QSFP28-SR4-JUN","Juniper compatible 100G, QSFP28, 850nm, 100M Transceiver, MTP/MPO Connector for MMF with DOM","","","","",""
"SFP-10G-ER-H3C","Plusoptic | SFP-10G-ER-H3C | HP / H3C compatible (JG234A) 10G, SFP+, 1550nm, 40KM Transceiver, LC Connector for SMF with DOM","","","","",""
"SFP-10G-LR-NOK","Nokia compatible 10G, SFP+, 1310nm, 10KM Transceiver, LC Connector for SMF","","","","",""
"SFP-10G-SR-HUA","Huawei compatible (0231A0A6) 10G, SFP+, 850nm, 300M Transceiver, LC Connector for MMF with DOM","","","","",""
"SFP-10G-SR-MEL","Mellanox compatible 10G, SFP+, 850nm, 300M Transceiver, LC Connector for MMF with DOM","","","","",""
"SFP-10G-T-PLU","Plusoptic 10G, Copper SFP+, 30M Transceiver, RJ-45 Connector for Copper - CAT6","","","","",""
"SFP-10G-ZR-HP","HP / Aruba compatible 10G, SFP+, 1550nm, 80KM Transceiver, LC Connector for SMF with DOM","","","","",""
"SFP-10G-ZR-PLU","Plusoptic | 10G, SFP+, 1550nm, 80KM Transceiver, LC Connector for SMF with DOM","","","","",""
"SFP-1G-EX-CIS","Cisco compatible (GLC-EX-SMD GLC-LH40-SM) 1.25G, SFP, 1310nm, 40KM Transceiver, LC Connector for SMF with DOM","","","","",""
"SFP-1G-LX-EXT","Extreme compatible (10052 10052H 10060 MGBIC-LC09 MGBIC-LC09-G 1G-SFP-LX-OM) 1.25G, SFP, 1310nm, 10KM Transceiver, LC Connector for SMF with DOM","","","","",""
"SFP-1G-SX-HUA","Huawei compatible (0231A562 SFP GE-SX-MM850 SFP-1.25G-SX SFP-GE-SX-MM850) 1.25G, SFP, 850nm, 550M Transceiver, LC Connector for MMF with DOM","","","","",""
"SFP-1G-ZX-HP","HP / Aruba compatible (J4860A J4860B J4860C J4860D) 1.25G, SFP, 1550nm, 80KM Transceiver, LC Connector for SMF with DOM","","","","",""
"SFP-T-GFE-PAL","Palo Alto compatible 10/100/1000Mbps, Copper SFP, 100M Transceiver, RJ-45 Connector for Copper","","","","",""
"SFP-T-HUA","Huawei compatible (0231A085 GBIC-T SFP GE-T-H SFP-GE-T-H) 1000Mbps, Copper SFP, 100M Transceiver, RJ-45 Connector for Copper","","","","",""
"SFP-T-JUN","Juniper compatible (EX-SFP-1GE-T QFX-SFP-1GE-T SFP-1GE-T SFP-1GE-TX SRX-SFP-1GE-T) 1000Mbps, Copper SFP, 100M Transceiver, RJ-45 Connector for Copper","","","","",""
"TT.PR5MEC24","Teltonika | PR5MEC24 | TSW1 Rear Panel with DIN Rail Holder | Suitable for TSW100, TSW101","","","","",""
"TT.RUTX14","Teltonika | RUTX14 | Dual SIM 4G LTE CAT12 Industrial Router","","","","",""
"TT.TRB245AU","Teltonika | TRB245 | Dual SIM M2M LTE CAT4 Industrial Gateway","","","","",""
"UB.U6.ENTERPRISE.IW","Ubiquiti | Unifi Network | U6-Enterprise-IW | Wall-Mounted Enterprise WiFi 6 Access Point with a Built-in PoE Switch","","","","",""
"UB.UA.HUB.GATE","Ubiquiti | UA-HUB-Gate | UniFi Access Hub Gate","","","","",""
"UB.USW.PRO.24N","Ubiquiti | USW-Pro-24 | UniFi 24 Port Pro Gigabit Managed Layer 2 Switch, with Layer 3 Features, with 2 SFP+ Ports, non-PoE","","","","",""
"UB.UVC.AI.360","Ubiquiti Amplifi UVC-AI-360 UniFi Protect Camera AI 360 High-Resolution PTZ 360° Fisheye Lens","","","","",""
"UB.UVC.G5.DOME.ULTRA","Ubiquiti | UVC-G5-Dome-Ultra | UniFi Protect Ultra-Compact / IKO6 Tamper-Resistant 2K HD PoE Camera G5 Dome | White","","","","",""
"VIGI.SP6030","Intelligent Solar Power Supply System","","","","",""
"VIGI.SP9030","Intelligent Solar Power Supply System","","","","",""
"WT05018151001","WERA 840 S Hex-Plus 4,0 x 70 mm","","","","",""
"XENPAK-10G-SR-CIS","Cisco compatible 10G, XENPAK, 850nm, 300M Transceiver, SC Connector for MMF with DOM","","","","",""
"XFP-10G-LR-CIS","Cisco compatible (10GBASE-LR-XFP ONS-XC-10G-S1 XFP-10GB-LR XFP10GLR-192SR-L XFP-10GLR-OC192SR) 10G, XFP, 1310nm, 10KM Transceiver, LC Connector for SMF with DOM","","","","",""
"XFP-10G-ZR-JUN","Juniper compatible (EX-XFP-10GE-ZR XFP-10G-Z-OC192-LR2) 10G, XFP, 1550nm, 80KM Transceiver, LC Connector for SMF with DOM","","","","",""
"ZADD-090-060-270","Heavy Duty Storage Shelving 2700H x 900W x 600D Extension Kit","","","","",""
"ZM-1200-500-2000","Metal Shelving 2000H x 1200W x 500D Bolted Set","","","","",""
"ZM-1500-500-2000","Metal Shelving 2000H x 1500W x 500D Bolted Set","","","","",""
"002.001.4275","4Cabling 42RU 800mm Wide x 1070mm Deep Premium Server Rack with Bi-Fold Mesh Door","","","","",""
"002.002.2202","Glass Door for 27RU Free Standing Server Racks 600mm Wide","","","","",""
"002.007.1320","4Cabling 3RU 19"" Vertical Wall Mount Frame","","","","",""
"002.008.0051","4Cabling 2RU Wide Vertical Cable Management Rail | 47 Slot | 2 Pack","","","","",""
"002.008.1020","1RU Small Plastic Cable Management Ring 32 x 62mm","","","","",""
"002.014.6006","4Cabling 150mm High Floor Mount Plinth | Suitable for 600mm x 600mm","","","","",""
"002.015.1266","12RU 600mm Wide x 600mm Deep Grey Outdoor Wall Mount Cabinet. IP65","","","","",""
"002.015.1866","4Cabling 18RU 600mm Wide x 600mm Deep Grey Outdoor Wall Mount Cabinet | IP65","","","","",""
"002.015.1866.V","4Cabling 18RU 600mm Wide x 600mm Deep Grey Outdoor Wall Mount Ventilated Cabinet | IP45","","","","",""
"004.002.6018","4m RJ45 CAT6 Ethernet Network Cable | Yellow","","","","",""
"004.002.9003","1m RJ45 CAT6 Ethernet Network Cable | Grey","","","","",""
"004.100.2003","1m CAT6A S/FTP LSZH Ethernet Network Cable | Black","","","","",""
"004.100.7016","0.75m CAT6A S/FTP LSZH Ethernet Network Cable | Grey","","","","",""
"004.100.9050","50m CAT6A S/FTP LSZH Ethernet Network Cable | Pink","","","","",""
"004.650.3002.10PACK","0.15m CAT6A THIN U/UTP LSZH 28 AWG RJ45 Network Cable | 10 Pack White","","","","",""
"004.650.3016.50PACK","0.75m CAT6A THIN U/UTP LSZH 28 AWG RJ45 Network Cable | 50 Pack White","","","","",""
"004.650.5002","0.15m CAT6A THIN U/UTP LSZH 28 AWG RJ45 Network Cable | Orange","","","","",""
"004.650.8002","0.15m CAT6A THIN U/UTP LSZH 28 AWG RJ45 Network Cable | Green","","","","",""
"005.001.0177","USB AM-BM Cable: 1m","","","","",""
"005.001.1038","ATEN | USB 2.0 Cat5 Extender","","","","",""
"005.001.1089","TP-Link | Archer A6 | AC1200 Dual-Band Wi-Fi Router","","","","",""
"005.001.1094","TP-Link | TL-WR802N | 300Mbps Wireless N Nano Pocket Router","","","","",""
"006.003.0008","4Cabling 8 Port Unloaded Wall Mount Patch Panel","","","","",""
"006.008.0064","TP-Link | SM9110-SR4 | Omada 100GBASE-SR4 QSFP28 Transceiver","","","","",""
"006.008.0071","TP-Link | SM311LS | Singlemode 1Gb/s MiniGBIC Module - SFP Module","","","","",""
"006.008.0076","TP-Link | SM321A | Omada 1000Base-BX WDM Bi-Directional SFP Module, LC connector","","","","",""
"006.008.0077","TP-Link | SM321B | Omada 1000Base-BX WDM Bi-Directional SFP Module, LC connector","","","","",""
"006.008.0079","Omada 25GBase-LR SFP28 LC Transceiver","","","","",""
"006.008.0104","TP-Link | POE10E | Omada Fast Ethernet PoE+ Extender","","","","",""
"006.008.0108","TP-Link | SM321B-2 | Omada Gigabit Single-Mode WDM Bi-Directional - SFP Module, LC Connector, TX:1310nm/RX:1550nm, Single-mode, 2km","","","","",""
"006.008.0109","TP-Link | SM5220-1M | Omada 1M Direct Attach SFP+ Cable for 10Gigabit Connections","","","","",""
"006.008.0110","TP-Link | SM5220-3M | Omada 3M Direct Attach SFP+ Cable for 10Gigabit Connections","","","","",""
"006.008.0111","TP-Link | SM9220-1M | Omada 1m 100G QSFP28 Direct Attach Cable","","","","",""
"006.008.0112","TP-Link | SM6220-1M | Omada 1M Direct Attach 25G SFP28 Cable","","","","",""
"006.008.0115","TP-Link | SM5110LSA-10 | Omada 10GBase-BX WDM Bi-Directional SFP+ LC Module","","","","",""
"006.008.0116","TP-Link | SM5110LSB-10 | Omada 10GBase-BX WDM Bi-Directional SFP+ LC Module","","","","",""
"006.008.0122","TP-Link | SX3008F | Omada 8 Port 10GE SFP+ L2 Managed Core Rackmount Switch","","","","",""
"006.008.0131","TP-Link TL-SX105 | 5 Port 10G Multi-Gigabit Desktop Switch","","","","",""
"006.008.0133","TP-Link TL-SG108-M2 | 8 port 2.5G Multi-Gigabit Desktop Switch","","","","",""
"006.008.0134","TP-Link TL-SG105-M2 | 5 port 2.5G Multi-Gigabit Desktop Switch","","","","",""
"006.008.0142","Omada 8-Port 2.5GBASE-T and 2-Port 10GE SFP+ L2+ Managed Switch with 8-Port PoE+","","","","",""
"006.008.0167","TP-Link | SG3452X | Omada 48 Port Gigabit L2+ Managed Rackmount Switch with 4 10GE SFP+ Slots","","","","",""
"006.008.0175","TP-Link | SG3428X-M2 | Omada 24 Port 2.5G BASE-T L2+ Managed Rackmount Switch with 4 10GE SFP+ Slots","","","","",""
"006.008.0176","TP-Link | SG3428XPP-M2 | Omada 24 Port 2.5G BASE-T and 4 Port 10GE SFP+ L2+ Managed Rackmount Switch with 16 Port PoE+ & 8 Port PoE++","","","","",""
"006.008.0178","TP-Link | TL-SG1006PP | 6 Port Gigabit Desktop Switch with 3 Port PoE+ and 1 Port PoE++","","","","",""
"006.008.0179","TP-Link | TL-SG105PP-M2 | 5 Port 2.5G Desktop Switch with 4 Port PoE++","","","","",""
"006.008.0182","TP-Link SG2005P-PD | Omada 5 Port Gigabit Smart Switch with 1 Port PoE++ In and 4 Port PoE+ Out","","","","",""
"006.008.0186","Omada 8-Port 2.5GBASE-T and 2-Port 10GE SFP+ Smart Switch with 8-Port PoE+","","","","",""
"006.008.0187","Omada 52-Port Gigabit Smart Switch with 32-Port PoE+","","","","",""
"006.008.0189","Omada 48-Port Gigabit and 4-Port 10GE SFP+ L2+ Managed Switch with 40-Port PoE+ & 8-Port PoE++","","","","",""
"006.008.0191","Omada 32-Port 10GE SFP+ L2+ Managed Switch","","","","",""
"006.008.7022","4C | Rackmount KVM Switch |1 Port HDMI 19"" LCD KVM Single Rail Rackmount HDMI Connector","","","","",""
"006.008.7023","4C | Rackmount KVM Switch | 4 Port HDMI 19"" LCD KVM Single Rail Rackmount HDMI Connector","","","","",""
"006.010.3003","Aten | USB Adapter UC3002A: USB-C to VGA Adapter | Aluminium Housing","","","","",""
"006.016.0044","10/100Mbps WDM Media Converter","","","","",""
"006.016.0046","10/100Mbps WDM Media Converter","","","","",""
"006.016.0067","TP-Link EAP110-Outdoor | 300Mbps Wireless N Outdoor Access Point","","","","",""
"006.016.0087","Omada Multi-Gigabit VPN Router","","","","",""
"006.016.0093","TP-Link | ER8411 | Omada VPN Router with 10G Ports","","","","",""
"006.016.0097","TP-Link ER706W | Omada AX3000 Gigabit VPN Router","","","","",""
"006.016.0100","Omada Hardware Controller","","","","",""
"006.016.0102","TP-Link | EAP773 | Omada BE9300 Ceiling Mount Tri-Band Wi-Fi 7 Access Point ** PoE Injector Not Included **","","","","",""
"006.016.0103","TP-Link | EAP783 | Omada AX6000 Ceiling Mount Tri-Band Wi-Fi 7 Access Point ** PoE Injector not included **","","","","",""
"006.016.0107","TP-Link | EAP683 LR | Omada AX6000 Ceiling Mount Wi-Fi 6 Access Point ** PoE Injector Not Included **","","","","",""
"006.016.0108","AX3000 Ceiling Mount Wi-Fi 6 Access Point","","","","",""
"006.016.0111","AX6000 Ceiling Mount Wi-Fi 6 Access Point","","","","",""
"006.016.0122","TP-Link | EAP772-Outdoor | Omada Tri-Band Omnidirectional BE9300 Indoor/Outdoor Wi-Fi 7 Access Point","","","","",""
"006.016.0129","TP-Link | EAP787 | Omada BE12000 Ceiling Mount Tri-Band Wi-Fi 7 Access Point","","","","",""
"006.016.0130","TP-Link | EAP668-Outdoor HD | Omada AX3600 Indoor/Outdoor Wi-Fi 6 Access Point","","","","",""
"006.016.0132","TP-Link | Beam Bridge 5 UR KITD | Omada 5GHz 867Mbps Ultra-Range Indoor/Outdoor Wireless Bridge","","","","",""
"006.016.0401","TP-Link | ISM311LS | Omada 1000Base-LX SMF Industrial SFP Module","","","","",""
"006.016.0402","TP-Link | ISM311LM | Omada 1000Base-SX MMF Industrial SFP Module","","","","",""
"006.016.0403","TP-Link | ISM321A-20 | Omada 1000Base-BX WDM Bi-Directional Industrial SFP Module","","","","",""
"006.016.0404","TP-Link | ISM321B-20 | Omada 1000Base-BX WDM Bi-Directional Industrial SFP Module","","","","",""
"010.003.0005","Keystone Blank Inserts-Black Pack of 10","","","","",""
"011.165.5800","White 4 Outlet Powerboard | 1m Lead","","","","",""
"011.180.0078","5m IEC C13 to Mains (7.5A/1800W Limit) Power Cable | Black","","","","",""
"011.180.1803","2m Medical IEC C13 to 10A Mains Power Cord | Orange","","","","",""
"012.008.2001","MBP-1U-IEC Maintenance Bypass Switch 1.1-3.3kVA, Rack 1U","","","","",""
"012.008.2003","MBS16A11 Maintenance Bypass Switch for Socomec ITYS 1kVA - 3kVA, Wall Mount","","","","",""
"012.008.2004","MBS40A11 Maintenance Bypass Switch for ITYS 6-1kVA , Wall Mount","","","","",""
"012.009.0011","Socomec | NET-VISION8-EMD | NETVISION ENVIRONMENT SENSOR","","","","",""
"012.009.3301","Socomec NETYS PR PT 2200-3300 VA Battery Extension","","","","",""
"012.010.0011","Socomec ITYS 1kVA Extension Battery | ITY3-EX010B","","","","",""
"012.010.0012","Socomec ITYS 2-3kVA Extension Battery | ITY3-EX030B","","","","",""
"012.011.0010","Socomec | NRT4-U010B | Netys RT4 1kVA rack 2U/tower UPS, Online Double Conversion","","","","",""
"012.011.0015","Socomec | NRT4-U015B | Netys RT4 1.5kVA rack 2U/tower UPS, Online Double Conversion","","","","",""
"012.011.0016","Socomec | NRT4-B015 | Netys RT4 EBM battery module for 1 / 1.5kVA","","","","",""
"012.011.0030","Socomec | NRT4-U030B | Netys RT4 3kVA rack 2U/tower UPS, Online Double Conversion","","","","",""
"012.011.0031","Socomec | NRT4-B030 | Netys RT4 EBM battery module for 2 / 3kVA","","","","",""
"012.011.0050","Socomec | NRT4-U050-CK | Netys RT4 5kVA rack 4U/tower UPS + 1 EBM, Online Double Conversion","","","","",""
"012.011.0060","Socomec | NRT4-U060-CK | Netys RT4 6kVA rack 4U/tower UPS + 1 EBM, Online Double Conversion","","","","",""
"012.011.0061","Socomec | NRT4-B060 | Netys RT4 EBM battery module for 5 / 6KVA","","","","",""
"012.011.0080","Socomec | NRT4-U080-CK | Netys RT4 8.5kVA rack 5U/tower UPS + 1 EBM, Online Double Conversion","","","","",""
"012.011.0100","Socomec | NRT4-U100-CK | Netys RT4 10kVA rack 5U/tower UPS + 1 EBM, Online Double Conversion","","","","",""
"012.011.0101","Socomec | NRT4-B100 | Netys RT4 EBM battery module for 8.5 / 10KVA","","","","",""
"013.002.5025","Cable Ducting 50mm(W) x 25mm(H) x 2m: White","","","","",""
"013.012.7013","Cable Cover - 70mm x 15mm x 2m: White","","","","",""
"015.004.0040","4C | 12 Cores Outdoor Wall Mount Fibre Optic Termination Box","","","","",""
"016.004.0053","OE Elsafe | QIKPAC 600453 | Commercial Grade Power Bank | 3 Battery Pack with Charging Base | BLACK","","","","",""
"016.004.0054","OE Elsafe | QIKPAC 600454 | Commercial Grade Power Bank | 3 Battery Pack with Charging Base | WHITE","","","","",""
"022.002.0231","1m DisplayPort v1.4 Cable Male to Male | 8K @60Hz Black","","","","",""
"022.002.0385","2m Mini DisplayPort Male to DisplayPort Male Cable: Black","","","","",""
"022.002.0387","3m Mini DisplayPort Male to DisplayPort Male Cable | Black","","","","",""
"025.020.0070","OE Elsafe | PICCOLO 250270 | Piccolo TUF-HP 72W Charger with PSU and 1000mm GST08 Cable | WHITE","","","","",""
"025.020.0071","OE Elsafe | PICCOLO 250271 | Piccolo TUF-HP 72W Charger with PSU and 1000mm GST08 Cable | BLACK","","","","",""
"040.000.0021","4C | Classic 1 Gang Switch Grid and Cover Plate - White","","","","",""
"040.000.0229","4C | Weatherproof Isolator 1 Pole IP66 250V 35A","","","","",""
"040.000.0323.10PACK","4C | Ultima Double Power Point 250V 10A with16AX Extra Switch - Vertical - 10 Pack with 10 FREE C-Clips","","","","",""
"040.040.0342","4C | 32mm Sweep Bend 90° Grey Heavy Duty UV resistance","","","","",""
"040.040.0403","4C | Plastic Saddle 20mm Grey - 100 Pack","","","","",""
"040.040.0411","4C | Adaptable Box 108 x 108 x 76mm","","","","",""
"040.040.0424","4C | 25mm Corrugated Conduit Medium Duty Grey 50 meter/roll","","","","",""
"040.040.0431","4C | 50mm Corrugated Conduit Medium Duty Grey 10 meter/roll","","","","",""
"040.040.0432","4C | 50mm Corrugated Conduit Medium Duty Grey 25 meter/roll","","","","",""
"040.040.0434","4C | 50mm Corrugated Conduit Heavy Duty Orange 25 meter/roll","","","","",""
"040.050.0003","4C | Full Saddle Galvanized Steel 32mm | 60 Pack","","","","",""
"040.050.0018","4C | Large Junction Box with Screw Connector","","","","",""
"AK-A08","Akuvox | A08 | Smart access control device with Buletooth","","","","",""
"AK-A08-INWALL","Akuvox | A08-INWALL | A08S In-wall Installation Kit","","","","",""
"ALGO-8301","Algo | 8301 | Wideband IP Paging Adapter & Bell Scheduler Wideband IP Paging Adapter & Bell Scheduler for Integrating Legacy Analog Amplifiers – PoE The PoE 8301 IP paging","","","","",""
"ALGO-8420","Algo | 8420 | IP Dual-Sided 15.6"" LCD Screen Display with Speaker IP Dual-Sided Visual Display Speaker for Visual and Audible Alerting and Notification. Algo’s 8420 IP Dual-Sided Visual Display","","","","",""
"AOCQSFP-40G-4-3M-JUN","Juniper Compatible (JNP-QSFP-AOCBO-3M) AOC, QSFP+-4SFP, 40G, 3M, Active Optical Cable. AOCQSFP+-4-3M-JUN","","","","",""
"AOCSFP-10G-1M-PLU","Plusoptic compatible AOC, SFP+ to SFP+, 10G, 1M, Fibre Cable, AOCSFP+-1M-PLU","","","","",""
"AOCSFP-10G-2M-CIS","Cisco compatible AOC, SFP+ to SFP+, 10G, 2M, Fibre Cable, AOCSFP+-2M-CIS","","","","",""
"AOCSFP-10G-3M-CIS","Cisco compatible AOC, SFP+ to SFP+, 10G, 3M, Fibre Cable, AOCSFP+-3M-CIS","","","","",""
"AOCSFP-10G-3M-PLU","Plusoptic compatible AOC, SFP+ to SFP+, 10G, 3M, Fibre Cable, AOCSFP+-3M-PLU","","","","",""
"AOCSFP-10G-5M-CIS","Cisco compatible AOC, SFP+ to SFP+, 10G, 5M, Fibre Cable, AOCSFP+-5M-CIS","","","","",""
"AOCSFP-10G-7M-JUN","Juniper Compatible AOC, SFP+ to SFP+, 10G, 7M, Active Optical Cable AOCSFP+-7M-JUN","","","","",""
"AT-7101GHTM-40","Allied Telesis | AT-7101GHTm-40 | Multi-Gigabit Ethernet PoE++ (802.3bt) injector","","","","",""
"AT-AR4050S-40","Allied Telesis | AT-AR4050S-40 | 1GbE UTM Firewall, 2 x GE WAN and 8 x 10/100/1000 LAN","","","","",""
"AT-AR4050S-5G-40","Allied Telesis | AT-AR4050S-5G-40 | 5G UTM Firewall Router, 2x 10/100/1000 WAN and 8x 10/100/1000 LAN with 5G mobile broadband access and dual SIM slots","","","","",""
"AT-IE220-10GHX-980","Allied Telesis | AT-IE220-10GHX-80 | 8x 10/100/1000T, 2x 1G/10G SFP+ Industrial Ethernet, Layer 2+ Switch PoE++ Support","","","","",""
"AT-IE220-6GHX-80","Allied Telesis | AT-IE220-6GHX-80 | 4x 10/100/1000T, 2x 1G/10G SFP+, Industrial Ethernet, Layer 2+ Switch PoE++ Support","","","","",""
"AT-IE340-12GP-980","Allied Telesis | AT-IE340-12GP-80 | 8x 10/100/1000T, 4x 100/1000X SFP, Industrial Ethernet, Layer 3 Switch, PoE+ Support","","","","",""
"AT-IE340-12GT-80","Allied Telesis | AT-IE340-12GT-80 | 8x 10/100/1000T, 4x 100/1000X SFP, Industrial Ethernet, Layer 3 Switch","","","","",""
"AT-IE340-20GP-980","Allied Telesis | AT-IE340-20GP-80 | 16x 10/100/1000T, 4x 100/1000X SFP, Industrial Ethernet, Layer 3 Switch, PoE+ Support","","","","",""
"AT-TQ6403-GEN2-05","Allied Telesis | AT-TQ6403 GEN2-05 | Enterprise-Class Wi-Fi 6 Wireless Access Point with 2 radios and embedded antenna","","","","",""
"AT-TQ6602-GEN2-00","Allied Telesis | AT-TQ6602 GEN2-00 | Enterprise-Class hybrid Wi-Fi 6 Access Point with 2 radios (4x4 2.4GHZ and 4x4 5GHz) and embedded antenna","","","","",""
"AT-TQ6702-GEN2-00","Allied Telesis | AT-TQ6702 GEN2-00 | Enterprise-Class hybrid Wi-Fi 6 Access Point with 2 radios (4x4 2.4GHz and 8x8 5GHz) and embedded antenna","","","","",""
"AT-TQ6702E-GEN2-00","Allied Telesis | AT-TQ6702e GEN2-00 | Outdoor Wi-Fi 6 hybrid Access Point with 2 radios (4x4 2.4GHZ and 8x8 5GHz) and embedded antenna","","","","",""
"AT-TQ7403-05","Allied Telesis | AT-TQ7403-05 | Enterprise-Class hybrid Wi-Fi 6E Access Point with 3 radios (2x2 2.4GHz and 2x2 5GHz and 2x2 6GHz) embedded and external antenna","","","","",""
"AT-TQM6702-GEN2-00","Allied Telesis | AT-TQm6702 GEN2-00 | Enterprise-Class hybrid Wi-Fi 6 Access Point with 2 radios (4x4 2.4GHz and 8x8 5GHz) and embedded antenna","","","","",""
"AT-x220-52GP-40","Allied Telesis | AT-x220-52GP-40 | 48 Port Gigabit PoE+ Switch with 4 x SFP Ports and single fixed PSU","","","","",""
"AT-x220-52GT-40","Allied Telesis | AT-x220-52GT-40 | 48 Port Gigabit Switch with 4 x SFP Ports and single fixed PSU","","","","",""
"AT-X230-18GT-40","Allied Telesis | AT-x230-18GT-40 | 16 Port Gigabit L2+ Switch with 2 x SFP Ports","","","","",""
"AT-X230-28GP-40","Allied Telesis | AT-x230-28GP-40 | 24 Port Gigabit L2+ PoE Switch with 4 x SFP Ports","","","","",""
"AT-X230-28GT-40","Allied Telesis | AT-x230-28GT-40 | 24 Port Gigabit L2+ Switch with 4 x SFP Ports","","","","",""
"AT-X530L-18GHXM-40","Allied Telesis | AT-x530L-18GHXm-40 | 16 Port 100M/1/2.5/5G PoE++ stackable switch with 2 SFP+ ports and a single fixed power supply","","","","",""
"AT-X530L-28GPX-40","Allied Telesis | AT-x530L-28GPX-40 | 24 Port 10/100/1000T PoE+ stackable switch with 4 SFP+ ports and 2 fixed power supplies","","","","",""
"AT-X530L-28GTX-40","Allied Telesis | AT-x530L-28GTX-40 | 24 Port 10/100/1000T stackable switch with 4 SFP+ ports and 2 fixed power supplies power supplies","","","","",""
"AT-X530L-52GPX-40","Allied Telesis | AT-x530L-52GPX-40 | 48 Port 10/100/1000T PoE+ stackable switch with 4 SFP+ ports and 2 fixed power supplies","","","","",""
"AT-X530L-52GTX-40","Allied Telesis | AT-x530L-52GTX-40 | 48 Port 10/100/1000T stackable switch with 4 SFP+ ports and 2 fixed power supplies","","","","",""
"BIQSFP28-SR-ARI","Arista compatible (QSFP-100G-SRBD) 100G BiDI QSFP28 850nm up to 100M for MMF with LC connectors and DOM","","","","",""
"BIQSFP28-SR-PLU","Plusoptic 100G BiDI QSFP28 850nm up to 100M for MMF with LC connectors and DOM","","","","",""
"BISFP-10G-D3-10-CIS","Cisco compatible 10G, BiDi SFP+, TX1330nm / RX1270nm, 10KM Transceiver, LC Connector for SMF with DOM","","","","",""
"BISFP-10G-D3-10-EXT","Extreme compatible (10GB-BX10-D), BiDi SFP+, TX1330nm / RX1270nm, 10KM Transceiver, LC Connector for SMF with DDMI","","","","",""
"BISFP-10G-D3-20-CIS","Cisco compatible (SFP-10G-BXD-20KM) 10G, BiDi SFP+, TX1330nm / RX1270nm, 20KM Transceiver, LC Connector for SMF with DOM","","","","",""
"BISFP-10G-D3-40-EXTI","Extreme compatible (10GB-BX40-D), 10G, BiDi SFP+, TX1330nm / RX1270nm, 40KM Transceiver, LC Connector for SMF with DDMI","","","","",""
"BISFP-10G-D3-40-HP","HP / Aruba compatible BiDi SFP+ 10G Transceiver for SMF with a reach of 40KM. Fully compliant with HP","","","","",""
"BISFP-10G-D3-40-HUA","Huawei compatible 10G, BiDi SFP+, TX1330nm / RX1270nm, 40KM Transceiver, LC Connector for SMF with DDMI","","","","",""
"BISFP-10G-D3-40-PLU","Plusoptic 10G, BiDi SFP+, TX1330nm / RX1270nm, 40KM Transceiver, LC Connector for SMF with DOM","","","","",""
"BISFP-10G-U2-80-CIS","Cisco compatible transceiver, 10G, BiDi SFP+, TX-1490nm / RX-1550nm, 80KM , LC Connector for SMF fibre with DDMI","","","","",""
"BISFP-10G-U3-10-CIS","Cisco compatible 10G, BiDi SFP+, TX1270nm / RX1330nm, 10KM Transceiver, LC Connector for SMF with DDMI","","","","",""
"BISFP-10G-U3-10-INT","Intel compatible 10G, BiDi SFP+, TX1270nm / RX1330nm, 10KM Transceiver, LC Connector for SMF with DDMI","","","","",""
"BISFP-10G-U3-20-CIS","Cisco compatible (SFP-10G-BXU-20KM) 10G, BiDi SFP+, TX1270nm / RX1330nm, 20KM Transceiver, LC Connector for SMF with DOM","","","","",""
"BISFP-10G-U3-40-HP","HP / Aruba compatible BiDi SFP+ 10G Transceiver for SMF with a reach of 40KM. Fully compliant with HP","","","","",""
"BISFP-10G-U3-40-PLU","Plusoptic 10G, BiDi SFP+, TX1270nm / RX1330nm, 40KM Transceiver, LC Connector for SMF with DOM","","","","",""
"BISFP-155-D1-20KM-CIS","Cisco Compatible (GLC-FE-100BX-D, GLC-FE-100BX-D20, ONS-SE-100-BX10D), 100Mbps, BiDi SFP, TX-1550nm / RX-1310nm, 10KM Transceiver, LC Connector for SMF with DDMI","","","","",""
"BISFP-155-U1-20KM-CIS","Cisco Compatible (GLC-FE-100BX-U, GLC-FE-100BX-U20, ONS-SE-100-BX10U), 100Mbps, BiDi SFP, TX-1310nm / RX-1550nm, 10KM Transceiver, LC Connector for SMF with DDMI","","","","",""
"BISFP-D-10-CIS","Cisco Compatible (GLC-BX-D-10KM CISCO, GLC-BX-D ) 1.25G, BiDi SFP, TX-1490nm / RX-1310nm, 10KM Transceiver, LC Connector for SMF fibre with DDMI","","","","",""
"BISFP-D-10-EXT","Extreme Compatible 1.25G, BiDi SFP, TX-1490nm / RX-1310nm, 10KM Transceiver, LC Connector for SMF fibre with DDMI","","","","",""
"BISFP-D-10-JUN","Juniper compatible BiDi SFP, 1.25G, TX1490nm / RX1310nm, 10KM Transceiver, LC Connector for SMF with DDMI","","","","",""
"BISFP-D-10-PLUI","Plusoptic 1.25G, BiDi SFP, TX-1490nm / RX-1310nm, 10KM Transceiver, LC Connector for SMF fibre with DDMI | Industrial temperature rated","","","","",""
"BISFP-D-20-CIS","Cisco compatible (GLC-BX-U GLC-BX-U20 ONS-SE-GE-BXU) 1.25G, BiDi SFP, TX1490nm / RX1310nm, 20KM Transceiver, LC Connector for SMF with DOM","","","","",""
"BISFP-D-20-H3C","HP / H3C compatible (JD098B) 1.25G, BiDi SFP, TX1490nm / RX1310nm, 20KM Transceiver, LC Connector for SMF with DOM","","","","",""
"BISFP-D-20-JUNI","Juniper compatible (EX-SFP-GE10KT13R14 SFP-GE10KT13R14) 1.25G, BiDi SFP, TX1490nm / RX1310nm, 20KM Transceiver, LC Connector for SMF with DOM | Industrial temperature rated","","","","",""
"BISFP-D-20-MOX","Moxa compatible 1.25G, BiDi SFP, TX1490nm / RX1310nm, 20KM Transceiver, LC Connector for SMF with DOM","","","","",""
"BISFP-D-20-PLUI","Plusoptic 1.25G, BiDi SFP, TX1490nm / RX1310nm, 20KM Transceiver, LC Connector for SMF with DOM | Industrial temperature rated","","","","",""
"BISFP-D-20-SIEI","Siemens Compatible, 1.25G, BiDi SFP, TX-1490nm / RX-1310nm, 20KM Transceiver, LC Connector for SMF fibre with DDMI | Industrial temperature rated","","","","",""
"BISFP-D-40-WESI","Westermo Compatible 1.25G, BiDi SFP, TX1490nm / RX1310nm, 40KM Transceiver, LC Connector for SMF with DOM | Industrial temperature rated","","","","",""
"BISFP-D1-40-CIS","Cisco compatible (GLC-BX-U-40KM GLC-BX40-D-I) 1.25G, BiDi SFP, TX1550nm / RX1310nm, 40KM Transceiver, LC Connector for SMF with DOM","","","","",""
"BISFP-D2-120-PLU","Plusoptic 1.25G, BiDi SFP, TX1550nm / RX1490nm, 120KM Transceiver, LC Connector for SMF with DOM","","","","",""
"BISFP-U-10-CIS","Cisco Compatible (GLC-BX-U-10KM CISCO, GLC-BX-U ) 1.25G, BiDi SFP, TX-1310nm / RX-1490nm, 10KM Transceiver, LC Connector for SMF fibre with DDMI","","","","",""
"BISFP-U-10-CISI","Cisco Compatible (GLC-BX-U-10KM CISCO, GLC-BX-U ) 1.25G, BiDi SFP, TX-1310nm / RX-1490nm, 10KM Transceiver, LC Connector for SMF fibre with DDMI | Industrial temperature rated","","","","",""
"BISFP-U-20-EXT","Extreme compatible (10057 10057H 1G-SFP-BXU) 1.25G, BiDi SFP, TX1310nm / RX1490nm, 20KM Transceiver, LC Connector for SMF with DOM","","","","",""
"BISFP-U-20-MOX","Moxa compatible 1.25G, BiDi SFP, TX1310nm / RX1490nm, 20KM Transceiver, LC Connector for SMF with DOM","","","","",""
"BISFP-U-20-PLU.TAA","Plusoptic 1.25G, BiDi SFP, TX1310nm / RX1490nm, 20KM Transceiver, LC Connector for SMF with DOM | TAA compliance","","","","",""
"BISFP-U-20-RUGI","RUGGEDCOM compatible 1.25G, BiDi SFP, TX1310nm / RX1490nm, 20KM Transceiver, LC Connector for SMF with DOM | Industrial temperature rated","","","","",""
"BISFP-U-20-SIEI","Siemens Compatible, 1.25Gbps, TX-1310nm / RX-1490nm, 20km Transceiver, LC Connector for SMF fibre with DDMI | Industrial temperature rated","","","","",""
"BISFP-U-40-HUA","Huawei compatible 1.25G, BiDi SFP, TX1310nm / RX1490nm, 40KM Transceiver, LC Connector for SMF with DOM","","","","",""
"BISFP-U1-10-CIS","Cisco Compatible 1.25G, BiDi SFP, TX-1310nm / RX-1550nm, 10KM Transceiver, LC Connector for SMF fibre with DOM","","","","",""
"BISFP-U1-40-CIS","Cisco compatible (GLC-BX-D-40KM GLC-BX40-U-I) 1.25G, BiDi SFP, TX1310nm / RX1550nm, 40KM Transceiver, LC Connector for SMF with DOM","","","","",""
"BISFP-U2-80-PLUI","Plusoptic 1.25G, BiDi SFP, TX1490nm / RX1550nm, 80KM Transceiver, LC Connector for SMF with DOM | Industrial temperature rated","","","","",""
"BISFP100-U1-PLU","Plusoptic 100Mbps, BiDi SFP, TX-1310nm / RX-1550nm, 20KM Transceiver, LC Connector for SMF","","","","",""
"C1300-16P-2G","Cisco | C1300-16P-2G | Catalyst 1300 16 Port GE, PoE, 2x1G SFP","","","","",""
"C1300-16T-2G","Cisco | C1300-16T-2G | Catalyst 1300 16 Port GE, 2x1G SFP","","","","",""
"C1300-24P-4X","Cisco | C1300-24P-4X | Catalyst 1300 24 Port GE, PoE, 4x10G SFP+","","","","",""
"C1300-8T-E-2G","Cisco | C1300-8T-E-2G | Catalyst 1300 8 Port GE, Ext PS, 2x1G Combo","","","","",""
"C9500-16X-2Q-E","Cisco | C9500-16X-2Q-E | Catalyst 9500 16-port 10G switch | 2 x 40GE Network Module","","","","",""
"C9500-16X-E","Cisco | C9500-16X-E | Catalyst 9500 | 16 Port 10Gig switch | Essentials","","","","",""
"C9500-24Y4C-E","Cisco | C9500-24Y4C-E | Catalyst 9500 24x1/10/25G | 4 Port 40/100G | Essential","","","","",""
"CVR-QSFP28-SFP28-25G","Converter 100G QSFP28 to 25G SFP28 module | Plusoptic CVR-QSFP28-SFP28-25G","","","","",""
"CWSFP-XX-120-CIS","Cisco compatible 1.25G, CWDM SFP, 1270-1610nm, 120KM Transceiver, LC Connector for SMF with DOM","","","","",""
"CWSFP-XX-80-CIS","Cisco compatible (CWDM-SFP-XXXX) 1.25G, CWDM SFP, 1270-1610nm, 80KM Transceiver, LC Connector for SMF with DOM","","","","",""
"DACQ28-0.5M-JUN","Juniper compatible DAC, QSFP28 to QSFP28, 100G, 0.5M, Twinax Cable, DACQ28-0.5M-JUN","","","","",""
"DACQ28-1M-PLU","Plusoptic compatible DAC, QSFP28 to QSFP28, 100G, 1M, Twinax Cable, DACQ28-1M-PLU","","","","",""
"DACQ28-2M-DEL","Dell Compatible DAC, QSFP28 to QSFP28, 100G, 2M, Twinax Cable, DACQ28-2M-DEL","","","","",""
"DACQ28-2M-JUN","Juniper compatible DAC, QSFP28 to QSFP28, 100G, 2M, Twinax Cable, DACQ28-2M-JUN","","","","",""
"DACQ28-3M-PLU","Plusoptic compatible DAC, QSFP28 to QSFP28, 100G, 3M, Twinax Cable, DACQ28-3M-PLU","","","","",""
"DACQ28-4-3M-CIS","Cisco compatible DAC, QSFP28-4SFP28, 100G, 3M, Twinax Cable, DACQ28-4-3M-CIS","","","","",""
"DACQ28-4-3M-NET","Netgear Compatible DAC, QSFP28-4SFP28, 100G, 3M, Passive Cable","","","","",""
"DACQ28-4-3M-PLU","Plusoptic DAC, 100G QSFP28 to 4x SFP 25G, Passive cable 3M","","","","",""
"DACQDD-1M-DEL","Dell Compatible 400GbE QSFP56-DD to QSFP56-DD, 1M Passive Direct Attach Cable, No FEC","","","","",""
"DACQDD-1M-PLU","Plusoptic 400GbE QSFP56-DD to QSFP56-DD, 1M Passive Direct Attach Cable, No FEC","","","","",""
"DACQDD-2M-DEL","Dell Compatible 400GbE QSFP56-DD to QSFP56-DD, 2M Passive Direct Attach Cable, No FEC","","","","",""
"DACQDD-PAM4-4-1M-DEL","Dell Compatible 400GbE QSFP56-DD to 4x100G PAM4 QSFP56, 1M Passive Copper DAC","","","","",""
"DACQDD-PAM4-4-1M-PLU","Plusoptic 400GbE QSFP56-DD to 4x100G PAM4 QSFP56, 1M Passive Copper DAC","","","","",""
"DACQDD-PAM4-4-2M-DEL","Dell Compatible 400GbE QSFP56-DD to 4x100G PAM4 QSFP56, 2M Passive Copper DAC","","","","",""
"DACQSFP-0.5M-EXT","Extreme compatible DAC, QSFP+ to QSFP+, 40G, 0.5M, Twinax Cable, DACQSFP+-0.5M-EXT","","","","",""
"DACQSFP-0.5M-JUN","Juniper compatible DAC, QSFP+ to QSFP+, 40G, 0.5M, Twinax Cable, DACQSFP-0.5M-JUN","","","","",""
"DACQSFP-0.5M-PLU","Plusoptic compatible DAC, QSFP+ to QSFP+, 40G, 0.5M, Twinax Cable, DACQSFP-0.5M-PLU","","","","",""
"DACQSFP-1M-ARI","Arista Networks Compatible DAC, QSFP+ to QSFP+, 40G, 1M, Passive Cable DACQSFP-1M-ARI","","","","",""
"DACQSFP-1M-CIS","Cisco compatible DAC, QSFP+ to QSFP+, 40G, 1M, Twinax Cable, DACQSFP-1M-CIS","","","","",""
"DACQSFP-1M-EXT","Plusoptic compatible DAC, QSFP+ to QSFP+, 40G, 1M, Twinax Cable, DACQSFP-1M-PLU","","","","",""
"DACQSFP-1M-H3C","H3C compatible DAC, QSFP+ to QSFP+, 40G, 1M, Twinax Cable, DACQSFP-1M-H3C","","","","",""
"DACQSFP-1M-HUA","Huawei compatible DAC, QSFP+ to QSFP+, 40G, 1M, Twinax Cable, DACQSFP-1M-HUA","","","","",""
"DACQSFP-1M-MER","Meraki compatible 40G DAC with QSFP+ to QSFP+ connectors, 1M, Twinax, Passive Cable | Plusoptic DACQSFP-1M-MER","","","","",""
"DACQSFP-1M-PLU","Plusoptic compatible DAC, QSFP+ to QSFP+, 40G, 1M, Twinax Cable, DACQSFP-1M-PLU","","","","",""
"DACQSFP-2M-CIS","Cisco compatible DAC, QSFP+ to QSFP+, 40G, 2M, Twinax Cable, DACQSFP-2M-CIS","","","","",""
"DACQSFP-2M-EXT","Extreme compatible DAC, QSFP+ to QSFP+, 40G, 2M, Twinax Cable, DACQSFP-2M-EXT","","","","",""
"DACQSFP-2M-H3C","H3C compatible DAC, QSFP+ to QSFP+, 40G, 2M, Twinax Cable, DACQSFP-2M-H3C","","","","",""
"DACQSFP-2M-JUN","Juniper compatible DAC, QSFP+ to QSFP+, 40G, 2M, Twinax Cable, DACQSFP-2M-JUN","","","","",""
"DACQSFP-3M-CIS","Cisco compatible DAC, QSFP+ to QSFP+, 40G, 3M, Twinax Cable, DACQSFP-3M-CIS","","","","",""
"DACQSFP-3M-EXT","Extreme compatible DAC, QSFP+ to QSFP+, 40G, 3M, Twinax Cable, DACQSFP-3M-EXT","","","","",""
"DACQSFP-3M-H3C","H3C compatible DAC, QSFP+ to QSFP+, 40G, 3M, Twinax Cable, DACQSFP-3M-H3C","","","","",""
"DACQSFP-4-1M-NET","Netgear compatible DAC, QSFP+ to 4SFP+, 40G, 1M, Twinax Cable","","","","",""
"DACQSFP-4-1M-PLU","Plusoptic Compatible DAC, QSFP+ to 4SFP+, 40G, 1M, Twinax Cable | Plusoptic DACQSFP-4-1M-PLU","","","","",""
"DACQSFP-4-2M-PLU","Plusoptic DAC, QSFP+ to 4SFP+, 40G, 2M, Passive Cable | Plusoptic DACQSFP-4-2M-PLU","","","","",""
"DACQSFP-4-3M-JUN","Juniper Compatible DAC, QSFP+ to 4SFP+, 40G, 3M, Passive Cable | Plusoptic DACQSFP-4-3M-JUN","","","","",""
"DACQSFP-4-3M-NET","Netgear Compatible DAC, QSFP+ to 4SFP+, 40G, 3M, Passive Cable","","","","",""
"DACQSFP-4-3M-PLU","Plusoptic DAC, QSFP+ to 4SFP+, 40G, 3M, Passive Cable | Plusoptic DACQSFP-4-3M-PLU","","","","",""
"DACQSFP-4-5M-JUN","Juniper Compatible DAC, QSFP+ to 4SFP+, 40G, 5M, Passive Cable | Plusoptic DACQSFP-4-5M-JUN","","","","",""
"DACQSFP-40G-4-3M-DEL","Dell compatible DAC, QSFP+ to 4SFP+, 40G, 3M, Twinax Cable, DACQSFP+-4-3M-DEL","","","","",""
"DACSFP-10G-0.5M-ALL","Allied Telesis compatible DAC, SFP+ to SFP+, 10G, 0.5M, Twinax Cable | Plusoptic DACSFP-10G-0.5M-ALL","","","","",""
"DACSFP-10G-0.5M-BRO","Brocade compatible DAC, SFP+ to SFP+, 10G, 0.5M, Twinax Cable | Plusoptic DACSFP+-0.5M-BRO","","","","",""
"DACSFP-10G-0.5M-DEL","Dell compatible DAC, SFP+ to SFP+, 10G, 0.5M, Twinax Cable | Plusoptic DACSFP+-0.5M-DEL","","","","",""
"DACSFP-10G-0.5M-EXT","Extreme compatible DAC, SFP+ to SFP+, 10G, 0.5M, Twinax Cable | Plusoptic DACSFP+-0.5M-EXT","","","","",""
"DACSFP-10G-0.5M-F10","Force10 compatible 10G DAC with SFP+ to SFP+ connectors, 0.5m, Twinax, Passive Cable | Plusoptic DACSFP+-0.5M-F10","","","","",""
"DACSFP-10G-0.5M-H3C","H3C compatible DAC, SFP+ to SFP+, 10G, 0.5M, Twinax Cable | Plusoptic DACSFP+-0.5M-H3C","","","","",""
"DACSFP-10G-0.5M-HUA","Huawei compatible DAC, SFP+ to SFP+, 10G, 0.5M, Twinax Cable | Plusoptic DACSFP+-0.5M-HUA","","","","",""
"DACSFP-10G-0.5M-JUN","Juniper compatible DAC, SFP+ to SFP+, 10G, 0.5M, Twinax Cable | Plusoptic DACSFP+-0.5M-JUN","","","","",""
"DACSFP-10G-0.5M-PLU","Plusoptic compatible DAC, SFP+ to SFP+, 10G, 0.5M, Twinax Cable | Plusoptic DACSFP+-0.5M-PLU","","","","",""
"DACSFP-10G-0.75M-DEL","Dell Compatible DAC, SFP+ to SFP+, 10G, 0.75M, Passive Cable DACSFP+-0.75M-DEL","","","","",""
"DACSFP-10G-1.5M-DEL","Dell compatible DAC, SFP+ to SFP+, 10G, 1.5M, Twinax Cable | Plusoptic DACSFP+-1.5M-DEL","","","","",""
"DACSFP-10G-10M-A-PLU","Plusoptic 10G DAC with SFP+ to SFP+ connectors, 10M, Twinax, Active Cable | Plusoptic DACSFP+-10M-A-PLU","","","","",""
"DACSFP-10G-1M-ARI","Arista Networks Compatible DAC, SFP+ to SFP+, 10G, 1M, Passive Cable | Plusoptic DACSFP+-1M-ARI","","","","",""
"DACSFP-10G-1M-BRO","Brocade compatible DAC, SFP+ to SFP+, 10G, 1M, Twinax Cable | Plusoptic DACSFP+-1M-BRO","","","","",""
"DACSFP-10G-1M-DEL","Dell compatible DAC, SFP+ to SFP+, 10G, 1M, Twinax Cable | Plusoptic DACSFP+-1M-DEL","","","","",""
"DACSFP-10G-1M-EXT","Extreme compatible DAC, SFP+ to SFP+, 10G, 1M, Twinax Cable | Plusoptic DACSFP+-1M-EXT","","","","",""
"DACSFP-10G-1M-F10","Force10 compatible 10G DAC with SFP+ to SFP+ connectors, 1M, Twinax, Passive Cable | Plusoptic DACSFP+-1M-F10","","","","",""
"DACSFP-10G-1M-FOR","Fortinet compatible DAC, SFP+ to SFP+, 10G, 1M, Twinax Cable","","","","",""
"DACSFP-10G-1M-H3C","H3C compatible DAC, SFP+ to SFP+, 10G, 1M, Twinax Cable | Plusoptic DACSFP+-1M-H3C","","","","",""
"DACSFP-10G-1M-HBL","HP (BL) compatible 10G DAC with SFP+ to SFP+ connectors, 1M, Twinax, Passive Cable | Plusoptic DACSFP+-1M-HP (BL)","","","","",""
"DACSFP-10G-1M-HUA","Huawei compatible DAC, SFP+ to SFP+, 10G, 1M, Twinax Cable | Plusoptic DACSFP+-1M-HUA","","","","",""
"DACSFP-10G-1M-JUN","Juniper compatible DAC, SFP+ to SFP+, 10G, 1M, Twinax Cable | Plusoptic DACSFP+-1M-JUN","","","","",""
"DACSFP-10G-1M-MER","Meraki compatible 10G DAC with SFP+ to SFP+ connectors, 1M, Twinax, Passive Cable | Plusoptic DACSFP+-1M-MER","","","","",""
"DACSFP-10G-1M-NET","Netgear Compatible DAC, SFP+ to SFP+, 10G, 1M, Passive Cable | Plusoptic DACSFP+-1M-NET","","","","",""
"DACSFP-10G-1M-PLU","Plusoptic compatible DAC, SFP+ to SFP+, 10G, 1M, Twinax Cable | Plusoptic DACSFP+-1M-PLU","","","","",""
"DACSFP-10G-1M-PLU.TAA","PlusOptic compatible DAC, SFP+ to SFP+, 10G, 1M, Twinax Cable, DACSFP+-1M-PLU | TAA Compliant","","","","",""
"DACSFP-10G-2M-A-BRO","Brocade compatible 10G DAC with SFP+ to SFP+ connectors, 2M, Twinax, Active Cable | Plusoptic DACSFP+-2M-A-BRO","","","","",""
"DACSFP-10G-2M-ARI","Arista Networks Compatible DAC, SFP+ to SFP+, 10G, 2M, Passive Cable | Plusoptic DACSFP+-2M-ARI","","","","",""
"DACSFP-10G-2M-BRO","Brocade compatible DAC, SFP+ to SFP+, 10G, 2M, Twinax Cable | Plusoptic DACSFP+-2M-BRO","","","","",""
"DACSFP-10G-2M-DEL","Dell compatible DAC, SFP+ to SFP+, 10G, 2M, Twinax Cable | Plusoptic DACSFP+-2M-DEL","","","","",""
"DACSFP-10G-2M-EXT","Extreme compatible DAC, SFP+ to SFP+, 10G, 2M, Twinax Cable | Plusoptic DACSFP+-2M-EXT","","","","",""
"DACSFP-10G-2M-H3C","H3C compatible DAC, SFP+ to SFP+, 10G, 2M, Twinax Cable | Plusoptic DACSFP+-2M-H3C","","","","",""
"DACSFP-10G-2M-HUA","Huawei compatible DAC, SFP+ to SFP+, 10G, 2M, Twinax Cable | Plusoptic DACSFP+-2M-HUA","","","","",""
"DACSFP-10G-2M-JUN","Juniper compatible DAC, SFP+ to SFP+, 10G, 2M, Twinax Cable | Plusoptic DACSFP+-2M-JUN","","","","",""
"DACSFP-10G-3M-A-BRO","Brocade compatible 10G DAC with SFP+ to SFP+ connectors, 3M, Twinax, Active Cable | Plusoptic DACSFP+-3M-A-BRO","","","","",""
"DACSFP-10G-3M-A-EXT","Extreme compatible 10G DAC with SFP+ to SFP+ connectors, 3M, Twinax, Active Cable | Plusoptic DACSFP+-3M-A-EXT","","","","",""
"DACSFP-10G-3M-ARI","Arista Networks Compatible DAC, SFP+ to SFP+, 10G, 3M, Passive Cable | Plusoptic DACSFP+-3M-ARI","","","","",""
"DACSFP-10G-3M-BRO","Brocade compatible DAC, SFP+ to SFP+, 10G, 3M, Twinax Cable | Plusoptic DACSFP+-3M-BRO","","","","",""
"DACSFP-10G-3M-DEL","Dell compatible DAC, SFP+ to SFP+, 10G, 3M, Twinax Cable | Plusoptic DACSFP+-3M-DEL","","","","",""
"DACSFP-10G-3M-EXT","Extreme compatible DAC, SFP+ to SFP+, 10G, 3M, Twinax Cable | Plusoptic DACSFP+-3M-EXT","","","","",""
"DACSFP-10G-3M-HUA","Huawei compatible DAC, SFP+ to SFP+, 10G, 3M, Twinax Cable | Plusoptic DACSFP+-3M-HUA","","","","",""
"DACSFP-10G-3M-MER","Meraki compatible 10G DAC with SFP+ to SFP+ connectors, 3M, Twinax, Passive Cable | Plusoptic DACSFP+-3M-MER","","","","",""
"DACSFP-10G-3M-NET","Netgear Compatible DAC, SFP+ to SFP+, 10G, 3M, Passive Cable | Plusoptic DACSFP+-3M-NET","","","","",""
"DACSFP-10G-3M-PLU","Plusoptic compatible DAC, SFP+ to SFP+, 10G, 3M, Twinax Cable | Plusoptic DACSFP+-3M-PLU","","","","",""
"DACSFP-10G-5M-ARI","Arista Networks Compatible DAC, SFP+ to SFP+, 10G, 5M, Passive Cable | Plusoptic DACSFP+-5M-ARI","","","","",""
"DACSFP-10G-5M-BRO","Brocade compatible DAC, SFP+ to SFP+, 10G, 5M, Twinax Cable | Plusoptic DACSFP+-5M-BRO","","","","",""
"DACSFP-10G-5M-DEL","Dell compatible DAC, SFP+ to SFP+, 10G, 5M, Twinax Cable, DACSFP+-5M-DEL","","","","",""
"DACSFP-10G-5M-EXT","Extreme compatible DAC, SFP+ to SFP+, 10G, 5M, Twinax Cable, DACSFP+-5M-EXT","","","","",""
"DACSFP-10G-5M-F10","Force10 compatible 10G DAC with SFP+ to SFP+ connectors, 5M, Twinax, Passive Cable | Plusoptic DACSFP+-5M-F10","","","","",""
"DACSFP-10G-5M-FOR","Fortinet compatible 10G DAC with SFP+ to SFP+ connectors, 5M, Twinax, Passive Cable | Plusoptic DACSFP-10G-5M-FOR","","","","",""
"DACSFP-10G-5M-H3C","H3C compatible DAC, SFP+ to SFP+, 10G, 5M, Twinax Cable, DACSFP+-5M-H3C","","","","",""
"DACSFP-10G-5M-HBL","HP (BL) compatible 10G DAC with SFP+ to SFP+ connectors, 5M, Twinax, Passive Cable | Plusoptic DACSFP+-5M-HP (BL)","","","","",""
"DACSFP-10G-5M-HUA","Huawei Compatible DAC, SFP+ to SFP+, 10G, 5M, Passive Cable DACSFP+-5M-HUA","","","","",""
"DACSFP-10G-5M-JUN","Juniper compatible DAC, SFP+ to SFP+, 10G, 5M, Twinax Cable, DACSFP+-5M-JUN","","","","",""
"DACSFP-10G-5M-NET","Netgear Compatible DAC, SFP+ to SFP+, 10G, 5M, Passive Cable DACSFP+-5M-NET","","","","",""
"DACSFP-10G-5M-PLU","Plusoptic compatible DAC, SFP+ to SFP+, 10G, 5M, Twinax Cable, DACSFP+-5M-PLU","","","","",""
"DACSFP-10G-7M-A-PLU","Plusoptic 10G DAC with SFP+ to SFP+ connectors, 7M, Twinax, Active Cable | Plusoptic DACSFP+-7M-A-PLU","","","","",""
"DACSFP-10G-7M-H3C","H3C compatible 10G DAC with SFP+ to SFP+ connectors, 7M, Twinax, Passive Cable | Plusoptic DACSFP+-7M-H3C","","","","",""
"DACSFP-10G-7M-JUN","Juniper compatible 10G DAC with SFP+ to SFP+ connectors, 7M, Twinax, Passive Cable | Plusoptic DACSFP+-7M-JUN","","","","",""
"DACSFP-10G-7M-MER","Meraki compatible 10G DAC with SFP+ to SFP+ connectors, 7M, Twinax, Passive Cable DACSFP+-7M-MER","","","","",""
"DACSFP-10G-7M-PLU","Plusoptic compatible 10G DAC with SFP+ to SFP+ connectors, 7M, Twinax, Passive Cable | Plusoptic DACSFP+-7M-PLU","","","","",""
"DACSFP-1G-2M-PLU","PlusOptic DAC, SFP to SFP, 1G, 2M, Twinax Cable","","","","",""
"DACSFP28-0.5M-JUN","Juniper compatible DAC, SFP28 to SFP28, 25G, 0.5M, Passive Cable, DACSFP28-0.5M-JUN","","","","",""
"DACSFP28-1M-PLU","Plusoptic compatible DAC, SFP28 to SFP28, 25G, 1M, Twinax Cable, DACSFP28-1M-PLU","","","","",""
"DACSFP28-2M-PLU","Plusoptic compatible DAC, SFP28 to SFP28, 25G, 2M, Twinax Cable, DACSFP28-2M-PLU","","","","",""
"DACSFP28-3M-ARI","Arista Networks Compatible DAC, SFP28 to SFP28, 25G, 3M, Passive Cable, DACSFP28-3M-ARI","","","","",""
"DACSFP28-5M-ARI","Arista Networks Compatible DAC, SFP28 to SFP28, 25G, 5M, Passive Cable, DACSFP28-5M-ARI","","","","",""
"DL.DGS.1016S","D-Link | DGS-1016S | 16 Port Low Profile Gigabit Unmanaged Switch (Metal Housing)","","","","",""
"DL.DGS.1250.28X","D-Link | DGS-1250-28X | 28 Port Gigabit Smart Managed Switch with 24 RJ45 and 4 SFP+ 10G Ports","","","","",""
"DL.DGS.1250.28XMP","D-Link | DGS-1250-28XMP | 28Port Gigabit Smart Managed PoE+ Switch with 24 PoE+ RJ45 and 4 SFP+ 10G Ports. PoE budget 370W","","","","",""
"DL.DGS.1250.52X","D-Link | DGS-1250-52X | 52 Port Gigabit Smart Managed Switch with 48 RJ45 and 4 SFP+ 10G Ports","","","","",""
"DL.DGS.1250.52XMP","D-Link | DGS-1250-52XMP | 52 Port Gigabit Smart Managed PoE+ Switch with 48 PoE+ RJ45 and 4 SFP+ 10G Ports. PoE budget 370W","","","","",""
"DL.DGS.1530.28","D-Link | DGS-1530-28 | 28 Port Gigabit Smart Managed Stackable Layer 2+ Switch with 24 1000Base-T and 4 SFP+ Ports","","","","",""
"DL.DGS.F1006P.E","D-Link | DGS-F1006P-E | 6 Port Gigabit PoE Switch with 4 Long Reach PoE Ports and 2 Uplink Ports","","","","",""
"FANOUT.KIT.6.6.900UM","Fanout for Loose Tube cable, outer dia 6mm,with 6x900um 6colour tails 1.5M","","","","",""
"FL.OM1LCSC05MP","0.5m LC-SC OM1 Multimode Fibre Optic Cable | Salmon Pink","","","","",""
"FL.OM4LCSC1MEV","1m LC-SC OM4 Multimode Fibre Optic Patch Cable: Erika Violet","","","","",""
"FL.OM4LCSC2MEV","2m LC-SC OM4 Multimode Fibre Optic Patch Cable: Erika Violet","","","","",""
"FL.OS2LCAPCLCAPC3M","3m LC/APC-LC/APC OS1 / OS2 Singlemode Fibre Optic Duplex Patch Cable : Yellow","","","","",""
"FL.OS2LCSC5MBL","5m LC-SC OS1 / OS2 Singlemode Fibre Optic Cable: Black","","","","",""
"FL.OS2SCSC05MR","0.5m SC-SC OS1 / OS2 Singlemode Fibre Optic Cable | Red","","","","",""
"GPON-SFP-ONU-B-20KM","Plusoptic | GPON-SFP-ONU-B+-20KM | Bidirectional Transceiver GPON ONU B+ SFP Module, 2.5Gb/1.25Gb TX1490/RX1310, SC Simplex Connector, 20km Reach on Single Mode Fibre","","","","",""
"GR-GWN7672","Grandstream GWN7672 | 2x2x2 Tri-Band Wi-Fi 7 Indoor AP, 2 x 5G Ethernet, Bluetooth","","","","",""
"GR-GWN7803P","GrandStream | GWN7803P | Enterprise Layer 2+ Managed PoE Network Switch, 24 x GigE, 4 x SFP","","","","",""
"GR-GWN7806","GrandStream | GWN7806 | Enterprise Layer 2+ Managed Network Switch, 48 x GigE, 6 x SFP+","","","","",""
"GR-UCM6301","GrandStream | GR-UCM6301 | 1 FXO, 1FXS, 500 Users","","","","",""
"IE-3400-8T2S-A","Cisco | IE-3400-8T2S-A | Catalyst IE3400 | 8 GE Copper | 2 GE SFP | Modular","","","","",""
"IEM-3400-8S","Cisco | IEM-3400-8S | Catalyst IE3400 | 8 GE SFP ports | Expansion Module","","","","",""
"IEM-3400-8T","Cisco | IEM-3400-8T | Catalyst IE3400 | 8 GE Copper ports | Expansion Module","","","","",""
"ION-F18-IOT-3KW-RT","ION | F18-IOT-3KW-RT | F18 IOT 3000VA/3000W UNITY PF (15A) ONLINE UPS 2U RACK/TOWER, 8 X C13","","","","",""
"IR1101-K9","Cisco | IR1101-K9 | Catalyst IR1101 Rugged Series Router | Essentials","","","","",""
"IV2456X","IVSEC MEDIUM 90 DEGREE WALL MOUNT FOR NC312* AND NC512*IV2456X","","","","",""
"IV2456X-BLK","IVSEC MEDIUM 90 DEGREE WALL MOUNT FOR NC312X* AND NC512X*IV2456X-BLK","","","","",""
"IV2490X","IVSEC JUNCTION BOX PASSIVE POE SPLITTER FOR DUAL CAMERAS. USE WITH IV2491/92XIV2490X","","","","",""
"IV2491X","IVSEC 90 DEGREE WALL MOUNT NEEDED WITH IV2490X JUNCTION AND IV2492X ADAPTOR BOX IV2491X","","","","",""
"IV2492X","IVSEC ADAPTOR BOX FOR IV2490X JUNCTION AND IV2491X WALL MOUNT IV2492X","","","","",""
"IVK-51B","iVSEC | IVK-51B Camera Kit | 4x NC323ADX 8MP IP Cameras with Adv Det, NR308XD-4TB PoE NVR 4K, Adv IVS","","","","",""
"IVNC110XC-BLK","IVSEC TURRET IP CAMERA, 5MP, 2.8MM FIXED LENS, 20FPS, POE, IP66, 30M IR, MIC, PIR, BLACKNC110XC-BLK","","","","",""
"IVNC312XE","IVSEC TURRET IP CAMERA, 5MP, 2.8MM-12MM MOTORISED LENS, 20FPS, POE, IP66, 40M IRNC312XE","","","","",""
"IVNC323ADX-BLK","IVSEC TURRET IP CAMERA, 8MP, 2.8MM FIXED LENS, 25FPS, POE, IP66 , ADV DET, ADV IVS, BLACKNC323ADX-BLK","","","","",""
"IVNC512ADX-BLK","IVSEC TURRET IP CAMERA, 8MP, 2.8MM-12MM MOTORISED LENS, 25 FPS, POE, IP66, ADV DET, BLACK NC512ADX-BLK","","","","",""
"IVNC512XD-BLK","IVSEC TURRET IP CAMERA, 8MP, 3.6MM-12MM MOTORISED LENS, 25 FPS, POE, IP66, 45M IR, BLACK NC512XD-BLK","","","","",""
"IVNC540ADX","iVSEC | NC540ADX | Dome IP Camera, 20MP, Using 4-Directional 5MP Multisensor, 25FPS, IP67, IR","","","","",""
"IVNC542ADX","IVSEC DOME IP CAMERAS, 32MP, USING 4-DIRECTIONAL 8MP MULTISENSOR, 25FPS, IP66, IRNC542ADX","","","","",""
"IVNC550ADX","IVSEC PTZ SPEED DOME IP CAMERA , 4MP, 2.8-12MM MOTORISED LENS , 60FPS, POE, IP66, ADV IVSNC550ADX","","","","",""
"IVNC591XB","IVSEC PTZ SPEED DOME IP CAMERA, 2MP, 4.7-104 MM MOTORISED LE NS, 25FPS, POE, IP66, 150MIRNC591XB","","","","",""
"IVNC592XA","iVSEC | NC592XA | Pan Tilt Zoom Speed Dome Camera, 5MP, 5-125mm Motorised Lens, 30FPS, PoE, IP66, 100m IR","","","","",""
"IVNC620ADX","IVSEC THERMAL TURRET IP CAMERA, 5MP, 3.2MM FIXED LENS , 25FPS, BI-SPECTRUM, ADV DET","","","","",""
"IVNC692XA","iVSEC | NC692XA | Pan Tilt Zoom Speed Dome Camera, 8MP @30FPS, 5-125mm Lens, PoE+, IP66, 100m IR, PTZ","","","","",""
"IVNR308XD-4TB","iVSEC | NR308XD-4TB | 8 Channel NVR, 12MP, 8 PoE Ports, 1 Bay, H265, 4K HDMI, IVS | With Pre-installed 4TB SkyHawk Surveillance HDD","","","","",""
"IVNR6256EXA","IVSEC NR6256EXA NVR, 256 CHANN ELS, 2 ETHERNET PORTS, 16 BAYS , H265 , 4 BY 4K HDMI, ADV IVSNR6256EXA","","","","",""
"IVNR6324EXA","IVSEC NR6324EXA NVR, 32 CHANNELS, 2 GIGABIT PORTS, 4 BAYS, H265, 4K HDMI, ADV IVSNR6324EXA","","","","",""
"IVNR6644EX","IVSEC NR6644EX NVR, 64 CHANNELS, 2 GIGABIT PORTS, 4 BAYS, H265, 4K HDMI, ADV IVSNR6644EX","","","","",""
"IVNR6648EX","IVSEC NR6648EX NVR, 64 CHANNELS, 2 GIGABIT PORTS, 8 BAYS, H265, 4K HDMI, ADV IVSNR6648EX","","","","",""
"IVNS100YA","iVSEC | NS100YA | 30W SIP HORN SPEAKER WITH MIC, IP66, 1 X INPUT, 1 X OUTPUT, MULTICAST - WHITE","","","","",""
"IVNS200YA","iVSEC | IVNS200YA | 15W SIP WALL SPEAKER WITH MIC, 3 X INPUT, 1 X OUTPUT, MULTICAST - WHITE","","","","",""
"IVNS300YA","iVSEC | IVNS300YA | 10W SIP CEILING SPEAKER WITH MIC, 1 X INPUT, 1 X OUTPUT, MULTICAST - WHITE","","","","",""
"LE-49255-H24","LEVITON - Flat Panel Quickport 24 Port 1U","","","","",""
"LE-61110-RE6","LEVITON - eXtreme Cat 6 Unshielded Jack 110-Style - Black","","","","",""
"LE-AB200-00E","LEVITON - Adapter Bezel, Clipsal, Black","","","","",""
"LE-C6U-HF1-ECA-RLX-305BU","LEVITON - Cat 6 23 AWG U/UTP 4 Pair LSHF/LSZH Cable Blue 305m - Euroclass Eca","","","","",""
"LE-GF008UNI06LU-ECA","LEVITON | 6 Fibre Singlemode | Universal Duct Grade Unitube G652D LSHF/LSZH EuroClass Eca| Per Mtr | Black","","","","",""
"LE-GF008UNI12LU-Eca","LEVITON | 12 Fibre Singlemode | Universal Duct Grade Unitube G652D LSHF/LSZH EuroClass Eca | Per Mtr | Black","","","","",""
"LE-GFOM4UNI06LU-ECA","LEVITON | 6 Fibre Multimode | Universal Duct Grade Unitube OM4 LSHF/LSZH EuroClass Eca | Per Mtr | Black","","","","",""
"LVK-0008B","iVSEC | LVK-0008B Camera Kit | 8x NC000XA 4MP IP Cameras, NR004XB-2TB 4 PoE NVR 4K, Basic IVS","","","","",""
"M.EDS.2005.EL","Moxa | Unmanaged Fast Ethernet switch, 5 ports, metal housing, -10 to 60°C.","","","","",""
"M.EDS.2005.ELP","Moxa | Unmanaged Fast Ethernet switch, 5 ports, plastic housing, -10 to 60°C.","","","","",""
"M.EDS.2008.EL","Moxa | Unmanaged Fast Ethernet switch, 8 ports, metal housing, -10 to 60°C.","","","","",""
"M.EDS.2008.ELP","Moxa | Unmanaged Fast Ethernet switch, 8 ports, plastic housing, -10 to 60°C.","","","","",""
"M.EDS.205","Moxa | Entry-level unmanaged Ethernet switch, 5 ports, plastic housing, -10 to 60°C.","","","","",""
"M.EDS.205A","Moxa | Unmanaged Ethernet switch with 5 10/100BaseT(X) ports, -10 to 60°C.","","","","",""
"M.EDS.208","Moxa | Unmanaged Ethernet switch with 8 ports, plastic housing, -10 to 60°C.","","","","",""
"M.EDS.208A","Moxa | Unmanaged Ethernet switch with 8 10/100BaseT(X) ports, -10 to 60°C.","","","","",""
"M.EDS.510E.3GTXS","Moxa | Managed Gigabit switch, 7 10/100 ports, 3 combo Gigabit/SFP ports, -10 to 60°C.","","","","",""
"M.EDS.510E.3GTXS.T","Moxa | Managed Gigabit switch, 7 10/100 ports, 3 combo Gigabit/SFP ports, -40 to 75°C.","","","","",""
"M.EDS.G2005.EL","Moxa | Unmanaged Gigabit switch, 5 ports, metal housing, -10 to 60°C.","","","","",""
"M.EDS.G2008.EL","Moxa | Unmanaged Gigabit switch, 8 ports, metal housing, -10 to 60°C.","","","","",""
"M.EDS.G205A.4P","Moxa | Unmanaged Gigabit PoE Switch with 4 PoE ports, 1 Gigabit port, 0 to 60°C.","","","","",""
"M.EDS.G512E.8P.4GS","Moxa | 12 Port full Gigabit managed switch, 8 PoE/PoE+ ports, 4 SFP slots, -10 to 60°C.","","","","",""
"M.EDS.G512E.8P.4GS.T","Moxa | 12 Port full Gigabit managed switch, 8 PoE/PoE+ ports, 4 SFP slots, -40 to 75°C.","","","","",""
"M.EDS.P206A.4P","Moxa | Unmanaged Ethernet switch with 4 PoE ports, 2 10/100BaseT(X) ports, -10 to 60°C.","","","","",""
"M.EDS.P506E.4P.2GTXS","Moxa | Managed switch, 4 PoE+/60W ports, 2 combo Gigabit/SFP ports, dual power, -10 to 60°C.","","","","",""
"M.EDS.P506E.4P.2GTXS.T","Moxa | Managed switch, 4 PoE+/60W ports, 2 combo Gigabit/SFP ports, dual power, -40 to 75°C.","","","","",""
"M.EDS.P510A.8P.2GTXS","Moxa | Managed Gigabit switch, 8 PoE/PoE+ ports, 2 combo Gigabit/SFP slots, 0 to 60°C.","","","","",""
"M.EDS.P510A.8P.2GTXS.T","Moxa | Managed Gigabit switch, 8 PoE/PoE+ ports, 2 combo Gigabit/SFP slots, -40 to 75°C.","","","","",""
"M.IMC.101.S.SC","Moxa | Industrial media converter, single-mode, SC fiber connector, 40 km, 0 to 60°C.","","","","",""
"M.IMC.101G","Moxa | Industrial Gigabit media converter, 0 to 60°C operating temperature.","","","","",""
"M.IMC.101G.T","Moxa | Industrial Gigabit media converter, -40 to 75°C operating temperature.","","","","",""
"M.IMC.21.M.SC","Moxa | Industrial 10/100 media converter, multi-mode, SC connector.","","","","",""
"M.IMC.21.S.SC","Moxa | Industrial 10/100 media converter, single-mode, SC connector.","","","","",""
"M.IMC.21A.M.SC","Moxa | Industrial 10/100 media converter, multi-mode, SC fiber connector, -10 to 60°C.","","","","",""
"M.IMC.21A.M.SC.T","Moxa | Industrial 10/100 media converter, multi-mode, SC fiber connector, -10 to 60°C.","","","","",""
"M.IMC.21A.S.SC","Moxa | Industrial 10/100 media converter, single-mode, SC fiber connector, -10 to 60°C.","","","","",""
"M.IMC.21GA","Moxa | Industrial Gigabit BaseT(X) to BaseSFP media converter, -10 to 60°C.","","","","",""
"M.INJ.24A","Moxa | Gigabit High-power PoE+ injector, max 60W output, 0 to 60°C operating temperature.","","","","",""
"M.IOLOGIK.E1210","Moxa | Universal I/O with 16 DIs. -10 to 60°C operating temperature.","","","","",""
"M.IOLOGIK.E1210.T","Moxa | Universal I/O with 16 DIs. -40 to 75°C operating temperature.","","","","",""
"M.IOLOGIK.E1212","Moxa | Universal I/O with 8 DIs and 8 DIOs. -10 to 60°C operating temperature.","","","","",""
"M.IOLOGIK.E1212.T","Moxa | Universal I/O with 8 DIs and 8 DIOs. -40 to 75°C operating temperature.","","","","",""
"M.MGATE.MB3170","Moxa | 1 Port advanced Modbus gateway, 0 to 60°C operating temperature.","","","","",""
"M.MGATE.MB3180","Moxa | 1 Port RS-232/422/485 Modbus TCP to Serial Communication Gateway.","","","","",""
"M.NPORT.5110","Moxa | 1 Port RS-232 device server, 0 to 55°C operating temperature.","","","","",""
"M.NPORT.5110A","Moxa | 1 Port RS-232 device server, 0 to 60°C operating temperature.","","","","",""
"M.NPORT.5150","Moxa | 1 Port RS-232/422/485 device server, 0 to 55°C operating temperature.","","","","",""
"M.NPORT.5150A","Moxa | 1 Port RS-232 device server, 0 to 60°C operating temperature.","","","","",""
"M.NPORT.6250.S.SC","Moxa | 2 Port RS-232/422/485 to single-mode fiber secure device server, SC connector.","","","","",""
"M.NPORT.IA.5150","Moxa | 1 Port device server with 2 10/100BaseTX ports, RJ45 connectors.","","","","",""
"M.NPORT.IA.5150.S.SC","Moxa | 1 Port device server with 1 single-mode fiber port, SC connectors.","","","","",""
"M.TCC.100I","Moxa | Industrial RS-232/422/485 Converter with 2KV Isolation.","","","","",""
"M.TCC.80","Moxa | Port-powered RS-232 to RS-422/485 converter. 15 kV serial ESD protection.","","","","",""
"M.UPORT.1110","Moxa | 1 Port RS-232 USB-to-serial converter.","","","","",""
"M.UPORT.1150","Moxa | 1 Port RS-232/422/485 USB-to-serial converter.","","","","",""
"M.UPORT.1150I","Moxa | 1 Port RS-232/422/485 USB-to-serial converter with optical isolation.","","","","",""
"M.UPort.404A","Moxa | UPort 404A | 4 Port industrial-grade USB 3.2 hubs, 0 to 60°C operating temperature","","","","",""
"MD-4CH-1RU-CWDM-1310-DX","Plusoptic Infinimux, 4 Channel Dual Core CWDM Mux / Demux 1RU 19"""" chassis. Includes a 1310nm Pass Port, Expansion Port and Monitoring Port","","","","",""
"MD-8CH-1RU-CWDM-1310-DX","Plusoptic Infinimux, 8 Channel (1470-1610nm) Dual Core CWDM Mux / Demux 1RU 19"" chassis + 1310nm Pass Through Port, Expansion and Monitoring Port","","","","",""
"MD-8CH-1RU-CWDM-LCSX-AB","Plusoptic, 8 Channel (1470-1610nm ) Single Core CWDM Mux / Demux 1RU 19"" chassis with 1310nm Pass Through Port and LC Wavelength ports & SCA COM and PASS Port - Side A and Side B. MD-8CH-1RU-CWDM-1310-LCSX-A&B","","","","",""
"MD-8CH-1RU-CWDM-LCSX-B","Plusoptic 8 Channel (1470,1490,1510,1530,1550,1570,1590,1610nm) Single Core SCA CWDM Mux / Demux 1RU 19"" chassis with SCA 1310nm Pass Through Port and 4 x LC Duplex ports - Side B. MD-8CH-1RU-CWDM-1310-LCSX-B","","","","",""
"MDR-10-24","Mean Well | MDR-10-24 | 24V Slim DIN Rail Power Supply 0.42A 10W","","","","",""
"MDR-40-12","Mean Well | MDR-40-12 | 12V Slim DIN Rail Power Supply 3.33A 40W","","","","",""
"MDR-40-24","Mean Well | MDR-40-24 | 24V Slim DIN Rail Power Supply 1.7A 40W","","","","",""
"MPO-LC-12S-CASSETTE","MPO CASSETTE 12 Port LC/UPC OM4 (1 x 12 Core MPO-LC) Customised Type","","","","",""
"MPOFF-OM4-1M-12","1m MPO-MPO 12F Multimode OM4 Fiber Optic Cable | Magenta","","","","",""
"MPOFF-OM4-3M-12","3m MPO-MPO 12F Multimode OM4 Fibre Optic Cable | Magenta","","","","",""
"MPOFF-OS2-3M-12","3m MPO-MPO 12F Single mode G652D Fiber Optic Cable | Yellow","","","","",""
"NICPCIE-2QSFP-40G","PCIE NIC, Dual Port QSFP+ 40Gb with Intel® XL710QDA2 Controller","","","","",""
"NICPCIE-2RJ45","PCIE NIC, Dual Port 10/100/1000 Mb RJ45 Copper with Intel® 82576EB Controller","","","","",""
"NICPCIE-2RJ45-V2","PCIE NIC, Dual Port 10/100/1000 Mb RJ45 Copper with Intel® I350AM2 Controller","","","","",""
"NICPCIE-2SFP","PCIE NIC, Dual Port SFP 1Gb with Intel® 82576EB Controller","","","","",""
"NICPCIE-2SFP-V2","PCIe NIC, PCIe x4 Dual Port SFP Port with Intel I350AM2 Controller","","","","",""
"NICPCIE-4RJ45","PCIE NIC, 4 Port 10/100/1000 Mb RJ45 Copper with Intel® I350AM4 Controller","","","","",""
"NICPCIE-4SFP","PCIE NIC, Quad Port SFP 1Gb with Intel® I350AM4 Controller","","","","",""
"NICPCIE-4SFP-10G","PCIE NIC, PCIe x8 Quad SFP+ Port 10G Server Adapter with Intel® XL710AM1 Controller","","","","",""
"NICPCIE-6SFP","Plusoptic | PCIE NIC, 6 Port SFP 1Gb with Intel® I350 Controller","","","","",""
"NOV.IDD2.12.30","Novaris | IDD2-12-30 | Power Protection | Isolated Surge Diverter | 2 pole | 12kA | 30VAC - 24VAC nominal","","","","",""
"NOV.SDD1.100.275","Novaris | SDD1-100-275 | Power Protection | Surge Diverter | 1 Phase | 100kA | 275VAC | All Mode","","","","",""
"P.SOC.MM.LC.UPC.0.9","LC Multimode UPC Splice-On Connector - 0.9mm Boots","","","","",""
"P.SOC.SM.LC.UPC.0.9","LC Singlemode UPC Splice-On Connector - 0.9mm Boots","","","","",""
"PDU.2022.32A","Chatsworth E1-2022-C Metered eConnect PDU | Black | Vertical | IEC 60309 32A 1P+N+E Input","","","","",""
"PDU.3022.32A","Chatsworth EA-3022-C Monitored eConnect PDU | Black | Vertical | IEC 60309 32A 1P+N+E Input","","","","",""
"PDU.4020.32A","Chatsworth EA-4020-C Monitored Pro eConnect PDU | Black | Vertical | 220 - 240V 1P/32A/IEC 60309 32A 1P+N+E Input","","","","",""
"PDU.6020.32A","Chatsworth EA-6020-C Switched Pro eConnect PDU | Black | Vertical | 220 - 240V 1P/32A/IEC 60309 32A 1P+N+E Input","","","","",""
"QSFP-40G-LR4-CIS","Cisco compatible (QSFP-40G-LR4-S QSFP-40GE-LR4) 40G, QSFP+, 1310nm, 10KM Transceiver, LC Connector for SMF with DOM","","","","",""
"QSFP-40G-LR4S-JUN","Juniper compatible (JNP-QSFP-40GE-IR4), 40G QSFP+ Transceiver, 4 x 10Gbps CWDM Channels (1300nm Band), Reach up to 2KM for SMF with LC connectors and DOM","","","","",""
"QSFP-40G-SR4-CIS","Cisco compatible (QSFP-40G-SR4-S) 40G, QSFP+, 850nm, 150M Transceiver, MTP/MPO Connector for MMF with DOM","","","","",""
"QSFP-40G-SR4-NET","Netgear Compatible 40G, QSFP+, 850nm, 150M Transceiver, MTP/MPO Connector for MMF with DOM","","","","",""
"QSFP28-CWDM4S-JUN","Juniper compatible 100G QSFP28 CWDM4 (1271-1331) up to 2KM for SMF with LC connectors and DOM","","","","",""
"QSFP28-ER4-DEL","Dell Compatible 100G, QSFP28, 1310nm, 40KM Transceiver, LC Connector for SMF","","","","",""
"QSFP28-LR4-JUN","Juniper compatible (JNP-QSFP-100G-LR4), 100G, QSFP28, 1310nm, 10KM Transceiver, LC Connector for SMF with DOM","","","","",""
"QSFP28-LRS-HP","HP / Aruba compatible 100G, QSFP28, 1310nm, 2KM Transceiver, LC Connector for SMF","","","","",""
"QSFP28-SR4-DEL","Dell compatible 100G QSFP28 Transceiver, 850nm, Reach up to 100M, MTP/MPO Connector for MMF","","","","",""
"QSFP28-SR4-NET","Netgear compatible (QSFP-100G-SR4-S) 100G, QSFP28, 850nm, 100M Transceiver, MTP/MPO Connector for MMF with DOM","","","","",""
"QSFP28-SR4-PLU","Plusoptic 100G, QSFP28, 850nm, 100M Transceiver, MTP/MPO Connector for MMF with DOM","","","","",""
"QSFP4X10-SR4-JUN","Juniper compatible (QSFP4x10-SR4-JUN) 40G, QSFP+, 850nm, 400M Transceiver, MTP/MPO Connector for MMF with DOM","","","","",""
"QSFPDD-400G-FR4-ALC","Alcatel-Lucent Compatible (3HE15272AA) 400G QSFP-DD 1310nm Band up to 2KM 100G PAM-4 over duplex SMF with LC connectors and DOM","","","","",""
"QSFPDD-400G-FR4-CIS","Cisco Compatible (QDD-400G-FR4-S=) 400G QSFP-DD PAM4 1310nm Band up to 2KM 100G PAM-4 over duplex SMF with LC connectors and DOM","","","","",""
"QSFPDD-400G-FR4-DEL","DELL Compatible 400G QSFP-DD PAM4 1310nm Band up to 2KM 100G PAM-4 over duplex SMF with LC connectors and DOM","","","","",""
"QSFPDD-400G-FR4-PLU","Plusoptic 400G QSFP-DD PAM4 1310nm Band up to 2KM 100G PAM-4 over duplex SMF with LC connectors and DOM","","","","",""
"SCA-LC-OS1-3M-DX","PlusOptic OS1 Fibre Optic Patch Lead with SCA (ANGLED) - LC(UPC) Connectors, 3M length, 3mm Jacket, Duplex Singlemode Cable","","","","",""
"SFP-100FE-FX-CIS","Cisco compatible (GLC-FE-100FX) 100Mbps, 100Base SFP, 1310nm, 2KM Transceiver, LC Connector for MMF with DOM","","","","",""
"SFP-100FE-FX-ETH","Etherwan Compatible, GLC-FE-100FX 100Mbps, 100Base SFP, 1310nm, 2KM Transceiver, LC Connector for MMF fibre with DDMI","","","","",""
"SFP-100FE-FX-EXT","Extreme compatible (10063), 100Mbps, 100Base SFP, 1310nm, 2KM Transceiver, LC Connector for MMF","","","","",""
"SFP-100FE-FX-H3C","HP / H3C compatible (JD102B) 100Mbps, 100Base SFP, 1310nm, 2KM Transceiver, LC Connector for MMF with DOM","","","","",""
"SFP-100FE-FX-JUN","Juniper compatible (EX-SFP-1FE-FX), 100Mbps, 100Base SFP, 1310nm, 2KM Transceiver, LC Connector for MMF with DDMI","","","","",""
"SFP-100FE-FX-MOX","Moxa Compatible, (SFP-100FX-MOXA), 100Mbps, 100Base SFP, 1310nm, 2KM Transceiver, LC Connector for MMF fibre with DDMI","","","","",""
"SFP-100FE-FX-WESI","Westermo compatible 100Mbps, 100Base SFP, 1310nm, 2KM Transceiver, LC Connector for MMF with DDMI | Industrial temperature rated","","","","",""
"SFP-100FE-LX-PLU","Plusoptic (SFP-100FE-LX-PLU) 100Mbps, 100Base SFP, 1310nm, 10KM Transceiver, LC Connector for SMF with DOM","","","","",""
"SFP-100FE-LX-RUGI","Ruggedcom Compatible 100Base SFP, 1310nm, 10KM Transceiver, LC Connector for SMF with DDMI. Industrial Temperature Rated","","","","",""
"SFP-100FE-LX20-RUGI","Ruggedcom Compatible 100Mbps, 100Base SFP, 1310nm, 20KM Transceiver, LC Connector for SMF with DDMI, Industrial Temperature rated. SFP-100FE-LX20-RUG","","","","",""
"SFP-10G-ER-BRO","Brocade compatible (10G-SFPP-ER) 10G, SFP+, 1550nm, 40KM Transceiver, LC Connector for SMF with DOM","","","","",""
"SFP-10G-ER-JUN","Plusoptic | SFP-10G-ER-JUN | Juniper compatible (EX-SFP-10GE-ER QFX-SFP-10GE-ER SFPP-10GE-ER) 10G, SFP+, 1550nm, 40KM Transceiver, LC Connector for SMF with DOM","","","","",""
"SFP-10G-ER-PLU","Plusoptic | SFP-10G-ER-PLU | Plusoptic 10G, SFP+, 1550nm, 40KM Transceiver, LC Connector for SMF with DOM","","","","",""
"SFP-10G-LR-ALL","Allied Telesis compatible (AT-SP10LR, AT-SP10LR/I) 10G, SFP+, 1310nm, 10KM Transceiver, LC Connector for SMF with DOM","","","","",""
"SFP-10G-LR-ARI","Arista compatible (SFP-10G-LRL) 10G, SFP+, 1310nm, 10KM Transceiver, LC Connector for SMF with DOM","","","","",""
"SFP-10G-LR-BLA","HP Blade compatible (455886-B21) 10G, SFP+, 1310nm, 10KM Transceiver, LC Connector for SMF with DOM","","","","",""
"SFP-10G-LR-BRO","Brocade compatible (10G-SFPP-LR 10G-SFPP-LR-8 XBR-000217 XBR-000182) 10G, SFP+, 1310nm, 10KM Transceiver, LC Connector for SMF with DOM","","","","",""
"SFP-10G-LR-DLI","D-Link compatible (DEM-432XT-DD DEM-432XT) 10G, SFP+, 1310nm, 10KM Transceiver, LC Connector for SMF with DOM","","","","",""
"SFP-10G-LR-EXT","Extreme compatible (10302 10GB-LRLX-SFPP 10GB-LR-SFPP 10GB-LR-SFPP-G 10G-SFP-LR 10G-SFP-LR-S) 10G, SFP+, 1310nm, 10KM Transceiver, LC Connector for SMF with DOM","","","","",""
"SFP-10G-LR-F5N","F5 Networks compatible (F5UPGSFP+LRR) 10G, SFP+, 1310nm, 10KM Transceiver, LC Connector for SMF with DOM","","","","",""
"SFP-10G-LR-FIN","Finisar compatible (FTLX1471D3BCL, FTLX1471D3BCV, FTLX1471D3BNL, FTLX1471D3BTL, FTLX1472M3BCL) 10G, SFP+, 1310nm, 10KM Transceiver, LC Connector for SMF with DOM","","","","",""
"SFP-10G-LR-HUA","Huawei compatible (0231A0A7 0231A0A8) 10G, SFP+, 1310nm, 10KM Transceiver, LC Connector for SMF with DOM","","","","",""
"SFP-10G-LR-INT","Intel compatible 10G, SFP+, 1310nm, 10KM Transceiver, LC Connector for SMF with DOM","","","","",""
"SFP-10G-LR-NET","Netgear compatible (AXM762 AXM764) 10G, SFP+, 1310nm, 10KM Transceiver, LC Connector for SMF with DOM","","","","",""
"SFP-10G-LR-PAL","Palo Alto compatible 10G, SFP+, 1310nm, 10KM Transceiver, LC Connector for SMF with DOM","","","","",""
"SFP-10G-LRM-DEL","Dell compatible (330-2403) 10G, SFP+, 1310nm, 220M Transceiver, LC Connector for MMF with DOM","","","","",""
"SFP-10G-LRM-JUN","Juniper compatible (EX-SFP-10GE-LRM SFPP-10GE-LRM) 10G, SFP+, 1310nm, 220M Transceiver, LC Connector for MMF with DOM","","","","",""
"SFP-10G-LRMS-JUN","Juniper compatible 10G, SFP+, 1310nm, 2KM Transceiver, LC Connector for SMF with DOM","","","","",""
"SFP-10G-LRMS-PAL","Palo Alto compatible 10G, SFP+, 1310nm, 2KM Transceiver, LC Connector for SMF with DOM","","","","",""
"SFP-10G-SR-ARI","Arista compatible (SFP-10G-SRL) 10G, SFP+, 850nm, 300M Transceiver, LC Connector for MMF with DOM","","","","",""
"SFP-10G-SR-BLA","HP Blade compatible (455883-B21) 10G, SFP+, 850nm, 300M Transceiver, LC Connector for MMF with DOM","","","","",""
"SFP-10G-SR-BRO","Brocade compatible (10G-SFPP-SR 10G-SFPP-SR-8 10G-SFPP-USR 49Y4216 XBR-000218 XBR-000180) 10G, SFP+, 850nm, 300M Transceiver, LC Connector for MMF with DOM","","","","",""
"SFP-10G-SR-DEL","Dell compatible (330-2405 407-10356) 10G, SFP+, 850nm, 300M Transceiver, LC Connector for MMF with DOM","","","","",""
"SFP-10G-SR-DLI","D-Link compatible (DEM-431XT-DD DEM-431XT) 10G, SFP+, 850nm, 300M Transceiver, LC Connector for MMF with DOM","","","","",""
"SFP-10G-SR-EXT","Extreme compatible (10301 10GB-SR-SFPP 10GB-SR-SFPP-G 10GB-SRSX-SFPP 10GB-USR-48PK 10GB-USR-SFPP 10G-SFP-USR 10G-SFP-SR 10G-SFP-SR-S) 10G, SFP+, 850nm, 300M Transceiver, LC Connector for MMF with DOM","","","","",""
"SFP-10G-SR-EXTI","Extreme compatible (SFP-10G-SR-EXTi) 10G, SFP+, 850nm, 300M Transceiver, LC Connector for MMF with DOM","","","","",""
"SFP-10G-SR-F5N","F5 Networks Compatible (F5UPGSFP+R) 10G, SFP+, 850nm, 300M Transceiver, LC Connector for MMF with DOM","","","","",""
"SFP-10G-SR-INT","Intel compatible (E10GSFPSR) 10G, SFP+, 850nm, 300M Transceiver, LC Connector for MMF with DOM","","","","",""
"SFP-10G-SR-NET","Netgear compatible (AXM761 AXM761-10000S) 10G, SFP+, 850nm, 300M Transceiver, LC Connector for MMF with DOM","","","","",""
"SFP-10G-T-DEL","Dell compatible (GP-10GSFP-T) 10G, Copper SFP+, 30M Transceiver, RJ-45 Connector for Copper - CAT6","","","","",""
"SFP-10G-T-H3C","HP / H3C compatible 10G, Copper SFP+, 30M Transceiver, RJ-45 Connector for Copper - Cat 6","","","","",""
"SFP-10G-T-JUN","Juniper compatible (EX-SFP-10GE-T) 10G, Copper SFP+, 30M Transceiver, RJ-45 Connector for Copper - CAT6","","","","",""
"SFP-10G-ZR-BRO","Brocade compatible (10G-SFPP-ZR) 10G, SFP+, 1550nm, 80KM Transceiver, LC Connector for SMF with DOM","","","","",""
"SFP-10G-ZR-CIS","Cisco compatible (SFP-10G-ZR SFP-10G-ZR-S) 10G, SFP+, 1550nm, 80KM Transceiver, LC Connector for SMF with DOM","","","","",""
"SFP-10G-ZR-EXT","Extreme compatible (10310, 10GB-ZR-SFPP, 10G-SFP-ZR), 10G, SFP+, 1550nm, 80KM Transceiver, LC Connector for SMF with DOM","","","","",""
"SFP-10G-ZR-JUN","Juniper compatible (QFX-SFP-10GE-ZR SFPP-10GE-ZR) 10G, SFP+, 1550nm, 80KM Transceiver, LC Connector for SMF with DOM","","","","",""
"SFP-1G-2KM-EXTI","Extreme compatible 1.25G, SFP, 1310nm, 2KM Transceiver, LC Connector for MMF with DOM | Industrial temperature rated","","","","",""
"SFP-1G-EX-DEL","Dell compatible 1.25G, SFP, 1310nm, 40KM Transceiver, LC Connector for SMF with DOM","","","","",""
"SFP-1G-EX-JUN","Juniper compatible (EX-SFP-1GE-LX40K SFP-GE40KM) 1.25G, SFP, 1310nm, 40KM Transceiver, LC Connector for SMF with DOM","","","","",""
"SFP-1G-EX-RUG","RUGGEDCOM compatible 1.25G, SFP, 1310nm, 40KM Transceiver, LC Connector for SMF with DDMI","","","","",""
"SFP-1G-EX-RUGI","RUGGEDCOM compatible 1.25G, SFP, 1310nm, 40KM Transceiver, LC Connector for SMF with DOM | Industrial temperature rated","","","","",""
"SFP-1G-LX-3CO","3COM compatible (3CSFP82, 3CSFP92, 3CSFP9-82), 1.25G, SFP, 1310nm, 10KM Transceiver, LC Connector for SMF with DDMI","","","","",""
"SFP-1G-LX-ARI","Arista compatible 1.25G, SFP, 1310nm, 10KM Transceiver, LC Connector for SMF with DOM","","","","",""
"SFP-1G-LX-BRO","Brocade compatible (200E-XBR-000083 E1MG-LX-OM) 1.25G, SFP, 1310nm, 10KM Transceiver, LC Connector for SMF with DOM","","","","",""
"SFP-1G-LX-DEL","Dell compatible (320-2879 407-10436 790-10071) 1.25G, SFP, 1310nm, 10KM Transceiver, LC Connector for SMF with DOM","","","","",""
"SFP-1G-LX-ERI","Ericsson compatible 1.25G, SFP, 1310nm, 10KM Transceiver, LC Connector for SMF with DOM","","","","",""
"SFP-1G-LX-F10","Force10 compatible (GP-SFP2-1Y), 1.25G, SFP, 1310nm, 10KM Transceiver, LC Connector for SMF with DDMI","","","","",""
"SFP-1G-LX-H3C","HP / H3C compatible (JD119B JD494A) 1.25G, SFP, 1310nm, 10KM Transceiver, LC Connector for SMF with DOM","","","","",""
"SFP-1G-LX-HUA","Huawei compatible (0231A563 SFP GE-LX-SM1310 SFP-1.25G-LX10 SFP-GE-LX-SM1310) 1.25G, SFP, 1310nm, 10KM Transceiver, LC Connector for SMF with DOM","","","","",""
"SFP-1G-LX-JUN","Juniper compatible (EX-SFP-1GE-LX QFX-SFP-1GE-LX SFP-1GE-LX SRX-SFP-1GE-LX) 1.25G, SFP, 1310nm, 10KM Transceiver, LC Connector for SMF with DOM","","","","",""
"SFP-1G-LX-LIN","Linksys compatible (MGBLX1) 1.25G, SFP, 1310nm, 10KM Transceiver, LC Connector for SMF with DOM","","","","",""
"SFP-1G-LX-MCA","McAfee compatible 1.25G, SFP, 1310nm, 10KM Transceiver, LC Connector for SMF with DOM","","","","",""
"SFP-1G-LX-MEL","Mellanox compatible 1.25G, SFP, 1310nm, 10KM Transceiver, LC Connector for SMF with DOM","","","","",""
"SFP-1G-LX-NET","Netgear compatible (AGM722F AGM732F) 1.25G, SFP, 1310nm, 10KM Transceiver, LC Connector for SMF with DOM","","","","",""
"SFP-1G-LX-PAL","Palo Alto compatible 1.25G, SFP, 1310nm, 10KM Transceiver, LC Connector for SMF with DOM","","","","",""
"SFP-1G-LXS-PAL","Palo Alto compatible 1.25G, SFP, 1310nm, 2KM Transceiver, LC Connector for SMF with DOM","","","","",""
"SFP-1G-SX-ADT","Adtran compatible (12004800 1184561P3 1200480L1 1200482G1) 1.25G, SFP, 850nm, 550M Transceiver, LC Connector for MMF with DOM","","","","",""
"SFP-1G-SX-ALL","Allied Telesis compatible (AT-SPSX AT-SPSX/I) 1.25G, SFP, 850nm, 550M Transceiver, LC Connector for MMF with DOM","","","","",""
"SFP-1G-SX-BRO","Brocade compatible (200E-XBR-000081 200E-XBR-000082 200E-XBR-000802 E1MG-SX-OM XBR-000075 XBR-000076) 1.25G, SFP, 850nm, 550M Transceiver, LC Connector for MMF with DOM","","","","",""
"SFP-1G-SX-CIS.TAA","Cisco compatible 1.25G, SFP, 850nm, 550M Transceiver, LC Connector for MMF with DOM | TAA compliance","","","","",""
"SFP-1G-SX-CISI","Cisco compatible (GLC-SX-MM-RGD) 1.25G, SFP, 850nm, 550M Transceiver, LC Connector for MMF with DOM | Industrial temperature rated","","","","",""
"SFP-1G-SX-DEL","Dell compatible (320-2801 320-2881 407-10435 790-10070 SFP-1G-LX) 1.25G, SFP, 850nm, 550M Transceiver, LC Connector for MMF with DOM","","","","",""
"SFP-1G-SX-EXT","Extreme compatible (10051 10051H MGBIC-LC01 MGBIC-LC01-G 1G-SFP-SX-OM) 1.25G, SFP, 850nm, 550M Transceiver, LC Connector for MMF with DOM","","","","",""
"SFP-1G-SX-EXTI","Extreme compatible (SFP-1G-SX-EXTi) 1.25G, SFP, 850nm, 550M Transceiver, LC Connector for MMF with DOM | Industrial temperature rated","","","","",""
"SFP-1G-SX-FOR","Fortinet compatible SFP-1G-SX-FOR (FN-TRAN-SX) 1GE, 850nm, 500M Transceiver, LC Connector for MMF with DOM","","","","",""
"SFP-1G-SX-H3C","HP / H3C compatible (JD118B JD493A) 1.25G, SFP, 850nm, 550M Transceiver, LC Connector for MMF with DOM","","","","",""
"SFP-1G-SX-HPB","HP & HPB Compatible, (453151-B21, 44027-B21) 1.25G, SFP, 850nm, 550M Transceiver, LC Connector for MMF fibre with DDMI","","","","",""
"SFP-1G-SX-INT","Intel compatible 1.25G, SFP, 850nm, 550M Transceiver, LC Connector for MMF with DDMI","","","","",""
"SFP-1G-SX-JUN","Juniper compatible (EX-SFP-1GE-SX QFX-SFP-1GE-SX SFP-1GE-SX SRX-SFP-1GE-SX) 1.25G, SFP, 850nm, 550M Transceiver, LC Connector for MMF with DOM","","","","",""
"SFP-1G-SX-LIN","Linksys compatible (MGBSX1 MGBZX1) 1.25G, SFP, 850nm, 550M Transceiver, LC Connector for MMF with DOM","","","","",""
"SFP-1G-SX-MEL","Mellanox compatible 1.25G, SFP, 850nm, 550M Transceiver, LC Connector for MMF with DOM","","","","",""
"SFP-1G-SX-MER","Meraki compatible (MA-SFP-1GB-SX) 1.25G, SFP, 850nm, 550M Transceiver, LC Connector for MMF with DOM","","","","",""
"SFP-1G-SX-NET","Netgear compatible (AGM721F AGM731F) 1.25G, SFP, 850nm, 550M Transceiver, LC Connector for MMF with DOM","","","","",""
"SFP-1G-SX-PAL","Palo Alto compatible 1.25G, SFP, 850nm, 550M Transceiver, LC Connector for MMF with DDMI","","","","",""
"SFP-1G-SX3-CIS","Cisco compatible (GLC-SX-MM GLC-SX-MMD ONS-SC-GE-SX SFP-GE-S) 1.25G, SFP, 850nm, 300M Transceiver, LC Connector for MMF with DOM","","","","",""
"SFP-1G-ZX-CIS","Cisco compatible (GLC-ZX-SM GLC-ZX-SMD ONS-SE-GE-ZX SFP-GE-Z) 1.25G, SFP, 1550nm, 80KM Transceiver, LC Connector for SMF with DOM","","","","",""
"SFP-1G-ZX-DEL","Dell compatible 1.25G, SFP, 1550nm, 80KM Transceiver, LC Connector for SMF with DOM","","","","",""
"SFP-1G-ZX-JUN","Juniper compatible (EX-SFP-1GE-LH RX-70KM-SFP SFP-1GE-LH SRX-SFP-1GE-LH) 1.25G, SFP, 1550nm, 80KM Transceiver, LC Connector for SMF with DOM","","","","",""
"SFP-FC-16G-35M-PLU","Plusoptic 16G, Fibre Channel SFP+, 850nm, 100M Transceiver, LC Connector for MMF with DDMI","","","","",""
"SFP-FC-2G-550M-PLU","Plusoptic 2.125G, Fibre Channel SFP, 850nm, 550M Transceiver, LC Connector for MMF fibre with DDMI","","","","",""
"SFP-FC-8.5G-300M-HP","HP Compatible (AJ716A , AJ718A), 8.5G, Fibre Channel SFP+, 850nm, 300M Transceiver, LC Connector for MMF with DDMI","","","","",""
"SFP-T-ALL","Allied Telesis compatible (AT-SPTX) 1000Mbps, Copper SFP, 100M Transceiver, RJ-45 Connector for Copper","","","","",""
"SFP-T-BRO","Brocade compatible (E1MG-TX-B XBR-000190) 1000Mbps, Copper SFP, 100M Transceiver, RJ-45 Connector for Copper","","","","",""
"SFP-T-CISI","Cisco compatible (GLC-TE-I) 1.25G, Copper SFP, 100M Transceiver, RJ-45 Connector for Copper | Industrial temperature rated","","","","",""
"SFP-T-DEL","Dell compatible (310-7225 SFP-1G-T) 1000Mbps, Copper SFP, 100M Transceiver, RJ-45 Connector for Copper","","","","",""
"SFP-T-FIN","Finisar compatible (FCLF-8520-3, FCLF-8521-3), 1000Mbps, Copper SFP, 100M Transceiver, RJ-45 Connector for Copper","","","","",""
"SFP-T-FOR","Fortinet compatible (FG-TRAN-GC), 1000Mbps, Copper SFP, 100M Transceiver, RJ-45 Connector for Copper","","","","",""
"SFP-T-GFE-DEL","Dell compatible 10/100/1000Mbps, Copper SFP, 100M Transceiver, RJ-45 Connector for Copper","","","","",""
"SFP-T-GFE-H3C","HP / H3C compatible 10/100/1000Mbps, Copper SFP, 100M Transceiver, RJ-45 Connector for Copper","","","","",""
"SFP-T-GFE-HUA","Huawei compatible 10/100/1000Mbps, Copper SFP, 100M Transceiver, RJ-45 Connector for Copper","","","","",""
"SFP-T-GFE-MEL","Mellanox compatible 10/100/1000Mbps, Copper SFP, 100M Transceiver, RJ-45 Connector for Copper","","","","",""
"SFP-T-GFE-MER","Meraki compatible 10/100/1000Mbps, Copper SFP, 100M Transceiver, RJ-45 Connector for Copper","","","","",""
"SFP-T-GFE-PLU","Plusoptic 10/100/1000Mbps, Copper SFP, 100M Transceiver, RJ-45 Connector for Copper","","","","",""
"SFP-T-MER","Meraki compatible (MA-SFP-1GB-TX) 1000Mbps, Copper SFP, 100M Transceiver, RJ-45 Connector for Copper","","","","",""
"SFP-T-MOX","Moxa compatible 1000Mbps, Copper SFP, 100M Transceiver, RJ-45 Connector for Copper","","","","",""
"SFP-T-MOXI","Moxa Compatible 1.25G, Copper SFP, 100M Transceiver, RJ-45 Connector for Copper | Industrial temperature rated","","","","",""
"SFP-T-NET","Netgear compatible (AGM721T AGM734) 1000Mbps, Copper SFP, 100M Transceiver, RJ-45 Connector for Copper","","","","",""
"SFP-T-NOK","Nokia compatible 1000Mbps, Copper SFP, 100M Transceiver, RJ-45 Connector for Copper","","","","",""
"SFP-T-RUG","Ruggedcom Compatible 1000Mbps, Copper SFP, 100M Transceiver, RJ-45 Connector for Copper","","","","",""
"SFP-T-RUGI","RUGGEDCOM compatible 1.25G, Copper SFP, 100M Transceiver, RJ-45 Connector for Copper | Industrial temperature rated","","","","",""
"SFP100FELX20-CISI","Cisco compatible 100Base SFP 100Mbps Transceiver for SMF with a reach of 20KM. Fully compliant with Cisco | Industrial temperature rated","","","","",""
"SFP28-SR-JUN","Juniper compatible 25G, SFP28, 850nm, 100M Transceiver, LC Connector for MMF with DOM","","","","",""
"SFP28-SR-NET","Netgear Compatible 25G, SFP28, 850nm, 100M Transceiver, LC Connector for MMF with DOM","","","","",""
"SFPFC-16G-LR-BRO","Brocade compatible (XBR-000198) 16G, Fibre Channel SFP+, 1310nm, 10KM Transceiver, LC Connector for SMF with DOM","","","","",""
"SFPFC-8G-LR-BRO","Brocade compatible (XBR-000153), 8G Fibre Channel SFP+, 1310nm, 10KM Transceiver, LC Connector for SMF with DOM","","","","",""
"SFPFC-8G-SR-CIS","Cisco compatible (DS-SFP-FC8G-SW DS-SFP-FC-8G-SW DS-SFP-FC8G-SW-4) 8G, Fibre Channel SFP+, 850nm, 300M Transceiver, LC Connector for MMF with DOM","","","","",""
"SFPFC-8G-SR-DEL","Dell compatible 8G, Fibre Channel SFP+, 850nm, 300M Transceiver, LC Connector for MMF with DOM","","","","",""
"SFPFC2-20-PLU","Plusoptic 2G, Fibre Channel SFP, 1310nm, 20KM Transceiver, LC Connector for SMF with DOM","","","","",""
"SFPFC2-550M-PLU","Plusoptic 2G, Fibre Channel SFP, 850nm, 550M Transceiver, LC Connector for MMF with DOM","","","","",""
"SFPFC4-2-PLU","Plusoptic 4.25G, Fibre Channel SFP, 1310nm, 2KM Transceiver, LC Connector for SMF with DOM","","","","",""
"SG.ST16000NM002H","Seagate | ST16000NM002H | 16TB Exos X18 SATA HDD 256MB 7200RPM","","","","",""
"TT.BAT120","Teltonika | BAT120 | Two 4 Pin DC ports Power Supply, DIN rail and surface mounting options - 6hrs Runtime at Full Load","","","","",""
"TT.RUTM30","Teltonika | RUTM30 | Compact Dual SIM & eSIM Industrial 5G Gigabit Router","","","","",""
"TT.RUTM31","Teltonika | RUTM31 | Dual SIM Industrial 5G Gigabit Router","","","","",""
"TT.RUTM51","Teltonika | RUTM51 | Dual SIM Industrial 5G Gigabit Router","","","","",""
"TT.RUTM54","Teltonika | RUTM54 | Dual SIM & eSIM Industrial 5G Gigabit Router with Telit Modem","","","","",""
"TT.RUTM55","Teltonika | RUTM55 | Dual SIM & eSIM Industrial 5G Gigabit Router","","","","",""
"TT.RUTX12","Teltonika | RUTX12 | Industrial Dual Modem and Dual Sim 4G LTE-A CAT6 Cellular IoT Router","","","","",""
"TT.TRB141","Teltonika | TRB141 | Industrial I/O to 4G LTE Cat 1 IoT Gateway","","","","",""
"TT.TSF010","Teltonika | TSF010 | 5 Port Industrial DIN Rail Unmanaged Flat Ethernet Switch ** PSU not included **","","","","",""
"UB.EAH.8","Ubiquiti | EAH-8 | UniFi Enterprise Access Hub, Entry/Exit Control to 8 Doors, Battery Backup Support, Lock terminals","","","","",""
"UB.UA.G3.INTERCOM","Ubiquiti | UA-G3-Intercom | Indoor/Outdoor Intercom Terminal For Managing Residential & Commercial Building Entry Requests With Touch Pass Support","","","","",""
"UB.UC.CAST","Ubiquiti | UC-Cast | UniFi Display Cast | Instantly transform TV display to managed digital signage","","","","",""
"UB.UISP.S","Ubiquiti | UISP Switch | UISP-S | 8 Port GbE Switch w/ 27V Passive PoE, For MicroPoP Applications, 110W PoE Budget, Fanless, Layer 2 Switching","","","","",""
"UB.USW.PRO.XG.48POE","Ubiquiti | USW-Pro-XG-48-PoE | UniFi 48 Port (32x 10G PoE+++, 16x 2.5G PoE+++) Layer 3 Etherlighting Switch, with 4x 25G SFP28 Ports","","","","",""
"UB.UVC.G4.PRO.3","Ubiquiti UniFi Video Camera G4 PRO with IR and 4K | UVC-G4-PRO PACK OF 3","","","","",""
"UB.UVC.UNVR.G2.PRO","Ubiquiti | UNVR-G2-Pro | UniFi Protect Network Video Recorder Pro 8 Bay Network G2, 2RU","","","","",""
"UB.UXG.PRO","Ubiquiti UniFi UXG-PRO | Next-generation Gateway Pro, Dual-WAN Security Gateway, For Medium-Large Sized Networks, For Use With UCK-G2-PLUS","","","","",""
"UB.WAVE.PRO","Ubiquiti | Wave-Pro | UISP Wave Professional High-capacity 60GHz + 5GHz PTMP, supports long-distance PtP (bridge) and PtMP links, 1x 2.5G Port, 1x 10G SFP+ Port","","","","",""
"US-ADD-090-030-240","Heavy Duty Storage Shelving 2400H x 900W x 300D Extension Kit","","","","",""
"US-ADD-090-030-270","Heavy Duty Storage Shelving 2700H x 900W x 300D Extension Kit","","","","",""
"US-ADD-120-030-240","Heavy Duty Storage Shelving 2400H x 1200W x 300D Extension Kit","","","","",""
"US-ADD-120-030-270","Heavy Duty Storage Shelving 2700H x 1200W x 300D Extension Kit","","","","",""
"US-ADD-150-030-240","Heavy Duty Storage Shelving 2400H x 1500W x 300D Extension Kit","","","","",""
"US-ADD-150-030-270","Heavy Duty Storage Shelving 2700H x 1500W x 300D Extension Kit","","","","",""
"US-ADD-200-030-240","Heavy Duty Storage Shelving 2400H x 2000W x 300D Extension Kit","","","","",""
"US-ADD-200-030-270","Heavy Duty Storage Shelving 2700H x 2000W x 300D Extension Kit","","","","",""
"US-BENCH1M60-K","Metal Work Bench 900H x 1000W x 600D","","","","",""
"US-COMP-T-1500","Space Maximiser 1.5M Track","","","","",""
"VIGI.C440.28","TP-Link | VIGI C440 (2.8mm) | 4MP Full-Colour Turret Network Camera","","","","",""
"VIGI.C440.40","TP-Link | VIGI C440 (4mm) | 4MP Full-Colour Turret Network Camera","","","","",""
"VIGI.NVR4016H","VIGI 16 Channel Network Video Recorder","","","","",""
"VIGI.NVR4032H","VIGI 32 Channel Network Video Recorder","","","","",""
"VIGI.NVR4064H","VIGI 64 Channel Network Video Recorder","","","","",""
"VIGI.S245ZI","VIGI 4MP IR Motorised Varifocal Dome Network Camera","","","","",""
"VIGI.S285.4MM","VIGI 8MP Full-Colour Dome Network Camera","","","","",""
"VIGI.S345ZI","VIGI 4MP IR Motorised Varifocal Turret Network Camera","","","","",""
"VIGI.S445ZI","VIGI 4MP Outdoor IR Motorised Varifocal Bullet Network Camera","","","","",""
"VIGI.S485.4MM","VIGI 8MP Full-Color Turret Network Camera","","","","",""
"VIGI.SP18090","VIGI Intelligent Solar Power Supply System","","","","",""
"XFP-10G-LR-ALC","Alcatel-Lucent compatible (3HE00564AA XFP-10G-LR) 10G, XFP, 1310nm, 10KM Transceiver, LC Connector for SMF with DOM","","","","",""
"XFP-10G-LRM-CIE","Ciena compatible 10G, XFP, 1310nm, 220M Transceiver, LC Connector for MMF","","","","",""
"XFP-10G-SR-JUN","Juniper compatible (EX-XFP-10GE-SR NS-SYS-GBIC-MXSR SRX-XFP-10GE-SR XFP-10G-S) 10G, XFP, 850nm, 300M Transceiver, LC Connector for MMF with DOM","","","","",""
"ZADD-090-030-200","Heavy Duty Storage Shelving 2000H x 900W x 300D Extension Kit","","","","",""
"ZADD-090-060-200","Heavy Duty Storage Shelving 2000H x 900W x 600D Extension Kit","","","","",""
"ZADD-090-060-240","Heavy Duty Storage Shelving 2400H x 900W x 600D Extension Kit","","","","",""
"ZADD-120-060-200","Heavy Duty Storage Shelving 2000H x 1200W x 600D Extension Kit","","","","",""
"ZADD-120-060-240","Heavy Duty Storage Shelving 2400H x 1200W x 600D Extension Kit","","","","",""
"ZADD-120-060-270","Heavy Duty Storage Shelving 2700H x 1200W x 600D Extension Kit","","","","",""
"ZADD-150-030-200","Heavy Duty Storage Shelving 2000H x 1500W x 300D Extension Kit","","","","",""
"ZADD-150-030-240","Heavy Duty Storage Shelving 2400H x 1500W x 300D Extension Kit","","","","",""
"ZADD-150-030-270","Heavy Duty Storage Shelving 2700H x 1500W x 300D Extension Kit","","","","",""
"ZADD-150-060-200","Heavy Duty Storage Shelving 2000H x 1500W x 600D Extension Kit","","","","",""
"ZADD-150-060-240","Heavy Duty Storage Shelving 2400H x 1500W x 600D Extension Kit","","","","",""
"ZADD-150-060-270","Heavy Duty Storage Shelving 2700H x 1500W x 600D Extension Kit","","","","",""
"ZADD-200-030-200","Heavy Duty Storage Shelving 2000H x 2000W x 300D Extension Kit","","","","",""
"ZADD-200-060-200","Heavy Duty Storage Shelving 2000H x 2000W x 600D Extension Kit","","","","",""
"ZADD-200-060-240","Heavy Duty Storage Shelving 2400H x 2000W x 600D Extension Kit","","","","",""
"ZADD-200-060-270","Heavy Duty Storage Shelving 2700H x 2000W x 600D Extension Kit","","","","",""
"ZBENCH2M60-K","Metal Work Bench 900H x 2000W x 600D","","","","",""
"ZKIT-090-060-200","Heavy Duty Storage Shelving 2000H x 900W x 600D","","","","",""
"ZKIT-1000-060-200","Heavy Duty Storage Shelving 2000H x 10000W x 600D","","","","",""
"ZKIT-1000-060-240","Heavy Duty Storage Shelving 2400H x 10000W x 600D","","","","",""
"ZKIT-1000-060-270","Heavy Duty Storage Shelving 2700H x 10000W x 600D","","","","",""
"ZKIT-120-060-200","Heavy Duty Storage Shelving 2000H x 1200W x 600D","","","","",""
"ZKIT-120-060-240","Heavy Duty Storage Shelving 2400H x 1200W x 600D","","","","",""
"ZKIT-120-060-270","Heavy Duty Storage Shelving 2700H x 1200W x 600D","","","","",""
"ZKIT-1200-060-200","Heavy Duty Storage Shelving 2000H x 12000W x 600D","","","","",""
"ZKIT-1200-060-240","Heavy Duty Storage Shelving 2400H x 12000W x 600D","","","","",""
"ZKIT-1200-060-270","Heavy Duty Storage Shelving 2700H x 12000W x 600D","","","","",""
"ZKIT-1400-060-200","Heavy Duty Storage Shelving 2000H x 14000W x 600D","","","","",""
"ZKIT-1400-060-240","Heavy Duty Storage Shelving 2400H x 14000W x 600D","","","","",""
"ZKIT-1400-060-270","Heavy Duty Storage Shelving 2700H x 14000W x 600D","","","","",""
"ZKIT-150-030-200","Heavy Duty Storage Shelving 2000H x 1500W x 300D","","","","",""
"ZKIT-150-030-240","Heavy Duty Storage Shelving 2400H x 1500W x 300D","","","","",""
"ZKIT-150-030-270","Heavy Duty Storage Shelving 2700H x 1500W x 300D","","","","",""
"ZKIT-150-060-200","Heavy Duty Storage Shelving 2000H x 1500W x 600D","","","","",""
"ZKIT-150-060-240","Heavy Duty Storage Shelving 2400H x 1500W x 600D","","","","",""
"ZKIT-150-060-270","Heavy Duty Storage Shelving 2700H x 1500W x 600D","","","","",""
"ZKIT-1600-060-200","Heavy Duty Storage Shelving 2000H x 16000W x 600D","","","","",""
"ZKIT-1600-060-240","Heavy Duty Storage Shelving 2400H x 16000W x 600D","","","","",""
"ZKIT-1600-060-270","Heavy Duty Storage Shelving 2700H x 16000W x 600D","","","","",""
"ZKIT-1800-060-200","Heavy Duty Storage Shelving 2000H x 18000W x 600D","","","","",""
"ZKIT-1800-060-240","Heavy Duty Storage Shelving 2400H x 18000W x 600D","","","","",""
"ZKIT-1800-060-270","Heavy Duty Storage Shelving 2700H x 18000W x 600D","","","","",""
"ZKIT-200-030-200","Heavy Duty Storage Shelving 2000H x 2000W x 300D","","","","",""
"ZKIT-200-050-200","Metal Shelving 2000H x 2000W x 500D","","","","",""
"ZKIT-200-060-200","Heavy Duty Storage Shelving 2000H x 2000W x 600D","","","","",""
"ZKIT-200-060-240","Heavy Duty Storage Shelving 2400H x 2000W x 600D","","","","",""
"ZKIT-200-060-270","Heavy Duty Storage Shelving 2700H x 2000W x 600D","","","","",""
"ZKIT-2000-060-200","Heavy Duty Storage Shelving 2000H x 20000W x 600D","","","","",""
"ZKIT-2000-060-240","Heavy Duty Storage Shelving 2400H x 20000W x 600D","","","","",""
"ZKIT-2000-060-270","Heavy Duty Storage Shelving 2700H x 20000W x 600D","","","","",""
"ZKIT-400-060-200","Heavy Duty Storage Shelving 2000H x 4000W x 600D","","","","",""
"ZKIT-400-060-240","Heavy Duty Storage Shelving 2400H x 4000W x 600D","","","","",""
"ZKIT-400-060-270","Heavy Duty Storage Shelving 2700H x 4000W x 600D","","","","",""
"ZKIT-600-060-200","Heavy Duty Storage Shelving 2000H x 6000W x 600D","","","","",""
"ZKIT-600-060-240","Heavy Duty Storage Shelving 2400H x 6000W x 600D","","","","",""
"ZKIT-600-060-270","Heavy Duty Storage Shelving 2700H x 6000W x 600D","","","","",""
"ZKIT-800-060-200","Heavy Duty Storage Shelving 2000H x 8000W x 600D","","","","",""
"ZKIT-800-060-240","Heavy Duty Storage Shelving 2400H x 8000W x 600D","","","","",""
"ZKIT-800-060-270","Heavy Duty Storage Shelving 2700H x 8000W x 600D","","","","",""
"ZMKIT-090-060-200","Heavy Duty Mobile Shelving 2000H x 900W x 600D","","","","",""
"ZMKIT-090-060-240","Heavy Duty Mobile Shelving 2400H x 900W x 600D","","","","",""
"ZMKIT-090-060-270","Heavy Duty Mobile Shelving 2700H x 900W x 600D","","","","",""
"ZMKIT-120-060-200","Heavy Duty Mobile Shelving 2000H x 1200W x 600D","","","","",""
"ZMKIT-120-060-240","Heavy Duty Mobile Shelving 2400H x 1200W x 600D","","","","",""
"ZMKIT-120-060-270","Heavy Duty Mobile Shelving 2700H x 1200W x 600D","","","","",""
"ZMKIT-150-060-200","Heavy Duty Mobile Shelving 2000H x 1500W x 600D","","","","",""
"ZMKIT-150-060-240","Heavy Duty Mobile Shelving 2400H x 1500W x 600D","","","","",""
"ZMKIT-150-060-270","Heavy Duty Mobile Shelving 2700H x 1500W x 600D","","","","",""
"ZMKIT-200-060-200","Heavy Duty Mobile Shelving 2000H x 2000W x 600D","","","","",""
"ZMKIT-200-060-240","Heavy Duty Mobile Shelving 2400H x 2000W x 600D","","","","",""
"ZMKIT-200-060-270","Heavy Duty Mobile Shelving 2700H x 2000W x 600D","","","","",""
"ZSH-150-030","1.50m x 0.30m Shelves White Set of 8 (4 bays)","","","","",""
